identifier,fw_group,city_town,survey_title,date,property_owner,neighbors,streets,notes,background_notes,related_registry_doc,surveyor,publisher,surveyor_no,fw_ref,scale,latitude,longitude,form_genre,no_sheets,pieces,sides,dimensions_in,material,condition_notes,,,,,,,,,,,,,,,,,,,,,,,,,,,,,,,,,,,,,,,,,,,,,,,,,,,,,,,,,,,,,,,,,,,,,,,,,,,,,,,,,,,,,,,,,,,,,,,,,,,,
Perkins_W35_904,,"Boston, MA","Plan showing Proposed Improvement of Lots Nos. 49, 50, and 55",1882-04-01,"Boynton, Wm.; Eaton, J. H.; Healy, Wm. E.; Sprague, W. H. Brett, G. W.; Dyer, B. F.; Hamblin, F. H.; Jackson, C. E.; Jacobs, G. E.; Johnson, W.E; Parsons, H. A.; Russell, G. O.; ",,Huntington Parkway; Huntington Ave. Extension; Parker Street,"Subdivision plan showing lots no. 49, 50, 55; Lot no. 50 divided into lots no. 1 thru 9. Note indicates: ""With transfer of titles recorded at the registry to date.""",Extension of Huntington Ave.; Huntington Parkway now is Forsyth Way,,Fuller & Whitney,,904-798,,1 in = 50 ft,42.33939926,-71.0923,Survey Plan,1,,1,16 x 11,Blueprint,,,,,,,,,,,,,,,,,,,,,,,,,,,,,,,,,,,,,,,,,,,,,,,,,,,,,,,,,,,,,,,,,,,,,,,,,,,,,,,,,,,,,,,,,,,,,,,,,,,,,
Perkins_W35_905,Ivory Bean Lots,"Boston, MA",Plan showing Subdivision of Lot 610,1882-05-01,"Bacon, Amanda A.; Bean, Ivory; Hammond, Geo. F.; Howe, A. M. & al. Trs.; Martin, Jennie E.; Rhoades, Wm. W.; Smith, Geo. A.; Sweeney, Emma H.",Boston & Providence Railroad,Durham Street; St. Botolph Street; West Newton Street; unlabeled alleyway (Private Alley 454),"Subdivision plan showings lots numbered 1 through 27. Subtitle: ""according to a plan of Richards & Richards Arch & Recorded Suffolk Deeds Lib. 1541 Fol. 180. with additions showing owners names to date.""",See 969-982 and 975-988 for other lots belonging to Ivory Bean. Referenced deed in Suffolk County Registry contains a variant of plan by others showing the lands was deeded to Bean 10/1881.,Suffolk Unindexed Plan Bk/Pg 1541/180,Fuller & Whitney,,905-799,610,[1 in = 20 ft],42.344254,-71.0808,Survey Plan,1,,1,14 X 16,Blueprint,Damaged binding.,,,,,,,,,,,,,,,,,,,,,,,,,,,,,,,,,,,,,,,,,,,,,,,,,,,,,,,,,,,,,,,,,,,,,,,,,,,,,,,,,,,,,,,,,,,,,,,,,,,,
Perkins_W35_906,,"Boston, MA",[Untitled - Falmouth Street and West Chester Park],1881-04-05,,,Falmouth Street [St. Stephen]; West Chester Park [Massachusetts Avenue]; Westland Avenue.,"Subdivision plan showing lots numbered 1 through 20. Note: Line described in deed Mathews to Brown, Dec 15, 1870. Penciled note: Copy recorded Suff. 1531-197",No title or owners shown.,,Fuller & Whitney,,906-800,,1 in = 50 ft,42.34322531,-71.0861,Survey Plan,1,,1,15.5 x 13,Blueline,Damaged binding.,,,,,,,,,,,,,,,,,,,,,,,,,,,,,,,,,,,,,,,,,,,,,,,,,,,,,,,,,,,,,,,,,,,,,,,,,,,,,,,,,,,,,,,,,,,,,,,,,,,,
Perkins_W35_921_1,,"Riverside, FL","Map of Riverside, State of Florida",1882-06-01,,Florida Central Railroad; Tallahassee & Jackson Railroad,Kings Road; Plank Road; St. John's River; Waycross Station,"Subdivision plan showing over 91 groups of multiple lots with Park; areas named Avilla, Brooklyn, and Jacksonville; street layout grid","Riverside is a neighborhood of Jacksonville, FL. Per Wikipedia, first platted in 1868 and developed by Bostonian John Murray Forbes, who developed nearby Brooklyn neighborhood and married into the Boston family, the Perkins. The neighborhood is now listed in the National Register of Historic Places. Duval County Registry shows plans by other surveyors for this development.","Duval County, FL ABPlat Instrument #18884#; #188825",Fuller & Whitney,,921-852,,Scale not given,30.31456386,-81.6921,Survey Plan,1,,1,16.5 x 13.5,Blueprint,Edge damage.,,,,,,,,,,,,,,,,,,,,,,,,,,,,,,,,,,,,,,,,,,,,,,,,,,,,,,,,,,,,,,,,,,,,,,,,,,,,,,,,,,,,,,,,,,,,,,,,,,,,
Perkins_W35_921_2,,"Boston, MA","Copy of a Plan June 9, 1882",1882-06-09,"Armstrong, S. T.; Clark, B. C.; Shaw, Robert G.","Appleton, S.; Perkins, T.",Beacon Street; Belknap Street [Joy Street]; Passageway,"Subdivision plan showing 7 numbered lots plus 3 occupied lots. Note: Scale 20 feet to an inch by S.P. Fuller Surveyor Boston, Jun3 30, 1832, Copy.""",,,Fuller & Whitney,,921-853,,1 in = 20 ft,42.35727823,-71.0652,Survey Plan,1,,1,16 x 14.5,Blueprint,Tear.,,,,,,,,,,,,,,,,,,,,,,,,,,,,,,,,,,,,,,,,,,,,,,,,,,,,,,,,,,,,,,,,,,,,,,,,,,,,,,,,,,,,,,,,,,,,,,,,,,,,
Perkins_W35_923_1,Boylston Entrance,"Boston, MA",Plan No. 1 after Park Commissioners' Plan,1882-08-15,City of Boston,Boston & Albany Railroad,Back Bay Park; Boylston Entrance; Boylston Street; Parker Street [Hemingway Street]; West Chester Park [Massachusetts Ave.],"Subdivision plan showing three blocks of lots divided by a street 50 feet wide [now Ipswich Street] and a passageway 16 feet wide. Note contains calculations for street and passages ""which is 25 per cent of the whole""",,,Fuller & Whitney,,923-857,,1 in = 80 ft,42.34701129,-71.0893,Survey Plan,1,,1,16 x 14.5,Blueprint,Tear.,,,,,,,,,,,,,,,,,,,,,,,,,,,,,,,,,,,,,,,,,,,,,,,,,,,,,,,,,,,,,,,,,,,,,,,,,,,,,,,,,,,,,,,,,,,,,,,,,,,,
Perkins_W35_923_2,Boylston Entrance,"Boston, MA",Plan No. 2,1882-08-15,City of Boston,Boston & Albany Railroad,Back Bay Park; Boylston Entrance; Boylston Street; Parker Street [Hemingway Street]; West Chester Park [Massachusetts Ave.],"Subdivision plan showing three blocks of lots divided by a street 50 feet wide and a passageway 16 feet wide. Note contains calculations for street and passages ""which is 16 per cent of the whole."" Variant on Plan 923-857.",,,Fuller & Whitney,,923-858,,1 in = 80 ft,42.34701129,-71.0893,Survey Plan,1,,1,16 x 14.5,Blueprint,Edge damage.,,,,,,,,,,,,,,,,,,,,,,,,,,,,,,,,,,,,,,,,,,,,,,,,,,,,,,,,,,,,,,,,,,,,,,,,,,,,,,,,,,,,,,,,,,,,,,,,,,,,
Perkins_W35_923_3,Boylston Entrance,"Boston, MA",Plan No. 5,1882-08-15,City of Boston,Boston & Albany Railroad,Back Bay Park; Boylston Entrance; Boylston Street; Parker Street [Hemingway Street]; West Chester Park [Massachusetts Ave.],"Subdivision plan showing three blocks of lots divided by two street 40 feet wide and 3 passageways. Note contains calculations for street and passages ""which is 19 per cent of the whole."" Variant on Plan 923-857.",,,Fuller & Whitney,,923-859,,1 in = 80 ft,42.34701129,-71.0893,Survey Plan,1,,1,16 x 14.5,Blueprint,Edge damage.,,,,,,,,,,,,,,,,,,,,,,,,,,,,,,,,,,,,,,,,,,,,,,,,,,,,,,,,,,,,,,,,,,,,,,,,,,,,,,,,,,,,,,,,,,,,,,,,,,,,
Perkins_W35_923_4,Boylston Entrance,"Boston, MA",Plan No. 4,1882-08-15,City of Boston,Boston & Albany Railroad,Back Bay Park; Boylston Entrance; Boylston Street; Parker Street [Hemingway Street]; West Chester Park [Massachusetts Ave.],"Subdivision plan showing four blocks of lots divided by multiple street or passageways. Note contains calculations for street and passages ""which is 24 per cent of the whole."" Variant on Plan 923-557",,,Fuller & Whitney,,923-860,,1 in = 80 ft,42.34701129,-71.0893,Survey Plan,1,,1,16 x 14.5,Blueprint,Edge damage.,,,,,,,,,,,,,,,,,,,,,,,,,,,,,,,,,,,,,,,,,,,,,,,,,,,,,,,,,,,,,,,,,,,,,,,,,,,,,,,,,,,,,,,,,,,,,,,,,,,,
Perkins_W35_924_1,,"Boston, MA",Portland Street,1882-09-01,,"Boles, Levi; Dooley, Henry Estate; Merrill, Mary Wells and Treadwell, John P., Trs.Sohier and Others Trs.",Portland Street [Sudbury Street],"Lot plan showing two lots alongside ""passageway 9 feet wide."" One lot says ""brick building""; Dooley Estate lot says ""Brick building here recently torn down."" Penciled note says ""See Plan 631""","In 1882, Portland Street extended to what is now Boston City Hall Plaza",,Fuller & Whitney,,924-861,,1 in = 4 ft,42.3621,-71.0591,Survey Plan,1,,1,16.25 x 11.25,Blueprint,,,,,,,,,,,,,,,,,,,,,,,,,,,,,,,,,,,,,,,,,,,,,,,,,,,,,,,,,,,,,,,,,,,,,,,,,,,,,,,,,,,,,,,,,,,,,,,,,,,,,
Perkins_W35_924_2,Boylston Entrance,"Boston, MA",Plan No. 3,1882-08-15,City of Boston,Boston & Albany Railroad,Back Bay Park; Boylston Entrance; Boylston Street; Parker Street [Hemingway Street]; West Chester Park [Massachusetts Ave.],"Subdivision plan showing five blocks of lots divided by multiple street and passageways; includes cul-de-sac. Note contains calculations for street and passages ""which is 21 per cent of the whole."" Variant on Plan 923-857.",,,Fuller & Whitney,,924-862,,1 in = 80 ft,42.34701129,-71.0893,Survey Plan,1,,1,16 x 14.5,Blueprint,Edge damage.,,,,,,,,,,,,,,,,,,,,,,,,,,,,,,,,,,,,,,,,,,,,,,,,,,,,,,,,,,,,,,,,,,,,,,,,,,,,,,,,,,,,,,,,,,,,,,,,,,,,
Perkins_W35_924_3,Boylston Entrance,"Boston, MA",Plan No. 6,1882-09-22,City of Boston,Boston & Albany Railroad,Back Bay Park; Boylston Entrance; Boylston Street; Parker Street [Hemingway Street]; West Chester Park [Massachusetts Ave.],"Subdivision plan showing four blocks of lots divided by multiple street and passageways; includes ""court"". Note contains calculations for street and passages ""which is 13 per cent of the whole."" Illegible note in red pencil. Variant on Plan 923-857.",,,Fuller & Whitney,,924-863,,1 in = 80 ft,42.34701129,-71.0893,Survey Plan,1,,1,16 x 14.5,Blueprint,Edge damage.,,,,,,,,,,,,,,,,,,,,,,,,,,,,,,,,,,,,,,,,,,,,,,,,,,,,,,,,,,,,,,,,,,,,,,,,,,,,,,,,,,,,,,,,,,,,,,,,,,,,
Perkins_W35_926_2,,"Boston, MA",[Print of Mrs. Whitney's],1882-01-11,"Whitney, H. M. Trustees","Boston & Albany Railroad; Marcus, A. A.",Commonwealth Avenue; Newbury Street; West Chester Park [Massachusetts Ave.]; Trustees Park Entrance Lands,Lot plan showing layout of block with passageway.,Site is now extension of Newbury Street between Mass. Avenue and Charlesgate East. See Plan 929-784,,Fuller & Whitney,,926-865,,1 in = 100 ft,42.34840621,-71.0894,Survey Plan,1,,1,16 x 14.5,Blueprint,Damaged binding.,,,,,,,,,,,,,,,,,,,,,,,,,,,,,,,,,,,,,,,,,,,,,,,,,,,,,,,,,,,,,,,,,,,,,,,,,,,,,,,,,,,,,,,,,,,,,,,,,,,,
Perkins_W35_927_1,Belvedere / Falmouth Street,"Boston, MA",Plan No. 1,1882-09-02,,"Boston & Albany Railroad; Boston Water Power Co.; Exhibition Building; Gray, Wm; Moore;",Dalton Street; Falmouth Street [St. Stephen]; West Newton Street; Huntington Avenue.,"Subdivision plan showing 3 sets of lots divided by two 10-foot-wide passageways. Shows proposed 50-foot-wide street parallel to railroad. Note contains calculations for street and passages ""which is 20 per cent of the whole.""",,,Fuller & Whitney,,927-868,,1 in = 40 ft,42.34624449,-71.0838,Survey Plan,1,,1,16 x 14.5,Blueprint,,,,,,,,,,,,,,,,,,,,,,,,,,,,,,,,,,,,,,,,,,,,,,,,,,,,,,,,,,,,,,,,,,,,,,,,,,,,,,,,,,,,,,,,,,,,,,,,,,,,,
Perkins_W35_927_2,Belvedere / Falmouth Street,"Boston, MA",Plan No. 3,1882-09-02,,"Boston & Albany Railroad; Boston Water Power Co.; Exhibition Building; Gray, Wm; Moore;",Dalton Street; Falmouth Street [St. Stephen]; Huntington Avenue; West Newton Street,"Subdivision plan showing 4 sets of lots divided by a street and two passageways. Note contains calculations for street and passages ""which is 15 per cent of the whole."" Variant on Drawing 927-868.",,,Fuller & Whitney,,927-869,,1 in = 40 ft,42.34624449,-71.0838,Survey Plan,1,,1,16 x 14.5,Blueprint,,,,,,,,,,,,,,,,,,,,,,,,,,,,,,,,,,,,,,,,,,,,,,,,,,,,,,,,,,,,,,,,,,,,,,,,,,,,,,,,,,,,,,,,,,,,,,,,,,,,,
Perkins_W35_928_1,Belvedere / Falmouth Street,"Boston, MA",Plan No. 2,1882-09-02,,"Boston & Albany Railroad; Boston Water Power Co.; Exhibition Building; Gray, Wm; Moore;",Dalton Street; Falmouth Street [St. Stephen]; West Newton Street; Huntington Avenue.,"Subdivision plan showing 2 sets of lots divided by a court and passageway. Note contains calculations for street and passages ""which is 14 1/2 per cent of the whole."" Variant on Drawing 927-868.",,,Fuller & Whitney,,928-870-872,,1 in = 40 ft,42.34624449,-71.0838,Survey Plan,1,,1,16 x 14.5,Blueprint,,,,,,,,,,,,,,,,,,,,,,,,,,,,,,,,,,,,,,,,,,,,,,,,,,,,,,,,,,,,,,,,,,,,,,,,,,,,,,,,,,,,,,,,,,,,,,,,,,,,,
Perkins_W35_928_2a,Belvedere / Falmouth Street,"Boston, MA",Plan No. 4,1882-09-23,,,,"Draft subdivision plan showing multiple lots with 35-foot-wide street and 2 passageways. Note says BWP Co. Note contains calculations for street and passages ""which is 11 1/2 per cent of the whole."" Variant on Drawing 927-868.",,,Fuller & Whitney,,928-873-A,,Scale not given,42.34624449,-71.0838,Survey Plan,1,,2,16 x 13,Pencil on manilla,,,,,,,,,,,,,,,,,,,,,,,,,,,,,,,,,,,,,,,,,,,,,,,,,,,,,,,,,,,,,,,,,,,,,,,,,,,,,,,,,,,,,,,,,,,,,,,,,,,,,
Perkins_W35_928_2b,,"Milton, MA","Plan of the Estate of William P. Blanchard, Milton, Mass. Containing 15,000 square feet",Not applicable,"Blanchard, William P.",,,Draft of title block with indications of streets for both Milton and references to Bay Park Lands and Commonwealth Avenue,,,"Blanchard, A & S",,928-873-B,,1 in = 10 ft,,,Cover Sheet,,,2,16 x 13,Ink and pencil on manilla,,,,,,,,,,,,,,,,,,,,,,,,,,,,,,,,,,,,,,,,,,,,,,,,,,,,,,,,,,,,,,,,,,,,,,,,,,,,,,,,,,,,,,,,,,,,,,,,,,,,,
Perkins_W35_929_2c,Marlborough St / West Chester Park,"Boston, MA","[Untitled - Beacon Street, Commonwealth Avenue, West Chester Park]",1881-11-19,,"Beacon St. Lands, Tr.; Boston Water Power Company.",Beacon Street; Commonwealth Avenue; West Chester Park [Massachusetts Ave.],"Lot plan showing layout of two blocks of lots, each with a passageway. Shows grade levels, penciled notes and lines. Note says: ""Street and passageways to be filled for Boston Water Power Company and Trustees of Beacon St. Lands. Side slopes one and one half to one.""",Site is now extension of Newbury Street between Mass. Avenue and Charlesgate East.,,Fuller & Whitney,,929-873-875,"39, 40",1 in = 60 ft,42.35019023,-71.0894,Survey Plan,1,,1,15.5 x 13.5,Blueprint,,,,,,,,,,,,,,,,,,,,,,,,,,,,,,,,,,,,,,,,,,,,,,,,,,,,,,,,,,,,,,,,,,,,,,,,,,,,,,,,,,,,,,,,,,,,,,,,,,,,,
Perkins_W35_929_1,Marlborough St / West Chester Park,"Boston, MA",Plan No. 1,1880-04-07,,,Beacon Street; Commonwealth Avenue; West Chester Park [Massachusetts Ave.],"Lot plan showing layout of two blocks of lots, each with a passageway.",Site is now extension of Newbury Street between Mass. Avenue and Charlesgate East.,,Fuller & Whitney,,929-874,"39, 40",1 in = 60 ft,42.35019023,-71.0894,Survey Plan,1,,1,15.5 x 13.5,Blueprint,,,,,,,,,,,,,,,,,,,,,,,,,,,,,,,,,,,,,,,,,,,,,,,,,,,,,,,,,,,,,,,,,,,,,,,,,,,,,,,,,,,,,,,,,,,,,,,,,,,,,
Perkins_W35_929_4,,"Boston, MA",[Untitled - Linwood Place],1882-09-19,,"Parker, David; Parker, David & Gustavius",Linwood Place; South Street,"Lot plan with table of contents listing footage for enclosed spaces, walls, and shed easements.",Authorship of plan unclear. Location is near what is now South & Essex Streets. See 1883 Bromley Atlas.,,None provided,,929-875-877,,1 in = 8 ft,42.35257,-71.0567,Survey Plan,1,,1,16 x 13.5,Blueprint,,,,,,,,,,,,,,,,,,,,,,,,,,,,,,,,,,,,,,,,,,,,,,,,,,,,,,,,,,,,,,,,,,,,,,,,,,,,,,,,,,,,,,,,,,,,,,,,,,,,,
Perkins_W35_929_3a,,"Boston, MA","Reduced Copy of Part of Plan Recorded July 29, 1845",1845-07-29,"Allen, Stephen; Haven, Franklin.",,Lenox Street; Sawyer Street; Shawmut Avenue; Suffolk St.,"One of two variants of plan on same sheet showing subdivision of land covered in deed Allen to Haven. Plan redrawn by Fuller & Whitney, 720/ 1882. Shows lots no. 153 - 196. References Deed. Lib. 548 Fol. 169.",,,"Fuller, Stephen P.",,929-876-A,,1 in = 60 ft,42.33645341,-71.0817,Survey Plan,1,,1,16 x 13.5,Blueprint,,,,,,,,,,,,,,,,,,,,,,,,,,,,,,,,,,,,,,,,,,,,,,,,,,,,,,,,,,,,,,,,,,,,,,,,,,,,,,,,,,,,,,,,,,,,,,,,,,,,,
Perkins_W35_929_3b,,"Boston, MA","Plan showing location of deed Allen to Haven July 29, 1847 with some of the old buildings and fences existing at present time.",1882-07-20,"Allen, Stephen; Haven, Franklin.","Braslow; ""Land of grantor""; factory, laundry.",Lenox Street; Sawyer Street; Shawmut Avenue; Suffolk St.,One of two variants of plan on same sheet showing subdivision of land covered in deed Allen to Haven. Shows lots no. 153 - 196 with some designated as sold or unsold in 1847. References Deed. Lib. 548 Fol. 169.,,,Fuller & Whitney,,929-876-B,,1 in = 60 ft,42.33645341,-71.0817,Survey Plan,,,,16 x 13.5,Blueprint,Edge damage.,,,,,,,,,,,,,,,,,,,,,,,,,,,,,,,,,,,,,,,,,,,,,,,,,,,,,,,,,,,,,,,,,,,,,,,,,,,,,,,,,,,,,,,,,,,,,,,,,,,,
Perkins_W35_960,,"Boston, MA","[Untitled - Avery Place, Mason Street]",1882-03-11,,,Avery Place; Mason Street (passageway to),Lot plan.,,,Fuller & Whitney,,960-973,,1 in = 8 ft,42.3536798,-71.0631,Survey Plan,1,,1,16.5 x 13.5,Blueprint,,,,,,,,,,,,,,,,,,,,,,,,,,,,,,,,,,,,,,,,,,,,,,,,,,,,,,,,,,,,,,,,,,,,,,,,,,,,,,,,,,,,,,,,,,,,,,,,,,,,,
Perkins_W35_961,Beacon Entrance to Back Bay Park,"Boston, MA",[Beacon Entrance to Back Bay Park],1882-11-20,,,Beacon Street; Commonwealth Avenue; Marlborough Avenue; Newbury Street; Charles River; Beacon Entrance to Back Bay Park [Charlesgate],Subdivision plan for block between Beacon and Commonwealth and what is now Charlesgate Park featuring 12 numbered lots.,,,Fuller & Whitney,,961-974,,1 in = 80 ft,42.34953279,-71.0929,Survey Plan,1,,1,15.5 x 13.5,Blueprint,,,,,,,,,,,,,,,,,,,,,,,,,,,,,,,,,,,,,,,,,,,,,,,,,,,,,,,,,,,,,,,,,,,,,,,,,,,,,,,,,,,,,,,,,,,,,,,,,,,,,
Perkins_W35_962,Beacon Entrance to Back Bay Park,"Boston, MA",[Beacon Entrance to Back Bay Park - Plan No. 1],1882-12-11,,,Beacon Street; Commonwealth Avenue; Marlborough Street; Newbury Street; West Chester Park [Massachusetts Avenue]; Charles River; Beacon Entrance to Back Bay Park [Charlesgate],"Subdivision plan showing 3 sets of lots divided by Marlborough Street and private alleyways. One section titled ""Plan No. 1"". Date is penciled in red. Notation at intersecti0n of West Chester Park (Mass Avenue) and Charles River says Proposed Bridge to Cambridge.",,,Fuller & Whitney,,962-975,,1 in = 100 ft,42.34953279,-71.0929,Survey Plan,1,,1,15.5 x 13,Blueprint,Damaged binding.,,,,,,,,,,,,,,,,,,,,,,,,,,,,,,,,,,,,,,,,,,,,,,,,,,,,,,,,,,,,,,,,,,,,,,,,,,,,,,,,,,,,,,,,,,,,,,,,,,,,
Perkins_W35_963,Beacon Entrance to Back Bay Park,"Boston, MA",[Beacon Entrance to Back Bay Park - Plan No. 2],1882-12-11,,,Beacon Street; Commonwealth Avenue; Marlborough Street; Newbury Street; West Chester Park [Massachusetts Avenue]; Charles River; Beacon Entrance to Back Bay Park [Charlesgate],"Subdivision plan showing 3 sets of lots divided by Marlborough Street and private alleyways. One section titled ""Plan No. 2"". Date is penciled in red. Notation at intersection of West Chester Park (Mass Avenue) and Charles River says Proposed Bridge to Cambridge.",,,Fuller & Whitney,,963-976,,1 in = 100 ft,42.34953279,-71.0929,Survey Plan,1,,1,15.5 x 13.5,Blueprint,,,,,,,,,,,,,,,,,,,,,,,,,,,,,,,,,,,,,,,,,,,,,,,,,,,,,,,,,,,,,,,,,,,,,,,,,,,,,,,,,,,,,,,,,,,,,,,,,,,,,
Perkins_W35_964,Beacon Entrance to Back Bay Park,"Boston, MA",[Beacon Entrance to Back Bay Park - Plan No. 3],1882-12-11,,,Beacon Street; Commonwealth Avenue; Marlborough Street; Newbury Street; West Chester Park [Massachusetts Avenue]; Charles River; Beacon Entrance to Back Bay Park [Charlesgate],"Subdivision plan showing 3 sets of lots divided by Marlborough Street and private alleyways. One section titled ""Plan No. 3"". Date is penciled in red. Notation at intersection of West Chester Park (Mass Avenue) and Charles River says Proposed Bridge to Cambridge.",,,Fuller & Whitney,,964-977,,1 in = 100 ft,42.34953279,-71.0929,Survey Plan,1,,1,15.5 x 13.5,Blueprint,,,,,,,,,,,,,,,,,,,,,,,,,,,,,,,,,,,,,,,,,,,,,,,,,,,,,,,,,,,,,,,,,,,,,,,,,,,,,,,,,,,,,,,,,,,,,,,,,,,,,
Perkins_W35_965,Huntington Street Lands,"Boston, MA",[Huntington Avenue - Plan. No. 1],1882-12-15,,"Boston & Albany Railroad, Boston & Providence Railroad, Exhibition Building, Hotel Huntington, Hotel Oxford, Institute of Fine Arts,",Buckingham Street; Dartmouth Square; Exeter Street; Garrison Street; Harcourt Street; Harwich Street [Yarmouth Square]; Holyoke Street; Huntington Avenue; St. James Avenue; St. Botolph Street; Truro Street [Yarmouth Place]; West Canton Street; Yarmouth Street,"Subdivision plan showing over 9 sets of lots divided by streets and railroads. One section titled ""Plan No.1"". Notation: Waste in streets and pass 2.3 per cent.",,,Fuller & Whitney,,965-978,,1 in = 100 ft,42.34628288,-71.0777,Survey Plan,1,,1,15.5 x 14,Blueprint,Sheet is backed on linen or other textile.,,,,,,,,,,,,,,,,,,,,,,,,,,,,,,,,,,,,,,,,,,,,,,,,,,,,,,,,,,,,,,,,,,,,,,,,,,,,,,,,,,,,,,,,,,,,,,,,,,,,
Perkins_W35_966,Huntington Street Lands,"Boston, MA",[Huntington Avenue - Plan. No. 2],1882-12-15,,"Boston & Albany Railroad, Boston & Providence Railroad, Exhibition Building, Hotel Huntington, Hotel Oxford, Institute of Fine Arts,",Buckingham Street; Dartmouth Square; Exeter Street; Garrison Street; Harcourt Street; Harwich Street [Yarmouth Square]; Holyoke Street; Huntington Avenue; St. James Avenue; St. Botolph Street; Truro Street [Yarmouth Place]; West Canton Street; Yarmouth Street,"Subdivision plan showing over 9 sets of lots divided by streets and railroads. One section titled ""Plan No.2"". Notation: Waste in streets and pass 2.3 per cent.",,,Fuller & Whitney,,966-979,,1 in = 100 ft,42.34628288,-71.0777,Survey Plan,1,,1,15.5 x 14,Blueprint,,,,,,,,,,,,,,,,,,,,,,,,,,,,,,,,,,,,,,,,,,,,,,,,,,,,,,,,,,,,,,,,,,,,,,,,,,,,,,,,,,,,,,,,,,,,,,,,,,,,,
Perkins_W35_967,Huntington Street Lands,"Boston, MA",[Huntington Avenue - Plan. No. 3],1882-12-15,,"Boston & Albany Railroad, Boston & Providence Railroad, Exhibition Building, Hotel Huntington, Hotel Oxford, Institute of Fine Arts,",Buckingham Street; Dartmouth Square; Exeter Street; Garrison Street; Harcourt Street; Harwich Street [Yarmouth Square]; Holyoke Street; Huntington Avenue; St. James Avenue; St. Botolph Street; Truro Street [Yarmouth Place]; West Canton Street; Yarmouth Street,"Subdivision plan showing over 8 sets of lots divided by streets and railroads. One section titled ""Plan No.3"". Notation: Waste in streets and pass 32 per cent.",,,Fuller & Whitney,,967-980,,1 in = 100 ft,42.34628288,-71.0777,Survey Plan,1,,1,15.5 x 14,Blueprint,,,,,,,,,,,,,,,,,,,,,,,,,,,,,,,,,,,,,,,,,,,,,,,,,,,,,,,,,,,,,,,,,,,,,,,,,,,,,,,,,,,,,,,,,,,,,,,,,,,,,
Perkins_W35_968,Huntington Street Lands,"Boston, MA",[Huntington Avenue - Plan. No. 4],1882-12-15,,"Boston & Albany Railroad, Boston & Providence Railroad, Exhibition Building, Hotel Huntington, Hotel Oxford, Institute of Fine Arts,",Buckingham Street; Dartmouth Square; Exeter Street; Garrison Street; Harcourt Street; Harwich Street [Yarmouth Square]; Holyoke Street; Huntington Avenue; St. James Avenue; St. Botolph Street; Truro Street [Yarmouth Place]; West Canton Street; Yarmouth Street,"Subdivision plan showing over 10 sets of lots divided by streets and railroads. One section titled ""Plan No.4"". Notation: Waste in streets and pass 20 per cent.",,,Fuller & Whitney,,968-981,,1 in = 100 ft,42.34628288,-71.0777,Survey Plan,1,,1,16 x 13.5,Blueprint,Damaged binding.,,,,,,,,,,,,,,,,,,,,,,,,,,,,,,,,,,,,,,,,,,,,,,,,,,,,,,,,,,,,,,,,,,,,,,,,,,,,,,,,,,,,,,,,,,,,,,,,,,,,
Perkins_W35_969,Ivory Bean Lots,"Boston, MA",Plan of House Lots belonging to Ivory Bean,1882-12-29,"Bean, Ivory",Boston & Providence Railroad,Berwick Park; Carlton Street; Follen Street; St. Botolph Street; West Newton Street,Subdivision plan showings one block of lots numbered 1 through 27. Another block numbered 230 -250. First section included 18 lots that are reserved. Includes 12-foot-wide passageway.,See 975-988 for similar nearby development with lots belonging to Bean.,,Fuller & Whitney,,969-982,610,1 in = 30 ft,42.34457911,-71.0799,Survey Plan,1,,1,14 X 16,Blueprint,,,,,,,,,,,,,,,,,,,,,,,,,,,,,,,,,,,,,,,,,,,,,,,,,,,,,,,,,,,,,,,,,,,,,,,,,,,,,,,,,,,,,,,,,,,,,,,,,,,,,
Perkins_W35_970,,"Boston, MA",[Washington Street Lot],1883-01-20,,,Washington Street,"Lot plan showing single lot with dimensions, notes re wall thickness",No information provided on location within Washington Street.,,"Fuller & Whitney / Fuller, J. Franklin",,970-983,,1 in = 10 ft,,,Survey Plan,1,,1,10.5 x 15,Blueprint,,,,,,,,,,,,,,,,,,,,,,,,,,,,,,,,,,,,,,,,,,,,,,,,,,,,,,,,,,,,,,,,,,,,,,,,,,,,,,,,,,,,,,,,,,,,,,,,,,,,,
Perkins_W35_971,Beacon Entrance to Back Bay Park,"Boston, MA",[Beacon Entrance to Back Bay Park - Plan No. 4],1883-01-23,,,Beacon Street; Commonwealth Avenue; Marlborough Street; Newbury Street; West Chester Park [Massachusetts Avenue]; Charles River; Beacon Entrance to Back Bay Park [Charlesgate],"Subdivision plan showing 3 sets of lots divided by Marlborough Street and private alleyways. One section titled ""Plan No. 4"". Date is penciled in red. Notation at intersection of West Chester Park (Mass Avenue) and Charles River says Proposed Bridge to Cambridge. Features indecipherable pencil notation dated Feb. 7, 1883.",,,Fuller & Whitney,,971-984,,1 in = 100 ft,42.34953279,-71.0929,Survey Plan,1,,1,15.5 x 13.5,Blueprint,,,,,,,,,,,,,,,,,,,,,,,,,,,,,,,,,,,,,,,,,,,,,,,,,,,,,,,,,,,,,,,,,,,,,,,,,,,,,,,,,,,,,,,,,,,,,,,,,,,,,
Perkins_W35_972,,"Boston, MA","Plan No. 9 of Back Bay Lands showing Assesors's Valuation of Vacated Land with names of owners, areas and Location of Estates",1883-01-01,"Ames, J. B.; Ames, Mary H.; Ames, Oliver; B.W.P. Co.; Binney, Wm. G & John F. Brinton; Boston Water Power Co.; Bowditch, J. Ingersoll; Brown, H.T.; Brown, Rufus H.; Clark, Susan N.; Clifford, J. W.; Edwards, Jacob; Estabrook, Rufus; Foster, Jas. & J.H.; Foy, Lavina; Francis Estate, Trustees of; Harmon, M. ; Harvard College; Hatheway, Asa P.; Haven, Franklin; Hoyt, Eliz. G.; Lawrence, Amos. A.; Lincoln, W.H.L. & Edward P. Shaw; Pomeroy, R.M.; Read, E.M.; Sandford, Oliver S.; Sears, David; Sears, Emily; Sears, F.W. & K.W. Sears; Shaw, Edward P.; Shimmin, John P.; Taylor, J.; Thayer, Frank; Union Mutual Life Ins.; Vila, Luke; Weld, Sam ",Brookline Branch Railroad,Brookline Avenue; Hawes Street; Longwood Avenue; Longwood Entrance [Fenway; Lost Emerald Necklace]; Maple Avenue; Miner Street; Plymouth Street; Woodstock Street,"Street layout showing land, owner's names, areas, and values (most under $1.00). Note on verso says ""for tracing see profiles""",,,Fuller & Whitney,,972-985,,1 in = 200 ft,42.33945561,-71.1044,Survey Plan,1,,1,14 X 16,Blueprint,Sheet is backed on linen or other textile.,,,,,,,,,,,,,,,,,,,,,,,,,,,,,,,,,,,,,,,,,,,,,,,,,,,,,,,,,,,,,,,,,,,,,,,,,,,,,,,,,,,,,,,,,,,,,,,,,,,,
Perkins_W35_973,,"Medford, MA; Stoneham, MA",Map of Middlesex Fells showing the territory situated in various towns designed to be set apart as a Public Domain for the preservaton and production of forest trees and the water supply of many cities and towns.,1882-11-01,,,Towns of Medford; Stoneham; parts of Melrose; Winchester; Malden Highlands. Bare Hill; Doleful Pond; Spot Pond; Winchester South Reservoir; Tailor Mt. Highland Avenue; Pond Street; Wyoming Street; Elm Street; Meetinghouse Street; other features,"Map showing shaded area of land with emphasis on roads, waterways, . Streets of surrounding towns shown. Includes list of five map authorities used to compile map. Note on verso says For Elijah Wright; 50 copies Nov. 25 '80.",,,Fuller & Whitney,,973-986,,1 in = 1000 ft,42.4481934,-71.1043,Map,1,,1,14.5 X 16.5,Blueprint,,,,,,,,,,,,,,,,,,,,,,,,,,,,,,,,,,,,,,,,,,,,,,,,,,,,,,,,,,,,,,,,,,,,,,,,,,,,,,,,,,,,,,,,,,,,,,,,,,,,,
Perkins_W35_974,,"Medford, MA; Stoneham, MA",Map of Middlesex Fells showing the territory situated in various towns designed to be set apart as a Public Domain for the preservaton and production of forest trees and the water supply of many cities and towns.,1882-11-01,,,Towns of Medford; Stoneham; parts of Melrose; Winchester; Malden Highlands. Bare Hill; Doleful Pond; Spot Pond; Winchester South Reservoir; Tailor Mt. Highland Avenue; Pond Street; Wyoming Street; Elm Street; Meetinghouse Street; other features,"Map showing shaded area of land with emphasis on roads, waterways, . Streets of surrounding towns shown. Includes list of five map authorities used to compile map. Note on verso says For Elijah Wright; 12 copies Dec. 30 '82; 12 copies Feb. 3 '83; 12 copies Jun 14 '83. Made changes and delivered Jun. 14 '83.","Same map as 973-986 but edges are more torn, taped",,Fuller & Whitney,,974-987,,1 in = 1000 ft,42.4481934,-71.1043,Map,1,,1,14.5 X 16.5,Blueprint,Edge damage.,,,,,,,,,,,,,,,,,,,,,,,,,,,,,,,,,,,,,,,,,,,,,,,,,,,,,,,,,,,,,,,,,,,,,,,,,,,,,,,,,,,,,,,,,,,,,,,,,,,,
Perkins_W35_975,Ivory Bean Lots,"Boston, MA","Plan of House Lots on West Newton, St. Botolph & Follen Streets",1883-01-31,"Bean, Ivory",Boston & Providence Railroad,Berwick Park; Carlton Street; Follen Street; St. Botolph Street; West Newton Street,"Subdivision plan showings one block of lots numbered 1 through 27. Another block numbered 230 -250. First section included 18 lots that are reserved. Includes 1212-foot-wide passageway. Note on verso says ""copy of tracing for record made for I. Bean.",See other plans of Ivory Bean's lots.,,Fuller & Whitney,,975-988,610,1 in = 30 ft,42.34457911,-71.0799,Survey Plan,1,,1,13.5 X 16,Blueprint,Damaged binding.,,,,,,,,,,,,,,,,,,,,,,,,,,,,,,,,,,,,,,,,,,,,,,,,,,,,,,,,,,,,,,,,,,,,,,,,,,,,,,,,,,,,,,,,,,,,,,,,,,,,
Perkins_W35_976,Marlborough St / West Chester Park,"Boston, MA","[Untitled - Beacon Street, Commonwealth Avenue, Marlborough Street, West Chester Park]",1883-02-07,,,Beacon Street; Commonwealth Avenue; Marlborough Street; Newbury Street; West Chester Park [Massachusetts Avenue],Plan showing two lots with square footage and dimensions.,Enlargement of plans showing subdivision at Marlborough and Westchester Park.,,Fuller & Whitney,,976-989,"39, 40",1 in = 60 ft,42.34953279,-71.0929,Survey Plan,1,,1,15.5 x 13.5,Blueprint,,,,,,,,,,,,,,,,,,,,,,,,,,,,,,,,,,,,,,,,,,,,,,,,,,,,,,,,,,,,,,,,,,,,,,,,,,,,,,,,,,,,,,,,,,,,,,,,,,,,,
Perkins_W35_977,Marlborough St / West Chester Park,"Boston, MA","[Untitled - Beacon Street, Commonwealth Avenue, Marlborough Street, West Chester Park]",1883-02-07,,,Beacon Street; Commonwealth Avenue; Marlborough Street; Newbury Street; West Chester Park [Massachusetts Avenue]; Charles River; Beacon Entrance to Back Bay Park [Charlesgate],Plan showing two lots with square footage and dimensions. V Is enlargement of plans showing subdivision at Marlborough and Westchester Park.,Variant of Plan #977-989,,Fuller & Whitney,,977-990,"39, 40",1 in = 60 ft,42.34953279,-71.0929,Survey Plan,1,,1,11.5 x 13.5,Blueprint,Damaged binding.,,,,,,,,,,,,,,,,,,,,,,,,,,,,,,,,,,,,,,,,,,,,,,,,,,,,,,,,,,,,,,,,,,,,,,,,,,,,,,,,,,,,,,,,,,,,,,,,,,,,
Perkins_W36_978,Beacon Entrance to Back Bay Park,"Boston, MA","[Untitled - Beacon Street, Commonwealth Avenue, Marlborough Street, West Chester Park]",1885-03-10,,Boston & Albany Railroad,Beacon Street; Brighton Avenue; Brookline Avenue; Commonwealth Avenue; Lambett St. [Kenmore St.]; Marlborough Street; Newbury Street; West Newbury Street; West Chester Park [Massachusetts Avenue]; Charles River; Beacon Entrance to Back Bay Park [Charlesgate],Subdivision Plan showing 31 lots spread over 4 sections and alleyways. Lots include dimensions and square footage. Possibly erased labelling of Jersey and Kensington Streets (now Charlesgate). Notation at intersection of West Chester Park (Mass Avenue) and Charles River says Proposed Bridge to Cambridge.,,,Fuller & Whitney,,978-991,,1 in = 100 ft,42.34879536,-71.0924,Survey Plan,1,,1,27.5 x 16.5,Blueprint,2 panels taped. Tears.,,,,,,,,,,,,,,,,,,,,,,,,,,,,,,,,,,,,,,,,,,,,,,,,,,,,,,,,,,,,,,,,,,,,,,,,,,,,,,,,,,,,,,,,,,,,,,,,,,,,
Perkins_W36_979,,"Boston, MA",[Untitled - Copley Square and adjacent streets],1883-03-12,,Institute of Fine Arts; Trinity Church.,Clarendon Street; Copley Square; Dartmouth Street; Huntington Avenue; St. James Avenue,"Street layout showing convergence of multiple streets at Copley Square, with small triangular island of 5380 feet. Illegible penciled notation.",The Institute of Fine Arts (the forerunner of the current Museum of Fine Arts) occupied the site of the current Fairmount Copley Hotel between 1876 and 1909.,,Fuller & Whitney,,979-992,,1 in = 60 ft,42.35002438,-71.0765,Survey Plan,1,,1,16 x 13,Blueprint,2 panels taped.,,,,,,,,,,,,,,,,,,,,,,,,,,,,,,,,,,,,,,,,,,,,,,,,,,,,,,,,,,,,,,,,,,,,,,,,,,,,,,,,,,,,,,,,,,,,,,,,,,,,
Perkins_W36_980,Beacon Entrance to Back Bay Park,"Boston, MA","[Untitled - Beacon Street, Commonwealth Avenue, Marlborough Street, West Chester Park]",1885-03-10,,Boston & Albany Railroad,Beacon Street; Brighton Avenue; Brookline Avenue; Commonwealth Avenue; Lambett St. [Kenmore St.]; Marlborough Street; Newbury Street; West Newbury Street; West Chester Park [Massachusetts Avenue]; Charles River; Beacon Entrance to Back Bay Park [Charlesgate],Subdivision Plan showing 31 lots spread over 4 sections and alleyways. Lots include dimensions and square footage. Penciled in red labelling of Ipswich and Jersey Streets (now Charlesgate East and West).. Notation at intersection of West Chester Park (Mass Avenue) and Charles River says Proposed Bridge to Cambridge. Verso contains notes about distributions and transaction involving Mr. Howe of Newbury Street.,Plan is variant of 979-993 with lot #1 divided into 3 sub-lots.,,Fuller & Whitney,,980-993,,1 in = 100 ft,42.34879536,-71.0924,Survey Plan,1,,1,27.5 x 16.5,Blueprint,2 panels taped.,,,,,,,,,,,,,,,,,,,,,,,,,,,,,,,,,,,,,,,,,,,,,,,,,,,,,,,,,,,,,,,,,,,,,,,,,,,,,,,,,,,,,,,,,,,,,,,,,,,,
Perkins_W36_981,,"Boston, MA",Statement of McMillan and Moore's title to lots on Baldwin and Water Streets [Sheet 1 of 5],1883-03-22,"Crafts & Hathway; Francis, E.; Sears, David; Treadwell, D.",,Francis Street [Discontinued]; Parker Street [Discontinued]; Massachusetts Avenue,Five-page document. Right side of first sheet shows street layout with subdivision consisting of 90 lots divided into two rows. Left side contains handwritten narrative related to land transactions between 1822 and 1870s.,"Multipage document. May relate to surveyors' work on the landfill of Boston Back Bay, which involved negotiations between Francis, Sears, Mill Dam Foundry, and other parties. Francis and Parker Streets were discontinued. https://backbayhouses.org/boston-water-power-company-lands-in-the-back-bay/",,Fuller & Whitney,,981-994,,1 in = 200 ft,42.33207,-71.0974,Survey Plan - Statement,5,,1,14 x 16.5,Blueprint,,,,,,,,,,,,,,,,,,,,,,,,,,,,,,,,,,,,,,,,,,,,,,,,,,,,,,,,,,,,,,,,,,,,,,,,,,,,,,,,,,,,,,,,,,,,,,,,,,,,,
Perkins_W36_986,Beacon Entrance to Back Bay Park,"Boston, MA",[Beacon Entrance to Back Bay Park - Plan No. 5],1883-03-24,,,Beacon Street; Commonwealth Avenue; Marlborough Street; Newbury Street; West Chester Park [Massachusetts Avenue]; Charles River; Beacon Entrance to Back Bay Park; Kensington Street [Charlesgate West]; Jersey Street [Charlesgate East],"Subdivision plan showing 3 sets of lots divided by Marlborough Street and private alleyways. Includes 20 numbered lots and four large end unnumbered lots. One section titled ""Plan No. 5"". Notation: ""Areas are approximate."" Notation at intersection of West Chester Park (Mass Avenue) and Charles River says Proposed Bridge to Cambridge.",See other variants of this subdivision.,,Fuller & Whitney,,986-995,,1 in = 100 ft,42.34953279,-71.0929,Survey Plan,1,,1,16 x 14.5,Blueprint,Damaged binding.,,,,,,,,,,,,,,,,,,,,,,,,,,,,,,,,,,,,,,,,,,,,,,,,,,,,,,,,,,,,,,,,,,,,,,,,,,,,,,,,,,,,,,,,,,,,,,,,,,,,
Perkins_W36_987,,"Boston, MA",[Untitled - Copley Square and adjacent streets],1883-04-04,,,Copley Square; Huntington Avenue; St. James Avenue; Trinity Place,"Street layout showing convergence of multiple streets at Copley Square, with small triangular island with area of 5404. Island shows red penciled dotted line and number 482. Note on verso: Made rough plan on brown paper. Scale 4 ft to an inch dated August 12, 1884 for architects' use like this except that it showed the red addition to this plan (15-foot line) in Black on this plan.",See Plan #979-992 for earlier version.,,Fuller & Whitney,,987-996,,1 in = 30 ft,42.35002438,-71.0765,Survey Plan,1,,1,16 x 13,Blueprint,2 panels taped.,,,,,,,,,,,,,,,,,,,,,,,,,,,,,,,,,,,,,,,,,,,,,,,,,,,,,,,,,,,,,,,,,,,,,,,,,,,,,,,,,,,,,,,,,,,,,,,,,,,,
Perkins_W36_988,,"Boston, MA","[Untitled - Dartmouth Street, Huntington Avenue, and adjacent streets]",1883-04-09,,Boston & Albany Railroad; Boston & Providence Railroad,Dartmouth Street; Harcourt Street; Huntington Avenue; St. Botolph Street; West Canton Street; Yarmouth Street [Yarmouth Square],Street layout/lot plan showing area footages for 3 lots and street corner.,,,Fuller & Whitney,,988-997,,1 in = 100 ft,42.34628288,-71.0777,Survey Plan,1,,1,13.5 x 12,Blueprint,Damaged binding.,,,,,,,,,,,,,,,,,,,,,,,,,,,,,,,,,,,,,,,,,,,,,,,,,,,,,,,,,,,,,,,,,,,,,,,,,,,,,,,,,,,,,,,,,,,,,,,,,,,,
Perkins_W36_989,Huntington Street Lands,"Boston, MA",[Huntington Avenue],1883-04-10,,Exhibition Building; Hotel Huntington; Hotel Oxford; Institute of Fine Arts; Title Company. ,Buckingham Street; Dartmouth Street; Exeter Street; Garrison Street; Harcourt Street; Harwich Street [Yarmouth Square]; Holyoke Street; Huntington Avenue; St. James Avenue; St. Botolph Street; Truro Street [Yarmouth Place]; West Canton Street; Yarmouth Street,"Subdivision plan showing 8 lots with square footages. Red pencil note says ""Areas are approx.""",,,Fuller & Whitney,,989-998,,1 in = 100 ft,42.34628288,-71.0777,Survey Plan,1,,1,16 x 14,Blueprint,Damaged binding.,,,,,,,,,,,,,,,,,,,,,,,,,,,,,,,,,,,,,,,,,,,,,,,,,,,,,,,,,,,,,,,,,,,,,,,,,,,,,,,,,,,,,,,,,,,,,,,,,,,,
Perkins_W36_990,West Chester Park / Boylston Street,"Boston, MA",[Untitled - Plan No. 1],1883-04-02,"Boston Water Power Co.; Gregory, Fred.",Boston & Albany Railroad,Astor Street [Hemenway Street]; Back Bay Park {Back Bay Fens]; Boylston Street; Dalton Street; Falmouth Street [St. Stephen]; Gloucester Street; Hereford Street; Parker Street [Fenway]; West Chester Park [Massachusetts Avenue]; Westland Avenue,Subdivision plan showing delineation of lots in Back Bay. Five red penciled notations indicate square footages for Boston Water Power Co. ,Is upper half of 989-1000. Boston Water Power Co. was major landholder at time the Back Bay Lands were being developed. It sold most of its holdings between 1863-1880.,,Fuller & Whitney,,990-999,,1 in = 100 ft,42.34626961,-71.087,Survey Plan,1,,1,31.5 x 16,Blueprint,3 panels taped.,,,,,,,,,,,,,,,,,,,,,,,,,,,,,,,,,,,,,,,,,,,,,,,,,,,,,,,,,,,,,,,,,,,,,,,,,,,,,,,,,,,,,,,,,,,,,,,,,,,,
Perkins_W36_991,West Chester Park / Boylston Street,"Boston, MA",[Untitled - Plan No. 1 - Continuation],1883-04-02,"Boardman, Thos. H.; Boston Water Power Co.; Caldwell, Alex; Cole, Malcolm B.; Drew, Hannah H; Eaton, Jas.; Edwards, Jas.; Eliot Land Company; Gregory, Fred.; Mercantile Land Company; Moore, Ira L.; New England Manufacturers & Mechanics Institute Building; Sumner, Eben",Boston & Providence Railroad,Albemarle Street; Blackwood Street; Camden Street; Columbus Avenue; Cumberland Street; Hemingway Park Extension; Huntington Avenue; Parker Street [Fenway]; Rogers Avenue [Forsythe Street]; St. Botolph Street; Wellington Street; West Chester Park [Massachusetts Avenue],Apparent continuation of 989-998. Subdivision plan showing delineation of lots in Back Bay. Red penciled notations indicate square footages for Boston Water Power Co. ,Is bottom half of 989-998. Boston Water Power Co. was major landholder at time the Back Bay Lands were being developed. It sold most of its holdings between 1863-1880.,,Fuller & Whitney,,991-1000,,1 in = 100 ft,42.34626961,-71.087,Survey Plan,1,,1,31.5 x 16,Blueprint,2 panels taped. One panel has hole.,,,,,,,,,,,,,,,,,,,,,,,,,,,,,,,,,,,,,,,,,,,,,,,,,,,,,,,,,,,,,,,,,,,,,,,,,,,,,,,,,,,,,,,,,,,,,,,,,,,,
Perkins_W36_992,West Chester Park / Boylston Street,"Boston, MA",[Untitled - Plan No. 2],1883-04-02,Boston Storage Warehouse; Boston Water Power Co.; Gray; Gregory; Mercantile Land Co.; Snelling;,Boston & Albany Railroad,Astor Street [Hemenway Street]; Back Bay Park {Back Bay Fens]; Boylston Street; Dalton Street; Falmouth Street [St. Stephen]; Gloucester Street; Hereford Street; Huntington Avenue; Parker Street [Fenway]; West Chester Park [Massachusetts Avenue]; West Newton Street; Westland Avenue,Subdivision plan showing delineation of lots in Back Bay. Red penciled notations indicate square footages for Boston Water Power Co. ,Is upper half of 992-1001. Boston Water Power Co. was major landholder at time the Back Bay Lands were being developed. It sold most of its holdings between 1863-1880.,,Fuller & Whitney,,992-1001,,1 in = 100 ft,42.3432642,-71.0859,Survey Plan,1,,1,31.5 x 16,Blueprint,3 panels taped. Tear.,,,,,,,,,,,,,,,,,,,,,,,,,,,,,,,,,,,,,,,,,,,,,,,,,,,,,,,,,,,,,,,,,,,,,,,,,,,,,,,,,,,,,,,,,,,,,,,,,,,,
Perkins_W36_993,West Chester Park / Boylston Street,"Boston, MA",[Untitled - Plan No. 2 - Continuation],1883-04-02,,Boston & Providence Railroad,Albemarle Street; Blackwood Street; Camden Street; Columbus Avenue; Cumberland Street; Hemingway Park Extension; Huntington Avenue; Northampton Street; Parker Street [Fenway]; Rogers Avenue [Forsythe Street]; St. Botolph Street; Wellington Street; West Chester Park [Massachusetts Avenue],Subdivision plan showing delineation of lots in Back Bay. Red penciled notations indicate square footages for Boston Water Power Co. ,Is bottom half of 992-1001,,Fuller & Whitney,,993-1002,,1 in = 100 ft,42.3432642,-71.0859,Survey Plan,1,,1,31.5 x 16,Blueprint,3 panels taped.,,,,,,,,,,,,,,,,,,,,,,,,,,,,,,,,,,,,,,,,,,,,,,,,,,,,,,,,,,,,,,,,,,,,,,,,,,,,,,,,,,,,,,,,,,,,,,,,,,,,
Perkins_W36_994,West Chester Park / Boylston Street,"Boston, MA",[Untitled - Plan No. 3],1883-04-02,"Boston Storage Warehouse; Boston Water Power Co.; Gregory, Fred; Massachusetts Charitable Mechanics Association",Boston & Albany Railroad; ,Astor Street [Hemenway Street]; Back Bay Park {Back Bay Fens]; Boylston Street; Dalton Street; Falmouth Street [St. Stephen]; Gloucester Street; Hereford Street; Huntington Avenue; Parker Street [Fenway]; West Chester Park [Massachusetts Avenue]; West Newton Street; Westland Avenue,Subdivision plan showing delineation of lots in Back Bay. Red penciled notations indicate square footages for Boston Water Power Co. ,"Is upper half of 995-1004. Shows several unlabeled streets, including one labeled ""Old Road forty feet wide."" May be prototypes for Belvedere, Cambria, St. Germain, Scotia as well as streets bounded by Fenway, Mass. Avenue, Westland Avenue.",,Fuller & Whitney,,994-1003,,1 in = 100 ft,42.3432642,-71.0859,Survey Plan,1,,1,31.5 x 16,Blueprint,3 panels taped.,,,,,,,,,,,,,,,,,,,,,,,,,,,,,,,,,,,,,,,,,,,,,,,,,,,,,,,,,,,,,,,,,,,,,,,,,,,,,,,,,,,,,,,,,,,,,,,,,,,,
Perkins_W36_995,West Chester Park / Boylston Street,"Boston, MA",[Untitled - Plan No. 3 - Continuation],1883-04-02,"Boston Water Power Co.; Cole, Malcolm B.; Drew, Hannah H; Eaton, Jas.; Edwards, Jas.; Eliot Land Company; New England Manufacturers & Mechanics Institute Building; Sumner, Eben",Boston & Providence Railroad,Albemarle Street; Blackwood Street; Camden Street; Columbus Avenue; Cumberland Street; Hemingway Park Extension; Huntington Avenue; Northampton Street; Parker Street [Fenway]; Rogers Avenue [Forsythe Street]; St. Botolph Street; Wellington Street; West Chester Park [Massachusetts Avenue],Subdivision plan showing delineation of lots in Back Bay. Red penciled notations indicate square footages for Boston Water Power Co. ,Is bottom half of 994-1003,,Fuller & Whitney,,995-1004,,1 in = 100 ft,42.3432642,-71.0859,Survey Plan,1,,1,31.5 x 16,Blueprint,3 panels taped. Seam damage.,,,,,,,,,,,,,,,,,,,,,,,,,,,,,,,,,,,,,,,,,,,,,,,,,,,,,,,,,,,,,,,,,,,,,,,,,,,,,,,,,,,,,,,,,,,,,,,,,,,,
Perkins_W36_996,Bay State Road,"Boston, MA",[Untitled - Beacon Street - Plan No. 1],1883-04-16,,,Bay State Road; Beacon Street; Commonwealth Avenue; Brighton Avenue; Brookline Avenue; Beacon Entrance to Back Bay Park; Charles River,"Subdivision plan showing 113 lots spread over multiple blocks, bisected by new streets and alleyways. Note: Waste in streets and passageways 25 per cent. Original issuance date of April 21 crossed out; April 16 in red pencil. Extent of development is west to Deerfield Street.","Part of a series of plans for the Back Bay area that is now Baystate Road at Deerfield. Per 1880s Atlases, the land was owned by Boston & Roxbury Mill Corp. and Charles F. and John Q. Adams.",,Fuller & Whitney,,996-1005,585,1 in = 100 ft,42.35012945,-71.0977,Survey Plan,1,,1,16.5 x 14,Blueprint,Edge damage.,,,,,,,,,,,,,,,,,,,,,,,,,,,,,,,,,,,,,,,,,,,,,,,,,,,,,,,,,,,,,,,,,,,,,,,,,,,,,,,,,,,,,,,,,,,,,,,,,,,,
Perkins_W36_997,Bay State Road,"Boston, MA",[Untitled - Beacon Street - Plan No. 1 / 2],1883-04-16,,,Bay State Road; Beacon Street; Commonwealth Avenue; Brighton Avenue; Brookline Avenue; Beacon Entrance to Back Bay Park; Charles River,"Subdivision plan showing 109 lots spread over multiple blocks, bisected by new streets and alleyways. Shows dotted lines for sewer line. Note: Waste in streets and passageways 27 per cent. Original issuance date of April 21 crossed out; April 16 in red pencil.","Part of a series of plans for the Back Bay area that is now Baystate Road at Deerfield. Per 1880s Atlases, the land was owned by Boston & Roxbury Mill Corp. and Charles F. and John Q. Adams.",,Fuller & Whitney,,997-1006,585,1 in = 100 ft,42.35012945,-71.0977,Survey Plan,1,,1,16.5 x 14,Blueprint,Edge damage.,,,,,,,,,,,,,,,,,,,,,,,,,,,,,,,,,,,,,,,,,,,,,,,,,,,,,,,,,,,,,,,,,,,,,,,,,,,,,,,,,,,,,,,,,,,,,,,,,,,,
Perkins_W36_998,Bay State Road,"Boston, MA",[Untitled - Beacon Street - Plan No. 2],1883-04-16,,,Bay State Road; Beacon Street; Commonwealth Avenue; Brighton Avenue; Brookline Avenue; Beacon Entrance to Back Bay Park; Charles River,"Subdivision plan showing 122 lots spread over multiple blocks, bisected by new streets and alleyways. Note: Waste in streets and passageways 28 per cent. Original issuance date of April 21 crossed out; April 16 in red pencil.","Part of a series of plans for the Back Bay area that is now Baystate Road at Deerfield. Per 1880s Atlases, the land was owned by Boston & Roxbury Mill Corp. and Charles F. and John Q. Adams.",,Fuller & Whitney,,998-1007,585,1 in = 100 ft,42.35012945,-71.0977,Survey Plan,1,,1,16.5 x 14,Blueprint,Edge damage.,,,,,,,,,,,,,,,,,,,,,,,,,,,,,,,,,,,,,,,,,,,,,,,,,,,,,,,,,,,,,,,,,,,,,,,,,,,,,,,,,,,,,,,,,,,,,,,,,,,,
Perkins_W36_999,Bay State Road,"Boston, MA",[Untitled - Beacon Street - Plan No. 3],1883-04-16,,,Bay State Road; Beacon Street; Commonwealth Avenue; Brighton Avenue; Brookline Avenue; Beacon Entrance to Back Bay Park; Charles River,"Subdivision plan showing 123 lots spread over multiple blocks, bisected by new streets and alleyways. Note: Waste in streets and passageways 28 per cent.","Part of a series of plans for the Back Bay area that is now Baystate Road at Deerfield. Per 1880s Atlases, the land was owned by Boston & Roxbury Mill Corp. and Charles F. and John Q. Adams.",,Fuller & Whitney,,999-1008,585,1 in = 100 ft,42.35012945,-71.0977,Survey Plan,1,,1,16.5 x 14,Blueprint,Edge damage.,,,,,,,,,,,,,,,,,,,,,,,,,,,,,,,,,,,,,,,,,,,,,,,,,,,,,,,,,,,,,,,,,,,,,,,,,,,,,,,,,,,,,,,,,,,,,,,,,,,,
Perkins_W36_1000,Bay State Road,"Boston, MA",[Untitled - Beacon Street - Plan No. 4],1883-04-21,,,Bay State Road; Beacon Street; Commonwealth Avenue; Brighton Avenue; Brookline Avenue; Beacon Entrance to Back Bay Park; Charles River,"Subdivision plan showing 120 lots spread over multiple blocks, bisected by new streets and alleyways and ""park"". Note: Waste in streets and passageways 27 per cent.","Part of a series of plans for the Back Bay area that is now Baystate Road at Deerfield. Per 1880s Atlases, the land was owned by Boston & Roxbury Mill Corp. and Charles F. and John Q. Adams.",,Fuller & Whitney,,1000-1009,585,1 in = 100 ft,42.35012945,-71.0977,Survey Plan,1,,1,16.5 x 14,Blueprint,Edge damage.,,,,,,,,,,,,,,,,,,,,,,,,,,,,,,,,,,,,,,,,,,,,,,,,,,,,,,,,,,,,,,,,,,,,,,,,,,,,,,,,,,,,,,,,,,,,,,,,,,,,
Perkins_W36_1001,Bay State Road,"Boston, MA",[Untitled - Beacon Street - Plan No. 5],1883-04-21,,,Bay State Road; Beacon Street; Commonwealth Avenue; Brighton Avenue; Brookline Avenue; Beacon Entrance to Back Bay Park; Charles River,"Subdivision plan showing lots spread over multiple blocks, bisected by new streets and alleyways; pathway at Charles River noted ""turning place."" One section shows dashed lines for alternative layout.","Part of a series of plans for the Back Bay area that is now Baystate Road at Deerfield. Per 1880s Atlases, the land was owned by Boston & Roxbury Mill Corp. and Charles F. and John Q. Adams.",,Fuller & Whitney,,1001-1010,585,1 in = 100 ft,42.35012945,-71.0977,Survey Plan,1,,1,16.5 x 14,Blueprint,Edge damage.,,,,,,,,,,,,,,,,,,,,,,,,,,,,,,,,,,,,,,,,,,,,,,,,,,,,,,,,,,,,,,,,,,,,,,,,,,,,,,,,,,,,,,,,,,,,,,,,,,,,
Perkins_W36_1002,Bay State Road,"Boston, MA",[Untitled - Beacon Street - Plan No. 6],1883-04-21,,,Bay State Road; Beacon Street; Commonwealth Avenue; Brighton Avenue; Brookline Avenue; Beacon Entrance to Back Bay Park; Charles River,"Subdivision plan showing lots spread over multiple blocks, bisected by new streets and alleyways. One section shows dashed lines for alternative layout.","Part of a series of plans for the Back Bay area that is now Baystate Road at Deerfield. Per 1880s Atlases, the land was owned by Boston & Roxbury Mill Corp. and Charles F. and John Q. Adams.",,Fuller & Whitney,,1002-1011,585,1 in = 100 ft,42.35012945,-71.0977,Survey Plan,1,,1,16.5 x 14,Blueprint,Edge damage.,,,,,,,,,,,,,,,,,,,,,,,,,,,,,,,,,,,,,,,,,,,,,,,,,,,,,,,,,,,,,,,,,,,,,,,,,,,,,,,,,,,,,,,,,,,,,,,,,,,,
Perkins_W36_1003,Bay State Road,"Boston, MA",[Untitled - Beacon Street - Plan No. 7],1883-04-21,,,Bay State Road; Beacon Street; Commonwealth Avenue; Brighton Avenue; Brookline Avenue; Beacon Entrance to Back Bay Park; Charles River,"Subdivision plan showing lots spread over multiple blocks, bisected by new streets and alleyways. Shows dotted line for sewer and alleyway by Charles River shows ""turning place."" Note: ""Waster in streets and passageways 133,350 Sq. st or 25 7/10 per cent. Add waste ABC makes total 140,308 or 27 per cent.","Part of a series of plans for the Back Bay area that is now Baystate Road at Deerfield. Per 1880s Atlases, the land was owned by Boston & Roxbury Mill Corp. and Charles F. and John Q. Adams.",,Fuller & Whitney,,1003-1012,585,1 in = 100 ft,42.35012945,-71.0977,Survey Plan,1,,1,16.5 x 14,Blueprint,,,,,,,,,,,,,,,,,,,,,,,,,,,,,,,,,,,,,,,,,,,,,,,,,,,,,,,,,,,,,,,,,,,,,,,,,,,,,,,,,,,,,,,,,,,,,,,,,,,,,
Perkins_W36_1004,Bay State Road,"Boston, MA",[Untitled - Beacon Street - Plan No. 8],1883-04-21,,,Bay State Road; Beacon Street; Commonwealth Avenue; Brighton Avenue; Brookline Avenue; Beacon Entrance to Back Bay Park; Charles River,"Subdivision plan showing lots spread over multiple blocks, bisected by new streets and alleyways. Alleyway by Charles River shows ""turning place."" Note: ""Waste in streets and passageways 134,074 Sq. ft or 25 8/10 per cent. Features table comparing square feet and per cent waste for all plans.","Part of a series of plans for the Back Bay area that is now Baystate Road at Deerfield. Per 1880s Atlases, the land was owned by Boston & Roxbury Mill Corp. and Charles F. and John Q. Adams.",,Fuller & Whitney,,1004-1013,585,1 in = 100 ft,42.35012945,-71.0977,Survey Plan,1,,1,16.5 x 14,Blueprint,Edge damage.,,,,,,,,,,,,,,,,,,,,,,,,,,,,,,,,,,,,,,,,,,,,,,,,,,,,,,,,,,,,,,,,,,,,,,,,,,,,,,,,,,,,,,,,,,,,,,,,,,,,
Perkins_W36_1005,,"Boston, MA",[Untitled - Commonwealth Avenue],1883-04-25,"Ames, F. L.; Bates, John D., Jr.",,161 Commonwealth Avenue; 306 Dartmouth Street,"Plan showing two lots, one labelled No. 161, separated by ""One 100 ft wall"" and backed by a passageway. Note says: Red lines on original rendered here in red ink.","Per urban atlases, lot labelled for Ames was 306 Dartmouth. Both buildings were existing when survey was done. 306 Dartmouth was designed by architects Peabody & Stearn, which has its archive at the BPL.",,Fuller & Whitney,,1005-1014,,1 in = 8 ft,42.35202671,-71.079,Survey Plan,1,2,1,9 x 19,Blueprint,Edge damage. Separated pieces.,,,,,,,,,,,,,,,,,,,,,,,,,,,,,,,,,,,,,,,,,,,,,,,,,,,,,,,,,,,,,,,,,,,,,,,,,,,,,,,,,,,,,,,,,,,,,,,,,,,,
Perkins_W36_1006,,"Boston, MA",[The Embankment and Park on Charles River Bay],1886-01-01,,,Mt. Vernon Street; Charles River Embankment,Bird's eye view of Cambridge and Boston River banks. Caption: View from the Foot of Mt. Vernon Street. Note on verso: [SIC]Copied from colored lithograph on Bible paper pasted on tracing by W. A. Mason & Co. Feb 25 1882 of which I made 3 copies for South[?] & Co. May 8 1883 (see copy made for myself). This taken reversed because it was [?pasted] over the plan we copied. Indexed under land of Cambridge.,"Is a section of lithograph done for Charles Davenport, who purchased land for a beautiful water park. See full colored view in the Leventhal Map Collection: https://collections.leventhalmap.org/search/commonwealth:x059cc46g Various versions have been published.",,"Davenport, Charles",,1006-1015,,Not drawn to scale,42.3574037,-71.0726,Bird's eye view,1,,1,12 x 4.5,Blueline,Edge damage.,,,,,,,,,,,,,,,,,,,,,,,,,,,,,,,,,,,,,,,,,,,,,,,,,,,,,,,,,,,,,,,,,,,,,,,,,,,,,,,,,,,,,,,,,,,,,,,,,,,,
Perkins_W36_1007,Bay State Road,"Boston, MA",[Untitled - Beacon Street - Plan No. 9],1883-05-07,,,Bay State Road; Beacon Street; Commonwealth Avenue; Brighton Avenue; Brookline Avenue; Beacon Entrance to Back Bay Park; Charles River,"Subdivision plan showing lots spread over multiple blocks, bisected by new streets and alleyways. Alleyway by Charles River shows ""turning place."" Note: ""Waste in streets and passageways 137,545 Sq. ft or 26 5/10 per cent.""","Part of a series of plans for the Back Bay area that is now Baystate Road at Deerfield. Per 1880s Atlases, the land was owned by Boston & Roxbury Mill Corp. and Charles F. and John Q. Adams.",,Fuller & Whitney,,1007-1016,585,1 in = 100 ft,42.35012945,-71.0977,Survey Plan,1,,1,16.5 x 14,Blueprint,Edge damage.,,,,,,,,,,,,,,,,,,,,,,,,,,,,,,,,,,,,,,,,,,,,,,,,,,,,,,,,,,,,,,,,,,,,,,,,,,,,,,,,,,,,,,,,,,,,,,,,,,,,
Perkins_W36_1008,Bay State Road,"Boston, MA",[Untitled - Beacon Street - Plan No. 10],1883-05-07,,,Bay State Road; Beacon Street; Commonwealth Avenue; Brighton Avenue; Brookline Avenue; Beacon Entrance to Back Bay Park; Charles River,"Subdivision plan showing lots spread over multiple blocks, bisected by new streets and alleyways. Alleyway by Charles River shows ""turning place."" Note: ""Waste in streets and passageways 131,923 Sq. ft or 25 4/10 per cent.""","Part of a series of plans for the Back Bay area that is now Baystate Road at Deerfield. Per 1880s Atlases, the land was owned by Boston & Roxbury Mill Corp. and Charles F. and John Q. Adams.",,Fuller & Whitney,,1008-1017,585,1 in = 100 ft,42.35012945,-71.0977,Survey Plan,1,,1,16.5 x 14,Blueprint,Edge damage.,,,,,,,,,,,,,,,,,,,,,,,,,,,,,,,,,,,,,,,,,,,,,,,,,,,,,,,,,,,,,,,,,,,,,,,,,,,,,,,,,,,,,,,,,,,,,,,,,,,,
Perkins_W37_1009,Parker Street and Rogers Street,"Boston, MA",[Untitled - Parker Street and Rogers Street],1883-05-11,,New England Manufacturers and Mechanics Institute Building,Back Bay Park; Courtland Place [Discontinued]; Drisko Street [Discontinued]; Greenleaf Street; Huntington Entrance [Forsythe Way]; Mechanic Street; Parker Street [Fenway]; Rogers Avenue [Forsythe Street]; Russell Street,"Subdivision plan layout showing multiple blocks of lots with building outlines. Central area says ""Taken by city for street May 12th 1881. Another indicated section of Rogers Avenue taken by City of Roxbury in 1865 for sewer. Note indicates that this plan numbered 1,2,3 & 4 show the situation of land marked ABCDEFG the line of the taking by the city of portion marked AIJDK, wiz. May 12, 1881. The land (total area 172,700 sq. ft) is shown on plan No. as laid out before the taking and the percentage of area consumed by streets and passageways is shown in comparison with other methods of laying and (No. 2, 3 & 4) made necessary by taking.",,,Fuller & Whitney,,1009-1018,,1 in = 100 ft,42.33912204,-71.0908,Survey Plan,1,,1,14.5 X 16.5,Blueprint,Dimensions includes binding.,,,,,,,,,,,,,,,,,,,,,,,,,,,,,,,,,,,,,,,,,,,,,,,,,,,,,,,,,,,,,,,,,,,,,,,,,,,,,,,,,,,,,,,,,,,,,,,,,,,,
Perkins_W37_1010,Parker Street and Rogers Street,"Boston, MA",[Untitled - Parker Street and Rogers Street - Plan No. 1],1883-05-11,,New England Manufacturers and Mechanics Institute Building,Back Bay Park; Courtland Place [Discontinued]; Drisko Street [Discontinued]; Greenleaf Street; Huntington Entrance [Forsythe Way]; Mechanic Street; Parker Street [Fenway]; Rogers Avenue [Forsythe Street]; Russell Street,Subdivision plan layout showing multiple blocks of lots with building outlines. Subtitle: Amount consumed in Streets and Passengers: 31 percent.,,,Fuller & Whitney,,1010-1019,,1 in = 100 ft,42.33912204,-71.0908,Survey Plan,1,,1,14.5 X 16.5,Blueprint,Dimensions includes binding.,,,,,,,,,,,,,,,,,,,,,,,,,,,,,,,,,,,,,,,,,,,,,,,,,,,,,,,,,,,,,,,,,,,,,,,,,,,,,,,,,,,,,,,,,,,,,,,,,,,,
Perkins_W37_1011,Parker Street and Rogers Street,"Boston, MA",[Untitled - Parker Street and Rogers Street - Plan No. 2],1883-05-11,,New England Manufacturers and Mechanics Institute Building,Back Bay Park; Courtland Place [Discontinued]; Drisko Street [Discontinued]; Greenleaf Street; Huntington Entrance [Forsythe Way]; Mechanic Street; Parker Street [Fenway]; Rogers Avenue [Forsythe Street]; Russell Street,Subdivision plan layout showing multiple blocks of lots with building outlines. Subtitle: Amount consumed in Streets and Passengers: 49 5/10 percent. Shows Huntington Ave. intersection at Courtland and Rogers. Several lot sections display red penciled crosses.,,,Fuller & Whitney,,1011-1020,,1 in = 100 ft,42.33912204,-71.0908,Survey Plan,1,,1,14.5 X 16.5,Blueprint,Dimensions includes binding.,,,,,,,,,,,,,,,,,,,,,,,,,,,,,,,,,,,,,,,,,,,,,,,,,,,,,,,,,,,,,,,,,,,,,,,,,,,,,,,,,,,,,,,,,,,,,,,,,,,,
Perkins_W37_1012,Parker Street and Rogers Street,"Boston, MA",[Untitled - Parker Street and Rogers Street - Plan No. 3],1883-05-11,,New England Manufacturers and Mechanics Institute Building,Back Bay Park; Courtland Place [Discontinued]; Drisko Street [Discontinued]; Greenleaf Street; Huntington Entrance [Forsythe Way]; Mechanic Street; Parker Street [Fenway]; Rogers Avenue [Forsythe Street]; Russell Street,Subdivision plan layout showing multiple blocks of lots with building outlines. Subtitle: Amount consumed in Streets and Passengers: 49 7/10 percent. Shows Huntington Ave. intersection at Courtland and Rogers. Several lot sections have red penciled marks.,,,Fuller & Whitney,,1012-1021,,1 in = 100 ft,42.33912204,-71.0908,Survey Plan,1,,1,14.5 X 16.5,Blueprint,Dimensions includes binding.,,,,,,,,,,,,,,,,,,,,,,,,,,,,,,,,,,,,,,,,,,,,,,,,,,,,,,,,,,,,,,,,,,,,,,,,,,,,,,,,,,,,,,,,,,,,,,,,,,,,
Perkins_W37_1013,Parker Street and Rogers Street,"Boston, MA",[Untitled - Parker Street and Rogers Street - Plan No. 4],1883-05-11,,New England Manufacturers and Mechanics Institute Building,Back Bay Park; Courtland Place [Discontinued]; Drisko Street [Discontinued]; Greenleaf Street; Huntington Entrance [Forsythe Way]; Mechanic Street; Parker Street [Fenway]; Rogers Avenue [Forsythe Street]; Russell Street,Subdivision plan layout showing multiple blocks of lots with building outlines. Subtitle: Amount consumed in Streets and Passengers: 49 7/10 percent. Shows Huntington Ave. intersection at Courtland and Rogers.,,,Fuller & Whitney,,1013-1022,,1 in = 100 ft,42.33912204,-71.0908,Survey Plan,1,,1,14.5 X 16.5,Blueprint,Dimensions includes binding.,,,,,,,,,,,,,,,,,,,,,,,,,,,,,,,,,,,,,,,,,,,,,,,,,,,,,,,,,,,,,,,,,,,,,,,,,,,,,,,,,,,,,,,,,,,,,,,,,,,,
Perkins_W37_1014,Parker Street and Rogers Street,"Boston, MA",[Untitled - Parker Street and Rogers Street - Plan No. 5],1883-05-11,,New England Manufacturers and Mechanics Institute Building,Back Bay Park; Courtland Place [Discontinued]; Drisko Street [Discontinued]; Greenleaf Street; Huntington Entrance [Forsythe Way]; Mechanic Street; Parker Street [Fenway]; Rogers Avenue [Forsythe Street]; Russell Street,"Subdivision plan layout showing multiple blocks of lots with building outlines. Shows outline of land taken by city (see 1009-1018). Note on verso indicates ""Special plan added.""",,,Fuller & Whitney,,1014-1023,,1 in = 100 ft,42.33912204,-71.0908,Survey Plan,1,,1,14.5 X 16.5,Blueprint,Dimensions includes binding.,,,,,,,,,,,,,,,,,,,,,,,,,,,,,,,,,,,,,,,,,,,,,,,,,,,,,,,,,,,,,,,,,,,,,,,,,,,,,,,,,,,,,,,,,,,,,,,,,,,,
Perkins_W37_1015,,"Boston, MA","[Untitled - Fisher Avenue, Heath Street, Parker Street, Parker Hill Avenue]",1883-05-23,"Cotting, Charles U. Trust",,Fisher Avenue; Heath Street; Parker Street; Parker Hill Avenue,"Schematic layout showing footprint of buildings. Handwritten note indicates ""tracing for C U Cotting?] Hand-done hatching and numerical notations.","Per 1884 Bromley, land between Fisher Avenue, Parker Street, Parker Hill Avenue, owned by Charles U. Cotting, Trustees; land was already subdivided.",,Fuller & Whitney,,1015-1024,,1 in = 80 ft,42.32749,-71.1009,Survey Plan,1,,1,19 X 14.5,Blueprint,Dimensions includes binding.,,,,,,,,,,,,,,,,,,,,,,,,,,,,,,,,,,,,,,,,,,,,,,,,,,,,,,,,,,,,,,,,,,,,,,,,,,,,,,,,,,,,,,,,,,,,,,,,,,,,
Perkins_W37_1016,,"Boston, MA","[Untitled - Dartmouth Street, Huntington Avenue, and adjacent streets]",1883-05-26,,Boston & Albany Railroad; Boston & Providence Railroad,Dartmouth Street; Harcourt Street; Huntington Avenue; St. Botolph Street; West Canton Street; Yarmouth Street [Yarmouth Square],Street layout showing boundary lines and measurements for land near railroad. Contains table of calculations.,,,Fuller & Whitney,,1016-1025,,1 in = 80 ft,42.34628288,-71.0777,Survey Plan,1,,1,15.5 x 14,Blueprint,Dimensions includes binding.,,,,,,,,,,,,,,,,,,,,,,,,,,,,,,,,,,,,,,,,,,,,,,,,,,,,,,,,,,,,,,,,,,,,,,,,,,,,,,,,,,,,,,,,,,,,,,,,,,,,
Perkins_W37_1017,Huntington Street Lands,"Boston, MA",[Huntington Avenue - Plan. No. 5],1883-04-10,,"Boston & Albany Railroad, Boston & Providence Railroad, Exhibition Building, Hotel Huntington, Hotel Oxford, Institute of Fine Arts, Title Co.",Buckingham Street; Dartmouth Square; Exeter Street; Garrison Street; Harcourt Street; Harwich Street [Yarmouth Square]; Holyoke Street; Huntington Avenue; St. James Avenue; St. Botolph Street; Truro Street [Yarmouth Place]; West Canton Street; Yarmouth Street,"Subdivision plan showing over 9 sets of lots divided by streets and railroads. One section titled ""Plan No.5. Showing laying out of plan No. 1 modified by proposed exchange with B&A RR according to red line shown on plan dated May 26 1883"". Note: Waste in streets and passageways 21 4/10 per cent.",,,Fuller & Whitney,,1017-1026,,1 in = 100 ft,42.34628288,-71.0777,Survey Plan,1,,1,15.5 x 14,Blueprint,Dimensions includes binding.,,,,,,,,,,,,,,,,,,,,,,,,,,,,,,,,,,,,,,,,,,,,,,,,,,,,,,,,,,,,,,,,,,,,,,,,,,,,,,,,,,,,,,,,,,,,,,,,,,,,
Perkins_W37_1018,Huntington Street Lands,"Boston, MA",[Huntington Avenue - Plan. No. 6],1883-04-10,,"Boston & Albany Railroad, Boston & Providence Railroad, Exhibition Building, Hotel Huntington, Hotel Oxford, Institute of Fine Arts, Title Co.",Buckingham Street; Dartmouth Square; Exeter Street; Garrison Street; Harcourt Street; Harwich Street [Yarmouth Square]; Holyoke Street; Huntington Avenue; St. James Avenue; St. Botolph Street; Truro Street [Yarmouth Place]; West Canton Street; Yarmouth Street,"Subdivision plan showing over 9 sets of lots divided by streets and railroads. One section titled ""Plan No.6. Showing laying out of plan No. 4 modified by proposed exchange with B&A RR according to red line shown on plan dated May 26 1883"". Note: Waste in streets and passageways 21 4/10 per cent.",,,Fuller & Whitney,,1018-1027,,1 in = 100 ft,42.34628288,-71.0777,Survey Plan,1,,1,15.5 x 14,Blueprint,Dimensions includes binding.,,,,,,,,,,,,,,,,,,,,,,,,,,,,,,,,,,,,,,,,,,,,,,,,,,,,,,,,,,,,,,,,,,,,,,,,,,,,,,,,,,,,,,,,,,,,,,,,,,,,
Perkins_W37_1019,,"Boston, MA",[Untitled - Huntington Avenue],1883-05-31,,"Edwards, James E.; New England Manufacturers & Mechanics Institute; Potter, Asa P.",Huntington Avenue; Parker Street [Fenway]; Rogers Avenue [Forsythe Street],Lot plan showing boundaries of lot owned by Boston Power. Contains table of sq. ft. calculations. Features lines of old ditch and fence.,,,Fuller & Whitney,,1019-1028,,1 in = 60 ft,42.33912204,-71.0908,Survey Plan,1,,1,16 x 12.5,Blueprint,Dimensions includes binding.,,,,,,,,,,,,,,,,,,,,,,,,,,,,,,,,,,,,,,,,,,,,,,,,,,,,,,,,,,,,,,,,,,,,,,,,,,,,,,,,,,,,,,,,,,,,,,,,,,,,
Perkins_W37_1020,,"Boston, MA","[Untitled - Harwich Street, Yarmouth Street]",1882-03-30,,,Harwich Street; Yarmouth Street,"Lot plan showing a block with dividing lines and notation for brick house, bounded by passageways 5 and 20 feet wide and unnamed street. Contains note about wall and indicates additional work on plan done 1883-06-08.","Per Sanborn Atlas and other atlases, passageway may have become Truro Street [Yarmouth Place]. Owner was Augustus Ninian Clark.",,Fuller & Whitney,,1020-1029,,1 in = 20 ft,42.34626,-71.0763,Survey Plan,1,,1,12 x 13,Blueprint,2 panels taped. Creases.,,,,,,,,,,,,,,,,,,,,,,,,,,,,,,,,,,,,,,,,,,,,,,,,,,,,,,,,,,,,,,,,,,,,,,,,,,,,,,,,,,,,,,,,,,,,,,,,,,,,
Perkins_W37_1021,Ipswich Street,"Boston, MA",[Untitled - Ipswich Street],1883-06-13,,Boston & Albany Railroad,Commonwealth Avenue; Ipswich Street; Newbury Street; [Private Alley 191],Lot plan showing one dimensioned lot with passageway off Newbury Street as well as edge of parklands. ,"The Ipswich Street shown on the survey now is Charlesgate East; contemporary Ipswich Street has been relocated south of the turnpike. Per 1884 Atlas, land owned by H.M. Whitney et al of The Park Entrance Lands Trust. ",,[Fuller & Whitney],,1021-1030,,1 in = 80 ft,42.34855914,-71.0949,Survey Plan,1,,1,10.5 x 12,Blueprint,,,,,,,,,,,,,,,,,,,,,,,,,,,,,,,,,,,,,,,,,,,,,,,,,,,,,,,,,,,,,,,,,,,,,,,,,,,,,,,,,,,,,,,,,,,,,,,,,,,,,
Perkins_W37_1022,,"Boston, MA",[Untitled - Beacon Street],1881-10-11,,,Beacon Street; Charles River,"Street layout showing Beacon Street in parallel to Charles River. Grade line shows heights along the river. Note: Grade 14.00 was given for top of the wall west of Park. The following show heights of wharves and seawalls as built at various places above the city"" followed by list of docks and wharves with heights. Red penciled notes.",,,[Fuller & Whitney],,1022-1031,,1 in = 200 ft,42.35056,-71.0922,Survey Plan,1,,1,17.5 x 10,Blueprint,,,,,,,,,,,,,,,,,,,,,,,,,,,,,,,,,,,,,,,,,,,,,,,,,,,,,,,,,,,,,,,,,,,,,,,,,,,,,,,,,,,,,,,,,,,,,,,,,,,,,
Perkins_W37_1023,,"Boston, MA","[Untitled - Back Bay Park, Huntington Avenue, and adjacent streets]",1883-06-15,,"Ayer, Frederick; Brewer, S.B. Estate; Emory, Caleb S.; Hankey, Anthony; Lemon, Nancy; Rogers, Partrick; Thompson, Edward; Ward, Frances J.; ",Back Bay Park; Huntington Avenue; Parker Hill Entrance [Defunct]; Vancouver Street,"Street layout with colored penciled lines for lots and passageways and new 50' wide street between Huntington Avenue and Parker Hill Entrance. Red penciled notations indicate date inferred and ""Fuller added May 1 1900""",Proposed new street may be forerunner of Ruggles Avenue and Louis Prang Street.,,[Fuller & Whitney],,1023-1032,,1 in = 60 ft,42.33754462,-71.0981,Survey Plan,1,,1,17 x 18.5,Blueprint,Creases. Taping.,,,,,,,,,,,,,,,,,,,,,,,,,,,,,,,,,,,,,,,,,,,,,,,,,,,,,,,,,,,,,,,,,,,,,,,,,,,,,,,,,,,,,,,,,,,,,,,,,,,,
Perkins_W37_1024,Boston Harbor Wharves,"Boston, MA",[Untitled - Hemenway Estate - Wharves],1883-06-01,"Hemenway Estate; Tirrell, Jessie",Hemenway Estate,Fort Port Channel; Hobbs Wharf; Howes Wharf; Shaving Street; Tirrells Wharf; ,Lot survey with outline of wharves and various property lines. Red penciled remarks and measurements. Also shows harbor commissioner's line.,"Appears to related to negotiations between Hemenway and Tirrell over property line. By 1900, land was appropriated for South Station Train terminal.",,[Fuller & Whitney],,1024-1033,,1 in = 30 ft,42.34981092,-71.0542,Survey Plan,1,,1,18.5 x 11,Blueprint,Creases.,,,,,,,,,,,,,,,,,,,,,,,,,,,,,,,,,,,,,,,,,,,,,,,,,,,,,,,,,,,,,,,,,,,,,,,,,,,,,,,,,,,,,,,,,,,,,,,,,,,,
Perkins_W37_1025,Parker Street and Rogers Street,"Boston, MA",[Untitled - Parker Street and Rogers Street],1883-07-13,"Rogers Avenue Land Company, Cole, Malcolm B. & Crowell, Albert, Tr.; Eaton, J. H.; Edwards, James; Eliot Land Co., Barrett, Sydney J., Jackson, Chas. E.; Sumner, Eben.",New England Manufacturers and Mechanics Institute Building,Back Bay Park; Courtland Place [Discontinued]; Parker Street [Fenway]; Rogers Avenue [Forsythe Street],Plan showing dashed lines representing right of way for sewer; one unassigned lot contains table of sq. footages. Passage way laid out on land of T.B. Moses.,Path of sewer may be future Rogers Street [Forsyth Street],,Fuller & Whitney,,1025-1034,,1 in = 60 ft,42.33912204,-71.0908,Survey Plan,1,,1,16 x 19.5,Blueprint,Creases. Tear.,,,,,,,,,,,,,,,,,,,,,,,,,,,,,,,,,,,,,,,,,,,,,,,,,,,,,,,,,,,,,,,,,,,,,,,,,,,,,,,,,,,,,,,,,,,,,,,,,,,,
Perkins_W37_1026,,"Boston, MA",30 Court Street,,,,30 Court Street,"Plan and section of gutter, showing location of pipe, cover, and materials.",,,Fuller & Whitney,,1026-1035,,1 in = 2 ft,42.35914496,-71.0591,Engineering Drawing,1,,1,9 x 13,Blueprint,,,,,,,,,,,,,,,,,,,,,,,,,,,,,,,,,,,,,,,,,,,,,,,,,,,,,,,,,,,,,,,,,,,,,,,,,,,,,,,,,,,,,,,,,,,,,,,,,,,,,
Perkins_W37_1027,,"Arlington, MA",Estimate of Streets at Arlington according to plans and profiles,1883-07-19,,,Academy Street; Gray Street; Pleasant Street,"Multipage handwritten specifications for layout of two streets. Includes layout of street materials count, materials specs, time, lines and grades, and payments. Consists of 9 numbered pages plus double-with cover sheet. penciled notation says ""Work commenced Wednesday Aug. 29 188?","Per introduction, project was to grade, build, and finish two streets on the Gray Estate from Academy to Pleasant Street.",,Fuller & Whitney,,1027-1036,,Not applicable,42.41262903,-71.1596,Specifications,5,,1,15 x 13.5,Blueprint,"Creases. Missing sections. Binding marks. Pages 1-8 are printed 2-on-1, cover is full width.",,,,,,,,,,,,,,,,,,,,,,,,,,,,,,,,,,,,,,,,,,,,,,,,,,,,,,,,,,,,,,,,,,,,,,,,,,,,,,,,,,,,,,,,,,,,,,,,,,,,
Perkins_W37_1028,,"Boston, MA",[Copy of a plan at Suffolk Registry],1883-08-30,"""Church,""; Joy; Mason; Otis; Sullivan;",,Charles Street; Charles Rivers; May Street [Defunct]; Pinkney Street [Pinckney Street]; Summer Street [Defunct].,"Subdivision plan of lots alongside Charles Street, marked 55 ft. wide. 13 lots are numbered. Title block indicates that plan was copied by Alex Wadsworth, Surv., April 18, 1828 and is a copy of a plan at Suffolk Registry, Rec. end Lib 220.",Suffolk registry contains quintet of plans by Wadsworth for Charles Street areas.,Suffolk Unindexed Plan Bk/Pg 330/999,Fuller & Whitney,,1028-1037,,1 in = 80 ft,42.35879623,-71.0707,Survey Plan,1,,1,11 x 15.5,Blueprint,,,,,,,,,,,,,,,,,,,,,,,,,,,,,,,,,,,,,,,,,,,,,,,,,,,,,,,,,,,,,,,,,,,,,,,,,,,,,,,,,,,,,,,,,,,,,,,,,,,,,
Perkins_W37_1029,,"Boston, MA",[Copy of a plan at Suffolk Registry],1883-08-30,,Church,Charles Street; Charles Rivers; Chestnut Street; A Street [River Street]; B Street [Byron Street]; C Street [Lime Street]; D Street [Brimmer]; Mill Dam [Defunct]; Sumner Street.,"Subdivision plan showing 5 groups of over 81 lots between Charles Street and Charles River. Streets contain prominent width dimensions. Sea wall and north boundary called out. Title block indicates that plan was copied by Alex Wadsworth, Surv., April 18, 1828 and is a copy of a plan at Suffolk Registry, Rec. end Lib 220.",,,Fuller & Whitney,,1029-1038,,1 in = 60 ft,42.35783204,-71.0655,Survey Plan,1,,1,14 x 13.5,Blueprint,,,,,,,,,,,,,,,,,,,,,,,,,,,,,,,,,,,,,,,,,,,,,,,,,,,,,,,,,,,,,,,,,,,,,,,,,,,,,,,,,,,,,,,,,,,,,,,,,,,,,
Perkins_W37_1030,Ponds Shenandoah Valley in 1804,Virginia,Map of Lower Shenandoah Valley from Government Surveys,1883-09-19,,,Blue Ridge mountains and other ranges between Hagerstown and Manassas; Short Hills to Strasburg.,Topographic map of the lower Shenandoah Valley.,"Is featured in Fuller & Whitney's ""Union and Confederate campaigns in the lower Shenandoah Valley illustrated: twenty years after"" (https://www.loc.gov/item/2007627347/)",,Fuller & Whitney,,1030-1039,,3/8 in = 10 mi,39.21780588,-78.0472,Topographic Survey,1,,1,9.5 x 12,Blueprint,,,,,,,,,,,,,,,,,,,,,,,,,,,,,,,,,,,,,,,,,,,,,,,,,,,,,,,,,,,,,,,,,,,,,,,,,,,,,,,,,,,,,,,,,,,,,,,,,,,,,
Perkins_W37_1031,Beacon Entrance to Back Bay Park,"Boston, MA",[Untitled - Plan No. 5],1883-03-24,,Boston & Albany Railroad,Beacon Street; Brighton Avenue; Brookline Avenue; Commonwealth Avenue; West Chester Park [Massachusetts Avenue]; Charles River; Beacon Entrance to Back Bay Park [Charlesgate]; Newbury Street; West Newbury Street,Subdivision Plan showing over 80 lots spread over 5 sections and alleyways. Lots include dimensions and square footage. Possibly erased labelling of Jersey and Kensington Streets (now Charlesgate). Notation at intersection of West Chester Park (Mass Avenue) and Charles River says Proposed Bridge to Cambridge. Notation: Plan No. 5. Areas are approximate.,,,Fuller & Whitney,,1031-1040,36 - 42,1 in = 100 ft,42.34879536,-71.0924,Survey Plan,1,,1,27.5 x 16.5,Blueprint,2 panels taped. Seam damage. ,,,,,,,,,,,,,,,,,,,,,,,,,,,,,,,,,,,,,,,,,,,,,,,,,,,,,,,,,,,,,,,,,,,,,,,,,,,,,,,,,,,,,,,,,,,,,,,,,,,,
Perkins_W37_1032,Ponds Shenandoah Valley in 1804,Virginia,List of Sheridan's and Early's Armies in the Campaign of 1864,,,,,"Lists of army divisions taken from ""Ponds Shenandoah Valley in 1804"" with supplemental notes.","Is featured in Fuller & Whitney's ""Union and Confederate campaigns in the lower Shenandoah Valley illustrated: twenty years after"" (https://www.loc.gov/item/2007627347/)",,Fuller & Whitney,,1032-1041,,Not applicable,39.21780588,-78.0472,List,1,,1,14 x 15.5,Blueprint,,,,,,,,,,,,,,,,,,,,,,,,,,,,,,,,,,,,,,,,,,,,,,,,,,,,,,,,,,,,,,,,,,,,,,,,,,,,,,,,,,,,,,,,,,,,,,,,,,,,,
Perkins_W37_1033,,"North End (Boston, MA)",[Untitled - Hanover and Mechanic Streets],1883-09-18,,"Clark (formerly); Wingersky, Samuel.",Hanover Street; Mechanic Street,"Lot plan showing outline of two brick buildings, wooden dwelling, and shed, arched passage. Note: The portion between the dotted line and the Wingersky Estate was recently acquired by purchase. Note on verso indicates was compared to Wilson's reduced plan of 8/22/1901, filed as Suffolk 1614-622.",,Suffolk Unindexed Plan Bk/Pg 1614/622,Fuller & Whitney,,1033-1042,,1 in = 5 ft,42.36279636,-71.0553,Survey Plan,1,,1,17.5 x 14,Blueprint,Edge damage.,,,,,,,,,,,,,,,,,,,,,,,,,,,,,,,,,,,,,,,,,,,,,,,,,,,,,,,,,,,,,,,,,,,,,,,,,,,,,,,,,,,,,,,,,,,,,,,,,,,,
Perkins_W37_1034,Beacon Entrance to Back Bay Park,"Boston, MA",[Untitled - Plan No. 5],1883-09-01,,Boston & Albany Railroad,Beacon Street; Brighton Avenue; Brookline Avenue; Commonwealth Avenue; West Chester Park [Massachusetts Avenue]; Charles River; Beacon Entrance to Back Bay Park [Charlesgate]; Ipswich Street [Charlesgate East]; Jersey Street [Charlesgate West]; Kenmore Street; Newbury Street; West Newbury Street,Subdivision Plan showing over 80 lots spread over 7 sections and alleyways. Lots include dimensions and square footage. Possibly erased labelling of Jersey and Kensington Streets (now Charlesgate). Notation at intersection of West Chester Park (Mass Avenue) and Charles River says Proposed Bridge to Cambridge. Notation: Plan No. 5. Areas are approximate. ,Is different plan version from #1031-1040,,Fuller & Whitney,,1034-1043,36 - 42,1 in = 100 ft,42.34879536,-71.0924,Survey Plan,1,,1,27.5 x 16.5,Blueprint,2 panels taped.,,,,,,,,,,,,,,,,,,,,,,,,,,,,,,,,,,,,,,,,,,,,,,,,,,,,,,,,,,,,,,,,,,,,,,,,,,,,,,,,,,,,,,,,,,,,,,,,,,,,
Perkins_W37_1035-1040,Dalton Street,"Boston, MA",[Untitled - Dalton Street - Plans No. 1 thru No. 6],1883-09-27,,Boston & Albany Railroad,Boylston Street; Dalton Street; Falmouth Street; Hereford Street; Gloucester Street; Huntington Avenue; West Newton; West Chester Park [Massachusetts Avenue],6 subdivision plans showing proposed layout for groups of lots divided by streets. Red penciled indicate waste in streets in sq. footage and percent.,"Unnamed ""forty ft. street"" may be current Belvedere Street.",,[Fuller & Whitney],,1035-1044/1040-1049,,1 in = 100 ft,42.34684228,-71.0852,Survey Plan,6,,1,14.5 x 16,Blueprint,Edge damage. Plans 3-6 taped together.,,,,,,,,,,,,,,,,,,,,,,,,,,,,,,,,,,,,,,,,,,,,,,,,,,,,,,,,,,,,,,,,,,,,,,,,,,,,,,,,,,,,,,,,,,,,,,,,,,,,
Perkins_W38_1041-1045,Huntington Street Lands,"Boston, MA",[Untitled - Huntington Ave./Westland Ave - Plans No 1 thru No. 5],1883-10-01,,,Camden Street [Defunct]; Falmouth Street [Defunct]; Huntington Avenue; Parker Street [Hemenway]; West Chester Park [Westland Avenue]; Westland Avenue,5 subdivision plans showing proposed layout for groups of lots divided by streets and passageways. Each scheme features number and % of water in street.,,,Fuller & Whitney,,1041-1050/1045-1054,,1 in = 100 ft,42.3433956,-71.0858,Survey Plan,5,,1,15.5 x 14,Blueprint,Tear.,,,,,,,,,,,,,,,,,,,,,,,,,,,,,,,,,,,,,,,,,,,,,,,,,,,,,,,,,,,,,,,,,,,,,,,,,,,,,,,,,,,,,,,,,,,,,,,,,,,,
Perkins_W38_1046,West Chester Park at Commonwealth and Newbury,"Boston, MA",[Untitled - West Chester Park at Commonwealth and Newbury],1883-10-06,,Boston & Albany Railroad,Commonwealth Avenue; Newbury Street; West Chester Park [Massachusetts Ave.],Lot plan showing outline of two lots accessed by passageway,Duplicate of 1046-1056. Peabody & Stearns designed two houses that were built on these lots; now owned by the Harvard Club of Boston.,,[Fuller & Whitney],,1046-1055,41,1 in = 80 ft,42.34872626,-71.0893,Survey Plan,1,,1,12.5 x 15,Blueprint,,,,,,,,,,,,,,,,,,,,,,,,,,,,,,,,,,,,,,,,,,,,,,,,,,,,,,,,,,,,,,,,,,,,,,,,,,,,,,,,,,,,,,,,,,,,,,,,,,,,,
Perkins_W38_1047,West Chester Park at Commonwealth and Newbury,"Boston, MA",[Untitled - West Chester Park at Commonwealth and Newbury],1883-10-06,,Boston & Albany Railroad,Commonwealth Avenue; Newbury Street; West Chester Park [Massachusetts Ave.],Lot plan showing outline of two lots accessed by passageway,Duplicate of 1046-1055. Peabody & Stearns designed two houses that were built on these lots; now owned by the Harvard Club of Boston.,,[Fuller & Whitney],,1047-1056,41,1 in = 80 ft,42.34872626,-71.0893,Survey Plan,1,,1,12.5 x 15,Blueprint,,,,,,,,,,,,,,,,,,,,,,,,,,,,,,,,,,,,,,,,,,,,,,,,,,,,,,,,,,,,,,,,,,,,,,,,,,,,,,,,,,,,,,,,,,,,,,,,,,,,,
Perkins_W38_1048,Dalton Street,"Boston, MA",[Untitled - Dalton Street - Plan No. 7],1883-10-01,,Boston & Albany Railroad,Boylston Street; Dalton Street; Falmouth Street; Hereford Street; Gloucester Street; Huntington Avenue; West Newton; West Chester Park [Massachusetts Avenue],Subdivision plans showing proposed layout for groups of lots divided by streets.,"Unnamed ""forty ft. street"" may be current Belvedere Street.",,[Fuller & Whitney],,1048-1057,,1 in = 100 ft,42.34684228,-71.0852,Survey Plan,1,,1,14 x 16,Blueprint,,,,,,,,,,,,,,,,,,,,,,,,,,,,,,,,,,,,,,,,,,,,,,,,,,,,,,,,,,,,,,,,,,,,,,,,,,,,,,,,,,,,,,,,,,,,,,,,,,,,,
Perkins_W38_1049,Dartmouth Street at Huntington Avenue,"Boston, MA",[Untitled - Dartmouth at Huntington Ave.],1883-10-17,"Brown, J.F., Burr, C.C., Burrell, H.L., Haynes, J.C., Kitteredge, A.L., Kitteredge, M.H., Long, W.H. Tr., Lyman, Theo, Preston, J., Preston, W.G., Russell, Geo. D., Sackeld, C.F., Sturgis, J.H.",Boston & Albany Railroad,Dartmouth Street; Huntington Avenue,Street / lot layout showing occupied lots with passageways ranging in width from 12 to 20 feet.,Passageways may be forerunner of Oxford Terrace (now defunct).,,[Fuller & Whitney],,1049-1058,,1 in = 30 ft,42.34912173,-71.0772,Survey Plan,1,,1,26 x 15,Blueprint,2 panels taped.,,,,,,,,,,,,,,,,,,,,,,,,,,,,,,,,,,,,,,,,,,,,,,,,,,,,,,,,,,,,,,,,,,,,,,,,,,,,,,,,,,,,,,,,,,,,,,,,,,,,
Perkins_W38_1050,Dartmouth Street at Huntington Avenue,"Boston, MA",[Untitled - Dartmouth at Huntington Ave.],1883-10-17,,Boston & Albany Railroad; Boston & Providence Railroad,Dartmouth Street; Harcourt Street; Huntington Avenue; St. Botolph Street,Lot plan showing location of several plots and passage way.,Passageway may be forerunner of Irvington Street.,,[Fuller & Whitney],,1050-1059,,1 in = 100 ft,42.34642592,-71.0789,Survey Plan,1,,1,10 x 13,Blueprint,,,,,,,,,,,,,,,,,,,,,,,,,,,,,,,,,,,,,,,,,,,,,,,,,,,,,,,,,,,,,,,,,,,,,,,,,,,,,,,,,,,,,,,,,,,,,,,,,,,,,
Perkins_W38_1051,Huntington Street Lands,"Boston, MA",[Untitled - Huntington Ave./Westland Ave. Plan No. 6],1883-10-22,,,Camden Street [Defunct]; Falmouth Street [Defunct]; Huntington Avenue; Parker Street [Hemenway]; West Chester Park [Westland Avenue]; Westland Avenue,Subdivision plan showing proposed layout for groups of lots divided by streets and passageways.,Print is very faded; seems rotated version of other plans in set.,,Fuller & Whitney,,1051-1060,,1 in = 100 ft,42.3433956,-71.0858,Survey Plan,1,,1,14 x 16,Blueprint,,,,,,,,,,,,,,,,,,,,,,,,,,,,,,,,,,,,,,,,,,,,,,,,,,,,,,,,,,,,,,,,,,,,,,,,,,,,,,,,,,,,,,,,,,,,,,,,,,,,,
Perkins_W38_1052,Dalton Street,"Boston, MA",[Untitled - Dalton Street - Plan No. 8],1883-10-22,,Boston & Albany Railroad,Boylston Street; Dalton Street; Falmouth Street; Hereford Street; Gloucester Street; Huntington Avenue; West Newton; West Chester Park [Massachusetts Avenue],Subdivision plan showing proposed layout for groups of lots divided by streets.,"Unnamed ""forty ft. street"" may be current Belvedere Street.",,[Fuller & Whitney],,1052-1061,,1 in = 100 ft,42.34684228,-71.0852,Survey Plan,1,,1,14.5 x 16,Blueprint,,,,,,,,,,,,,,,,,,,,,,,,,,,,,,,,,,,,,,,,,,,,,,,,,,,,,,,,,,,,,,,,,,,,,,,,,,,,,,,,,,,,,,,,,,,,,,,,,,,,,
Perkins_W38_1053,,"Charlestown (Boston, MA)",[Untitled - Jerome Place at Bunker Hill Street],1883-10-22,,,Bunker Hill Street; Jerome Place [Defunct]; Marion Street [Defunct],Subdivision plan showing 2 lots with building footprints and numeric notations abutting alleyway.,Current location is between O'Reilly and Walford Ways. Plan 1054-1063 contains note on verso re this location on Jerome Place.,,[Fuller & Whitney],,1053-1062,,1 in = 30 ft,42.37773,-71.0579,Survey Plan,1,,1,6 x 13,Blueprint,,,,,,,,,,,,,,,,,,,,,,,,,,,,,,,,,,,,,,,,,,,,,,,,,,,,,,,,,,,,,,,,,,,,,,,,,,,,,,,,,,,,,,,,,,,,,,,,,,,,,
Perkins_W38_1054,Dartmouth Street at Huntington Avenue,"Boston, MA",[Untitled - Dartmouth at Huntington Ave.],1883-10-23,,Boston & Albany Railroad; Boston & Providence Railroad,Dartmouth Street; Harcourt Street; Huntington Avenue; St. Botolph Street,Lot plan showing location of several plots and passage way. Date entered in red pencil. Note on verso summarizes comment by Mr. T. R. Hall,Passageway is forerunner of Irvington Street. Variant on 1050-1059.,,[Fuller & Whitney],,1054-1063,,1 in = 100 ft,42.34642592,-71.0789,Survey Plan,1,,1,12 x 16,Blueprint,,,,,,,,,,,,,,,,,,,,,,,,,,,,,,,,,,,,,,,,,,,,,,,,,,,,,,,,,,,,,,,,,,,,,,,,,,,,,,,,,,,,,,,,,,,,,,,,,,,,,
Perkins_W38_1055,,"Charlestown (Boston, MA)",[Untitled - Jerome Place at Bunker Hill Street],1883-10-24,,Formerly Tufts.,Bunker Hill Street; Jerome Place [Defunct]; Marion Street [Defunct],"Subdivision plan showing 15 numbered lots, plus five additional lots, some with building footprints and numeric notations abutting alleyway. Note in red pencil and on verso about later tracing made.",Current location is between O'Reilly and Walford Ways. Plan 1054-1063 contains note on verso re this location on Jerome Place.,,Fuller & Whitney,,1055-1064,,1 in = 30 ft,42.37773,-71.0579,Survey Plan,1,,1,12.5 x 14.5,Blueprint,,,,,,,,,,,,,,,,,,,,,,,,,,,,,,,,,,,,,,,,,,,,,,,,,,,,,,,,,,,,,,,,,,,,,,,,,,,,,,,,,,,,,,,,,,,,,,,,,,,,,
Perkins_W38_1056-1060,Alvin Adams Estate Plans,"Watertown, MA",Alvin Adams Estate Plans [Schemes A - E],1883-10-25,"Alvin Adams Estate, Trustees",,Belmont Street; School Street,"Set of 5 subdivision plan ""schemes"" labelled A thru E. Subtitle: Number One showing Mansion House lot. Shows multiple lots divided by ""present driveway"" as well as new streets; outline of existing buildings and waste area calculations.","The estate was also known as ""Fountain Hill,"" then ""Fairlawn"". Alvin Adams was founder of a pioneer rail shipment company, Adams Express. Adams owned a townhouse at 222 Beacon Street, a Back Bay connection. See Wikipedia profile.",,Fuller & Whitney,,1056-1065/1060-1069,,1 in = 100 ft,42.37621544,-71.1654,Survey Plan,5,,1,14 x 16,Blueprint,,,,,,,,,,,,,,,,,,,,,,,,,,,,,,,,,,,,,,,,,,,,,,,,,,,,,,,,,,,,,,,,,,,,,,,,,,,,,,,,,,,,,,,,,,,,,,,,,,,,,
Perkins_W38_1061,Belvedere / Cambria / Dalton Streets,"Boston, MA","[Untitled - Belvidere, Cambria, and adjacent streets]",1883-10-09,,Boston & Albany Railroad,Astor Street [Hemenway]; Belvidere Street; Bothnia Street [St. Cecelia Street]; Boylston Street; Cambria Street; Dalton Street; Falmouth Street; Hereford Street; Gloucester Street; Huntington Avenue; Scotia Street; West Newton; West Chester Park [Massachusetts Avenue],Subdivision plan showing three group of 93 lots divided by new streets. Also shows lot at Baldwin Street.,,,[Fuller & Whitney],,1061-1070,"66, 67",1 in = 100 ft,42.3468423,-71.0852,Survey Plan,1,,1,15.5 x 16,Blueprint,Edge damage. Tears.,,,,,,,,,,,,,,,,,,,,,,,,,,,,,,,,,,,,,,,,,,,,,,,,,,,,,,,,,,,,,,,,,,,,,,,,,,,,,,,,,,,,,,,,,,,,,,,,,,,,
Perkins_W38_1062,Huntington Street Lands,"Boston, MA",[Untitled - Huntington Ave./Westland Ave.],1883-11-05,Boston Water Power Company,,Camden Street [Defunct]; Falmouth Street [Defunct]; Huntington Avenue; Parker Street [Hemenway]; West Chester Park [Westland Avenue]; Westland Avenue,Subdivision plan showing proposed layout for 4 groups comprising 91 lots divided by streets and passageways. Red and black ink notes indicate copy of a tracing.,Print is faded.,,[Fuller & Whitney],,1062-1071,,1 in = 100 ft,42.3433956,-71.0858,Survey Plan,1,,1,14.5 x 16,Blueprint,,,,,,,,,,,,,,,,,,,,,,,,,,,,,,,,,,,,,,,,,,,,,,,,,,,,,,,,,,,,,,,,,,,,,,,,,,,,,,,,,,,,,,,,,,,,,,,,,,,,,
Perkins_W38_1063,Belvedere / Cambria / Dalton Streets,"Boston, MA",[Untitled - Belvedere / Cambria Street],1883-10-31,,Boston & Albany Railroad,Belvidere Street; Bothnia Street [St. Cecelia Street]; Boylston Street; Cambria Street; Dalton Street; Falmouth Street; Gloucester Street; Hereford Street; Huntington Avenue; Scotia Street; West Newton; West Chester Park [Massachusetts Avenue],Subdivision plan showing three groups comprising 93 lots divided by new streets. Also shows lots at Baldwin Street. Notes in red pencils indicate copy of previous tracing.,,,[Fuller & Whitney],,1063-1072,"66, 67",1 in = 100 ft,42.3468423,-71.0852,Survey Plan,1,,1,14.5 x 16,Blueprint,Edge damage.,,,,,,,,,,,,,,,,,,,,,,,,,,,,,,,,,,,,,,,,,,,,,,,,,,,,,,,,,,,,,,,,,,,,,,,,,,,,,,,,,,,,,,,,,,,,,,,,,,,,
Perkins_W38_1064,Dartmouth Street at Huntington Avenue,"Boston, MA",[Untitled - Dartmouth at Huntington Ave.],1883-10-23,,Boston & Albany Railroad; Boston & Providence Railroad,Dartmouth Street; Harcourt Street; Huntington Avenue; Irvington Street [Defunct]; St. Botolph Street,Lot plan showing location of several plots and passage way. Verso contains extensive notes on versions and copies. Refers to Plan 1054.,,,[Fuller & Whitney],,1064-1073,,1 in = 100 ft,42.3478393,-71.0772,Survey Plan,1,,1,13 x 15,Blueprint,,,,,,,,,,,,,,,,,,,,,,,,,,,,,,,,,,,,,,,,,,,,,,,,,,,,,,,,,,,,,,,,,,,,,,,,,,,,,,,,,,,,,,,,,,,,,,,,,,,,,
Perkins_W38_1065,Alvin Adams Estate Plans,"Watertown, MA",Alvin Adams Estate Plans [Scheme C2],1883-10-25,"Alvin Adams Estate, Trustees",,Belmont Street; School Street,"Subdivision plan ""scheme"" C2. Subtitle: Number One showing Mansion House lot and garden. Shows multiple lots divided by ""present driveway"" as well as new streets; outline of existing buildings and waste area calculations. Inked in notations indicates additions Nov. 13, 1885. Areas of subdivisions are not correct.","The estate was also known as ""Fountain Hill,"" then ""Fairlawn"". Alvin Adams was founder of a pioneer rail shipment company, Adams Express. Adams owned a townhouse at 222 Beacon Street, a Back Bay connection. See Wikipedia profile.",,Fuller & Whitney,,1065-1074,,1 in = 100 ft,42.37621544,-71.1654,Survey Plan,1,,1,14 x 16,Blueprint,,,,,,,,,,,,,,,,,,,,,,,,,,,,,,,,,,,,,,,,,,,,,,,,,,,,,,,,,,,,,,,,,,,,,,,,,,,,,,,,,,,,,,,,,,,,,,,,,,,,,
Perkins_W38_1066,Alvin Adams Estate Plans,"Watertown, MA",Alvin Adams Estate Plans [Scheme A],1883-10-25,"Alvin Adams Estate, Trustees",,Belmont Street; Mount Auburn Street; School Street,"Subdivision plan ""scheme"" A (more extensive than 1056-1065). Note on verso mentions relationship of schemes A and C.",See 1898 Landscape design by E. Bowditch for additional acreage. The Digital Commonwealth contains various items related to the property.,,Fuller & Whitney,,1066-1075,,1 in = 100 ft,42.37621544,-71.1654,Survey Plan,1,,1,14.5 x 26,Blueprint,2 panels taped. Edge damage. Tear.,,,,,,,,,,,,,,,,,,,,,,,,,,,,,,,,,,,,,,,,,,,,,,,,,,,,,,,,,,,,,,,,,,,,,,,,,,,,,,,,,,,,,,,,,,,,,,,,,,,,
Perkins_W38_1067,Alvin Adams Estate Plans,"Watertown, MA",Alvin Adams Estate Plans [Number Three showing Russell Lot Scheme A],1883-11-13,"Alvin Adams Estate, Trustees",,Mount Auburn Street; School Street,"Subdivision plan ""scheme"" A for Number Three showing Russell Lot. Shows multiple lots divided by two roads. Provides calculation for waste in streets.","The estate was also known as ""Fountain Hill,"" then ""Fairlawn"". Alvin Adams was founder of a pioneer rail shipment company, Adams Express. Adams owned a townhouse at 222 Beacon Street, a Back Bay connection. See Wikipedia profile.",,Fuller & Whitney,,1067-1076,,1 in = 100 ft,42.37621544,-71.1654,Survey Plan,1,,1,14.5 x 16,Blueprint,,,,,,,,,,,,,,,,,,,,,,,,,,,,,,,,,,,,,,,,,,,,,,,,,,,,,,,,,,,,,,,,,,,,,,,,,,,,,,,,,,,,,,,,,,,,,,,,,,,,,
Perkins_W38_1068,Alvin Adams Estate Plans,"Watertown, MA",Alvin Adams Estate Plans [Scheme C - Mansion House Lot],1883-11-13,"Alvin Adams Estate, Trustees",,Belmont Street; School Street,"Subdivision plan ""scheme"" C2. Subtitle: Number One showing Mansion House lot. Shows multiple lots divided by ""present driveway"" as well as new streets; outline of existing buildings and waste area calculations. Inked in notations indicates additions Nov. 13, 1885. Areas of subdivisions are not correct.",,,Fuller & Whitney,,1068-1077,,1 in = 100 ft,42.37621544,-71.1654,Survey Plan,1,,1,14.5 x 16,Blueprint,,,,,,,,,,,,,,,,,,,,,,,,,,,,,,,,,,,,,,,,,,,,,,,,,,,,,,,,,,,,,,,,,,,,,,,,,,,,,,,,,,,,,,,,,,,,,,,,,,,,,
Perkins_W38_1069,,"South Boston (Boston, MA)",Second Street,1883-10-15,,Now or formerly Patrick Boyle,West Second Street,"Lot plan showing outline of Brick building (Main Building), Bake House","Per 1874 Bromley and 1880 Boston City Directory, Patrick Boyle occupied 10 West Second Street as a stone cutter; Deane at 8 West Second.",,Fuller & Whitney,,1069-1078,,1 in = 5 ft,42.34355944,-71.0567,Survey Plan,1,,1,12.5 x 16,Blueprint,,,,,,,,,,,,,,,,,,,,,,,,,,,,,,,,,,,,,,,,,,,,,,,,,,,,,,,,,,,,,,,,,,,,,,,,,,,,,,,,,,,,,,,,,,,,,,,,,,,,,
Perkins_W38_1070,Alvin Adams Estate Plans,"Watertown, MA",Alvin Adams Estate Plans [Number Three showing Russell Lot Scheme B],1883-11-17,"Alvin Adams Estate, Trustees",,Mount Auburn Street; School Street,"Subdivision plan ""scheme"" B for Number Three showing Russell Lot. Shows multiple lots divided by two roads. Provides calculation for waste in streets.","The estate was also known as ""Fountain Hill,"" then ""Fairlawn"". Alvin Adams was founder of a pioneer rail shipment company, Adams Express. Adams owned a townhouse at 222 Beacon Street, a Back Bay connection. See Wikipedia profile.",,Fuller & Whitney,,1070-1079,,1 in = 100 ft,42.37621544,-71.1654,Survey Plan,1,,1,14 x 16,Blueprint,,,,,,,,,,,,,,,,,,,,,,,,,,,,,,,,,,,,,,,,,,,,,,,,,,,,,,,,,,,,,,,,,,,,,,,,,,,,,,,,,,,,,,,,,,,,,,,,,,,,,
Perkins_W38_1071,Alvin Adams Estate Plans,"Watertown, MA",Alvin Adams Estate Plans [Number Three showing Russell Lot Scheme C],1883-11-17,"Alvin Adams Estate, Trustees",,Mount Auburn Street; School Street,"Subdivision plan ""scheme"" B for Number Three showing Russell Lot. Shows multiple lots divided by two roads. Provides calculation for waste in streets.","The estate was also known as ""Fountain Hill,"" then ""Fairlawn"". Alvin Adams was founder of a pioneer rail shipment company, Adams Express. Adams owned a townhouse at 222 Beacon Street, a Back Bay connection. See Wikipedia profile.",,Fuller & Whitney,,1071-1080,,1 in = 100 ft,42.37621544,-71.1654,Survey Plan,1,,1,14 x 16,Blueprint,,,,,,,,,,,,,,,,,,,,,,,,,,,,,,,,,,,,,,,,,,,,,,,,,,,,,,,,,,,,,,,,,,,,,,,,,,,,,,,,,,,,,,,,,,,,,,,,,,,,,
Perkins_W38_1071.5,,"Boston, MA",[Untitled - Beacon Street],1883-12-10,,,Beacon Entrance to Back Bay Park [Charlesgate]; Beacon Street; Commonwealth Avenue; Hereford Street; Ipswich Street; West Chester Park [Massachusetts Ave.]; Charles River,Street layout for two blocks of Beacon Street. Shows harbor line at Charles River.,,,Fuller & Whitney,,1071.5-1081,,1 in = 100 ft,42.3501902,-71.0894,Survey Plan,1,,1,18.5 x 17.5,Blueprint,,,,,,,,,,,,,,,,,,,,,,,,,,,,,,,,,,,,,,,,,,,,,,,,,,,,,,,,,,,,,,,,,,,,,,,,,,,,,,,,,,,,,,,,,,,,,,,,,,,,,
Perkins_W39_1101-1104,Dalton Street,"Boston, MA",[Untitled - Dalton Street - Plan No. 1 thru No. 4],1883-12-10,,Boston & Albany Railroad,Boylston Street; Dalton Street; Falmouth Street; Hereford Street; Gloucester Street; Huntington Avenue; West Newton,Subdivision plans showing proposed layout for groups of lots divided by streets. Contain waste in street calculations.,"Unnamed ""forty ft. street"" may be current Belvedere Street.",,[Fuller & Whitney],,1101-1177/1104-1180,,1 in = 100 ft,42.34684228,-71.0852,Survey Plan,4,,1,14 x 16,Blueprint,,,,,,,,,,,,,,,,,,,,,,,,,,,,,,,,,,,,,,,,,,,,,,,,,,,,,,,,,,,,,,,,,,,,,,,,,,,,,,,,,,,,,,,,,,,,,,,,,,,,,
Perkins_W39_1105,Alvin Adams Estate Plans,"Watertown, MA",Alvin Adams Estate Plans [Number Four showing Form. Lot Scheme A],1883-12-10,"Alvin Adams Estate, Trustees","Cutter, A.; Durham, C. & J.B.; Stickney; Wilson, George",Adams Avenue; Cedar Street; Mount Auburn Street; Nichols Avenue; School Street; Spruce Street,"Subdivision plan ""scheme"" A for Number Four showing Farm Lot. Shows multiple lots divided by three roads. Provides calculation for waste in streets. Shows proposed street to Union Market Station.","Unlike earlier plans, this shows lot south of Mt. Auburn Street. Some surrounding streets have been reworked.",,Fuller & Whitney,,1105-1181,,1 in = 100 ft,42.36850312,-71.1679,Survey Plan,1,,1,23 x 29,Blueprint,Tear. Sheet is folded twice.,,,,,,,,,,,,,,,,,,,,,,,,,,,,,,,,,,,,,,,,,,,,,,,,,,,,,,,,,,,,,,,,,,,,,,,,,,,,,,,,,,,,,,,,,,,,,,,,,,,,
Perkins_W39_1106-1111,Ellis Estate,"Roxbury (Boston, MA)","Plan of Ellis Estate, Boston Highlands, showing proposed streets and house lots [Schemes 1 thru 6]",1883-12-11,"Ellis, Maria M., estate of",School house,Ellis Street; Glen Avenue; Hawthorne Street; Marcella Street; Thornton Street; Thwing Place; Vale Street,"Subdivision plans ""scheme 1 thru 6"" showing lot layouts and proposed roads with waste in street calculations. Hatched outlines of buildings on both property and neighboring lots. Note on all schemes says: Underlined figures show comparative height of surface.","Per 1882 Hopkins Atlas, land owned by Mary J. Ellis. Later passed to heirs of Maria Ellis. One proposed street may now be Fulda Street.",,Fuller & Whitney,,1106-1128/1111-1187,,1 in = 80 ft,42.3231539,-71.0924,Survey Plan,6,,1,16.5 x 14,Blueprint,,,,,,,,,,,,,,,,,,,,,,,,,,,,,,,,,,,,,,,,,,,,,,,,,,,,,,,,,,,,,,,,,,,,,,,,,,,,,,,,,,,,,,,,,,,,,,,,,,,,,
Perkins_W39_1112,Alvin Adams Estate Plans,"Watertown, MA",Alvin Adams Estate Plans [Number Four showing Form. Lot Scheme B],1883-12-10,"Alvin Adams Estate, Trustees","Cutter, A.; Durham, C. & J.B.; Stickney; Wilson, George",Adams Avenue; Cedar Street; Mount Auburn Street; Nichols Avenue; School Street; Spruce Street,"Subdivision plan ""scheme"" b for Number Four showing Farm Lot. Shows multiple lots divided by four roads. Provides calculation for waste in streets [includes penciled in revised calculation]. Shows proposed streets to Walnut Street and Union Market Station.","Unlike earlier plans, this shows lot south of Mt. Auburn Street. Some surrounding streets have been reworked.",,Fuller & Whitney,,1112-1188,,1 in = 100 ft,42.36850312,-71.1679,Survey Plan,1,,1,31 x 24.5,Blueprint,Tear. Sheet is folded twice.,,,,,,,,,,,,,,,,,,,,,,,,,,,,,,,,,,,,,,,,,,,,,,,,,,,,,,,,,,,,,,,,,,,,,,,,,,,,,,,,,,,,,,,,,,,,,,,,,,,,
Perkins_W39_1113,Beacon Entrance to Back Bay Park,"Boston, MA",[Untitled - Beacon Entrance to Back Bay Park - Plan No. 5],1884-05-04,,"Boston & Albany Railroad; Receiver of Pacific Bank; Coolidge, T. Jefferson; Lee, Hunnewell & Lowell.",Beacon Street; Brighton Avenue; Brookline Avenue; Commonwealth Avenue; West Chester Park [Massachusetts Avenue]; Charles River; Beacon Entrance to Back Bay Park [Charlesgate]; Ipswich Street [Charlesgate East]; Jersey Street [Charlesgate West]; Kenmore Street; Newbury Street; West Newbury Street,"Subdivision Plan showing over 80 lots spread over 7 sections and alleyways. Lots include dimensions and square footage. Notation at intersection of West Chester Park (Mass Avenue) and Charles River says Proposed Bridge to Cambridge. Note indicates areas are approximate. May be drawing ""H"". Note on verso indicates that plan was made from takings May 16 1884 and Dec. 14 1883. 1884 date on front crossed out with red pencil, Dec 14 1883 penciled in.",,,Fuller & Whitney,,1113-1189,36 - 42,1 in = 100 ft,42.34879536,-71.0924,Survey Plan,1,,1,27 x 16,Blueprint,2 panels taped.,,,,,,,,,,,,,,,,,,,,,,,,,,,,,,,,,,,,,,,,,,,,,,,,,,,,,,,,,,,,,,,,,,,,,,,,,,,,,,,,,,,,,,,,,,,,,,,,,,,,
Perkins_W39_1114,Beacon Entrance to Back Bay Park,"Boston, MA",[Untitled - Beacon Entrance to Back Bay Park],1883-12-21,,,Beacon Street; Brighton Avenue; Commonwealth Avenue; West Chester Park [Massachusetts Avenue]; Charles River; Beacon Entrance to Back Bay Park [Charlesgate]; Ipswich Street [Charlesgate East]; Jersey Street [Charlesgate West]; Kenmore Street,Street layout plan with harbor line. Verso contains penciled-in table of numbers.,,,Fuller & Whitney,,1114-1190,36 - 42,1 in = 100 ft,42.34879536,-71.0924,Survey Plan,1,,1,32 x 13,Blueprint,2 panels taped. Crease. Fading.,,,,,,,,,,,,,,,,,,,,,,,,,,,,,,,,,,,,,,,,,,,,,,,,,,,,,,,,,,,,,,,,,,,,,,,,,,,,,,,,,,,,,,,,,,,,,,,,,,,,
Perkins_W39_1115,Belvedere / Cambria / Dalton Streets,"Boston, MA",[Untitled - Belvedere / Cambria Street],1883-10-31,,Boston & Albany Railroad,Astor Street; Baldwin Street; Belvidere Street; Bothnia Street [St. Cecelia Street]; Boylston Street; Cambria Street; Dalton Street; Falmouth Street; Gloucester Street; Hereford Street; Huntington Avenue; Scotia Street; West Newton; West Chester Park [Massachusetts Avenue],"Subdivision plan showing four groups comprising 91 lots divided by new streets. Also shows lots at Baldwin Street and Lot A1 and A2 on Belvedere. Notes in red and black ink and pencil show calculations and comments on scope, grading, extent of fill.",,,[Fuller & Whitney],,1115-1191,"66, 67",1 in = 100 ft,42.3468423,-71.0852,Survey Plan,1,,1,14 x 16,Blueprint,Edge damage. Fading.,,,,,,,,,,,,,,,,,,,,,,,,,,,,,,,,,,,,,,,,,,,,,,,,,,,,,,,,,,,,,,,,,,,,,,,,,,,,,,,,,,,,,,,,,,,,,,,,,,,,
Perkins_W39_1116,Bay State Road,"Boston, MA",[Untitled - Beacon Street - Plan No. 10],1883-12-22,,,Bay State Road; Beacon Street; Commonwealth Avenue; Brighton Avenue; Brookline Avenue; Beacon Entrance to Back Bay Park; Jersey Street [Charlesgate West] Charles River,"Subdivision plan showing lots spread over multiple blocks, bisected by new streets and alleyways. Alleyway by Charles River shows ""turning place."" Note: ""Waste in streets and passageways 131,923 Sq. ft or 25 4/10 per cent.","Part of a series of plans for the Back Bay area that is now Baystate Road at Deerfield. Per 1880s Atlases, the land was owned by Boston & Roxbury Mill Corp. and Charles F. and John Q. Adams.",,Fuller & Whitney,,1116-1192,,1 in = 100 ft,42.35012945,-71.0977,Survey Plan,1,,1,16.5 x 13.5,Blueprint,Edge damage.,,,,,,,,,,,,,,,,,,,,,,,,,,,,,,,,,,,,,,,,,,,,,,,,,,,,,,,,,,,,,,,,,,,,,,,,,,,,,,,,,,,,,,,,,,,,,,,,,,,,
Perkins_W39_1117,Alvin Adams Estate Plans,"Watertown, MA",Plans of Alvin Adams Estate Watertown with studies for developing the lands for house lots,1883-12-01,"Alvin Adams Estate, Trustees","Cutter, A.; Durham, C. & J.B.; Stickney; Wilson, George",Belmont Street; Mount Auburn Street; School Street; Town of Watertown from Charles River/US Arsenal to Mount Auburn Cemetery to Common Street,"Cover sheet for subdivision studies. Includes table of contents for Mansion House, Barn, Russell, and Farm lots with calculations expressed in square feet and acres. Verso contains notes re plans including comment that 17 plans in folio marked ""Plans of Alvin Adams Estate Watertown.""",,,Fuller & Whitney,,1117-1193,,1.25 in = 1000 ft,42.36850312,-71.1679,Survey Plan,1,,1,14.5 x 16,Blueprint,,,,,,,,,,,,,,,,,,,,,,,,,,,,,,,,,,,,,,,,,,,,,,,,,,,,,,,,,,,,,,,,,,,,,,,,,,,,,,,,,,,,,,,,,,,,,,,,,,,,,
Perkins_W39_1118-1129,,"Boston, MA",Statement accompanying plan by Fuller & Whitney Dated Jan 1 1884,1884-01-01,"Boston Hemp Manufacturing; Boston Water Power Co.; Crafts & Hathaway; Dorr; Francis, Lyman & Ralstom; Mill Dam; Thorndike, Israel; Treadwell",,Canal; Francis Street [Discontinued]; Parker Street [Discontinued]; Massachusetts Avenue,Multipage handwritten testament regarding land owned by Snelling. Contains street and subdivision layouts at various scales. Describes transactions back to 1830s and includes references to deeds in Norfolk County registry. Note on verso discusses discussion about location of lines.,Streets referred to as Francis and Parker are not the current streets with these names.,,Fuller & Whitney,,1118-1194/1129-1194,,Various,42.33207,-71.0974,Survey Plan - Statement,12,,1,14.5 x 16.5,Blueprint,Edge damage.,,,,,,,,,,,,,,,,,,,,,,,,,,,,,,,,,,,,,,,,,,,,,,,,,,,,,,,,,,,,,,,,,,,,,,,,,,,,,,,,,,,,,,,,,,,,,,,,,,,,
Perkins_W39_1130,Marlborough St / West Chester Park,"Boston, MA",[Untitled - Marlborough St / West Chester Park - Plan No. 1],1884-01-19,,,Beacon Street; Commonwealth Avenue; Ipswich Street [Charlesgate East]; Marlborough Street; Newbury Street; West Chester Park [Massachusetts Avenue]; Charles River; Beacon Entrance to Back Bay Park [Charlesgate],Subdivision plan showing two blocks of lots with square footage and dimensions and passageways.,,,Fuller & Whitney,,1130-1195,"39, 40",1 in = 80 ft,42.34953279,-71.0929,Survey Plan,1,,1,14 x 16,Blueprint,,,,,,,,,,,,,,,,,,,,,,,,,,,,,,,,,,,,,,,,,,,,,,,,,,,,,,,,,,,,,,,,,,,,,,,,,,,,,,,,,,,,,,,,,,,,,,,,,,,,,
Perkins_W39_1131,Marlborough St / West Chester Park,"Boston, MA",[Untitled - Marlborough St / West Chester Park - Plan No. 1],1884-01-19,,,Beacon Street; Commonwealth Avenue; Ipswich Street [Charlesgate East]; Marlborough Street; Newbury Street; West Chester Park [Massachusetts Avenue]; Charles River; Beacon Entrance to Back Bay Park [Charlesgate],Subdivision plan showing two blocks of lots with square footage and dimensions and passageways.,,,Fuller & Whitney,,1131-1196,"39, 40",1 in = 80 ft,42.34953279,-71.0929,Survey Plan,1,,1,14 x 16,Blueprint,,,,,,,,,,,,,,,,,,,,,,,,,,,,,,,,,,,,,,,,,,,,,,,,,,,,,,,,,,,,,,,,,,,,,,,,,,,,,,,,,,,,,,,,,,,,,,,,,,,,,
Perkins_W39_1132,West Newton St.,"Boston, MA",[Untitled - West Newton St / St. Botolph's - Plan No. 1],1884-02-18,,,Huntington Avenue; St. Botolph Street; West Newton Street; Unnamed Passageway [Public Alleyway 402],"Subdivision plan showing one block of 16 lots with common outdoor space, passageway.",Lots on Huntington Ave. are now the Colonnade Hotel.,,Fuller & Whitney,,1132-1197,,1 in = 30 ft,42.34523,-71.0807,Survey Plan,1,,1,14 x 16,Blueprint,,,,,,,,,,,,,,,,,,,,,,,,,,,,,,,,,,,,,,,,,,,,,,,,,,,,,,,,,,,,,,,,,,,,,,,,,,,,,,,,,,,,,,,,,,,,,,,,,,,,,
Perkins_W39_1133,West Newton St.,"Boston, MA",[Untitled - West Newton St / St. Botolph's - Plan No. 2],1884-02-18,,,Huntington Avenue; St. Botolph Street; West Newton Street; Unnamed Passageway [Public Alleyway 402],"Subdivision plan showing one block of 17 lots with common outdoor space, passageway.",Lots on Huntington Ave. are now the Colonnade Hotel.,,Fuller & Whitney,,1133-1198,,1 in = 30 ft,42.34523,-71.0807,Survey Plan,1,,1,14 x 16,Blueprint,Edge damage.,,,,,,,,,,,,,,,,,,,,,,,,,,,,,,,,,,,,,,,,,,,,,,,,,,,,,,,,,,,,,,,,,,,,,,,,,,,,,,,,,,,,,,,,,,,,,,,,,,,,
Perkins_W39_1134,West Newton St.,"Boston, MA",[Untitled - West Newton St / St. Botolph's - Plan No. 3],1884-02-18,,,Huntington Avenue; St. Botolph Street; West Newton Street; Unnamed Passageway [Public Alleyway 402],"Subdivision plan showing one block of 15 lots with common outdoor space, passageway.",Lots on Huntington Ave. are now the Colonnade Hotel.,,Fuller & Whitney,,1134-1199,,1 in = 30 ft,42.34523,-71.0807,Survey Plan,1,,1,14 x 16,Blueprint,,,,,,,,,,,,,,,,,,,,,,,,,,,,,,,,,,,,,,,,,,,,,,,,,,,,,,,,,,,,,,,,,,,,,,,,,,,,,,,,,,,,,,,,,,,,,,,,,,,,,
Perkins_W40_1135,West Newton St.,"Boston, MA",[Untitled - West Newton St / St. Botolph's - Plan No. 3],1884-02-18,,,Huntington Avenue; St. Botolph Street; West Newton Street; Unnamed Passageway [Public Alleyway 402],"Subdivision plan showing one block of 19 lots with common outdoor space, passageway.",Lots on Huntington Ave. are now the Colonnade Hotel.,,Fuller & Whitney,,1135-1200,,1 in = 30 ft,42.34523,-71.0807,Survey Plan,1,,1,14 x 16,Blueprint,Edge damage.,,,,,,,,,,,,,,,,,,,,,,,,,,,,,,,,,,,,,,,,,,,,,,,,,,,,,,,,,,,,,,,,,,,,,,,,,,,,,,,,,,,,,,,,,,,,,,,,,,,,
Perkins_W40_1136-1139,Dalton Street / Falmouth Street,"Boston, MA","[Untitled - Dalton St. / Falmouth St. - Plans No. 1, No. 2, No. 3, No. 4]",1884-02-29,"Brooks, B.F. Trust; Gray, Whitney, H.M.",,Belvidere Street; Dalton Street; Falmouth Street; Huntington Avenue; West Chester Park,"4 variants of a subdivision plans showing three sets of blocks labelled B.F. Brooks; Wm. Gray; H.M. Whitney, with dividing passageway. One lot noted as partly built.",,,Fuller & Whitney,,1136-1201/1139-1204,,1 in = 80 ft,42.34579723,-71.086,Survey Plan,4,,1,14 x 16,Blueprint,Edge damage.,,,,,,,,,,,,,,,,,,,,,,,,,,,,,,,,,,,,,,,,,,,,,,,,,,,,,,,,,,,,,,,,,,,,,,,,,,,,,,,,,,,,,,,,,,,,,,,,,,,,
Perkins_W40_1140,,"Boston, MA",Summer Street,1884-03-05,Cushing; Parker Heirs; Rice,"Damon; Kirby, C.K.; Rice. N.W.",155 and 157-9 Summer Street,"Plot plan showing two lots of brick buildings with stone fronts. Note regarding rear walls says windows on six stories. Background note indicates one rear corner is parcel forming part of Parsons Estate bought by Marshall and Sawyers Carpenters July 12, 1839; lists other sales to Carney and to Jobbs through 1840.",Buildings have been demolished to make way for expressway; buildings were known as the Bordman Building.,,Fuller & Whitney,,1140-1205,,1 in = 8 ft,42.35319168,-71.0572,Survey Plan,1,,1,13.5 x 10,Blueprint,Edge damage. Top portion has been folded.,,,,,,,,,,,,,,,,,,,,,,,,,,,,,,,,,,,,,,,,,,,,,,,,,,,,,,,,,,,,,,,,,,,,,,,,,,,,,,,,,,,,,,,,,,,,,,,,,,,,
Perkins_W40_1141,Francis Estate,"Boston, MA",Plan of Lands on Parker Hill and Riverdale showing improvements on streets and estates.,1884-01-01,Heirs of Ebenezer Francis,,Boston and Brookline. Neighborhoods: Back Bay Park; Riverdale; Parker Hill,Plan showing Francis Farm in the context of Boston and Brookline.,,,Fuller & Whitney,,1141-1206,,1 in = 500 ft,42.33733848,-71.1071,Survey Plan,1,,1,16 x 14,Blueprint,,,,,,,,,,,,,,,,,,,,,,,,,,,,,,,,,,,,,,,,,,,,,,,,,,,,,,,,,,,,,,,,,,,,,,,,,,,,,,,,,,,,,,,,,,,,,,,,,,,,,
Perkins_W40_1142-1147,Francis Estate,"Boston, MA","Plan of Mansion House Lot, Francis Farm in Roxbury, showing proposed streets and house lots, Plan No. 1 thru 6",1884-02-15,Heirs of Ebenezer Francis,,Francis Street; Huntington Avenue; Longwood Avenue; Tremont Street; Wigglesworth Street,"6 variants of a subdivision plan showing multiple blocks of lots interspersed with new roads and, on some plans, green areas. Some proposed streets are shown to be on same axis as existing ones. Display calculations for waste in streets and passageways. Shows footprint of mansion and neighbors' houses across Longwood Avenue.",Francis farm had over 20 acres at this location. Francis family was involved in real estate development in Back Bay before fill. The farm is now in the heart of the Longwood medical area.,,Fuller & Whitney,,1142-1207/1147-1212,,1 in = 100 ft,42.33733848,-71.1071,Survey Plan,6,,1,14.5 x 16.5,Blueprint,Edge damage.,,,,,,,,,,,,,,,,,,,,,,,,,,,,,,,,,,,,,,,,,,,,,,,,,,,,,,,,,,,,,,,,,,,,,,,,,,,,,,,,,,,,,,,,,,,,,,,,,,,,
Perkins_W40_1148-1150,Francis Estate,"Boston, MA","Plan of Park Lot, Francis Farm in Roxbury, showing proposed streets and house lots, Plan No. 1 thru 3",1884-03-01,Heirs of Ebenezer Francis,"Boston Water Power Co.; Floyd, Michal; Sears, F.R. & K.W.;",Longwood Avenue; Wigglesworth Street,3 variants of a subdivision plan showing multiple blocks of lots interspersed with new roads. Display calculations for waste in streets and passageways. Shows footprint of houses across Longwood Avenue.,Is extension of plans shown for Mansion House lot.,,Fuller & Whitney,,1148-1213/1150-1215,,1 in = 100 ft,42.336238,-71.1017,Survey Plan,3,,1,14.5 x 16.5,Blueprint,,,,,,,,,,,,,,,,,,,,,,,,,,,,,,,,,,,,,,,,,,,,,,,,,,,,,,,,,,,,,,,,,,,,,,,,,,,,,,,,,,,,,,,,,,,,,,,,,,,,,
Perkins_W40_1151,Boylston Entrance,"Boston, MA",[Untitled - Boylston Street - Newbury Street],Not identified,,Boston & Albany Railroad,Back Bay Park; Boylston Street; Newbury Street; Parker Street [Hemenway Street]; West Chester Park,"Street layout focusing on lot between Boylston and railroad. Contains red penciled notes to see a letter to B&R and Plan 1061D. Lot borders contain notes referring to other deeds, conveyances, etc.",,,Fuller & Whitney,,1151-1216,,1 in = 80 ft,42.34701129,-71.0893,Survey Plan,1,,1,14 x 16.5,Blueprint,Edge damage.,,,,,,,,,,,,,,,,,,,,,,,,,,,,,,,,,,,,,,,,,,,,,,,,,,,,,,,,,,,,,,,,,,,,,,,,,,,,,,,,,,,,,,,,,,,,,,,,,,,,
Perkins_W40_1152,Boylston Entrance,"Boston, MA",[Untitled - Commonwealth Avenue - Beacon Entrance],Not identified,,Boston & Albany Railroad,Commonwealth Avenue; Beacon Entrance to Back Bay Park [Charlesgate]; Ipswich Street [Charlesgate East]; Jersey Street [Charlesgate West]; Kenmore Street; Newbury Street; West Newbury Street,Street layout focusing on lot at corner of Jersey and West Newbury Streets. Abuts what is now Private Alley 939.,"Per 1884 Bromley, lot owned by H.M. Whitney.",,Fuller & Whitney,,1152-1217,,1 in = 80 ft,42.34902532,-71.0924,Survey Plan,1,,1,15.5 x 13.5,Blueprint,,,,,,,,,,,,,,,,,,,,,,,,,,,,,,,,,,,,,,,,,,,,,,,,,,,,,,,,,,,,,,,,,,,,,,,,,,,,,,,,,,,,,,,,,,,,,,,,,,,,,
Perkins_W40_1153,,"Boston, MA",Settlement of Contracts for Filling Commonwealth Avenue Extension Lands,1884-04-04,Boston Water Power; City of Boston; Beacon St. Trustees; Park Entrance Trustees; Skillings Est. Assigns.,,,"Summary of contract settlement showing ""statement of results of measurements of Fuller & Whitney, Engineers, of work (under agreements) performed by the Boston and Albany Railroad Co. Parties named to pay the B. &. A.R. Co. the ""smallest sum"" named and the whole or none of the sums marked ""unassigned sums."" Contains table of sums assigned to reach party plus details of items A, B, C,D for slopes and mud.",,,Fuller & Whitney,,1153-1218,,Not applicable,,,Contract Document,1,,1,8.5 x 15,Blueprint,,,,,,,,,,,,,,,,,,,,,,,,,,,,,,,,,,,,,,,,,,,,,,,,,,,,,,,,,,,,,,,,,,,,,,,,,,,,,,,,,,,,,,,,,,,,,,,,,,,,,
Perkins_W40_1154,Belvedere / Cambria / Dalton Streets,"Boston, MA","[Untitled - Belvidere, Cambria, and adjacent streets]",1884-04-15,,Boston & Albany Railroad,Astor Street [Hemenway]; Belvidere Street; Bothnia Street [St. Cecelia Street]; Boylston Street; Cambria Street; Dalton Street; Falmouth Street; Hereford Street; Gloucester Street; Huntington Avenue; Scotia Street; West Newton; West Chester Park [Massachusetts Avenue],Subdivision plan showing four groups of 93 lots divided by new streets. Also shows lot at Baldwin Street and lots at corner of Falmouth and Newton. Contains handwritten notes and original date of 1883-10-31 is crossed out.,Is variant on other plans for this area.,,[Fuller & Whitney],,1154-1219,"66, 67",1 in = 100 ft,42.3468423,-71.0852,Survey Plan,1,,1,18 x 15,Brownline on vellum,Edge damage.,,,,,,,,,,,,,,,,,,,,,,,,,,,,,,,,,,,,,,,,,,,,,,,,,,,,,,,,,,,,,,,,,,,,,,,,,,,,,,,,,,,,,,,,,,,,,,,,,,,,
Perkins_W40_1155,Marlborough St / West Chester Park,"Boston, MA",[Untitled - Marlborough St / West Chester Park],1884-04-22,,,Beacon Street; Commonwealth Avenue; Marlborough Street; West Chester Park [Massachusetts Avenue],Subdivision plan showing two blocks of lots with square footage and dimensions and passageways.,,,Fuller & Whitney,,1155-1220,"39, 40",1 in = 60 ft,42.34953279,-71.0929,Survey Plan,1,,1,11.5 x 16,Blueprint,,,,,,,,,,,,,,,,,,,,,,,,,,,,,,,,,,,,,,,,,,,,,,,,,,,,,,,,,,,,,,,,,,,,,,,,,,,,,,,,,,,,,,,,,,,,,,,,,,,,,
Perkins_W40_1156,Marlborough St / West Chester Park,"Boston, MA",[Untitled - Marlborough St / West Chester Park],1884-04-18,,,Beacon Street; Commonwealth Avenue; Ipswich Street; Marlborough Street; Newbury Street; West Chester Park [Massachusetts Avenue]; Beacon Entrance to Back Bay Park [Charlesgate]; Proposed bridge to Cambridge ,"Lot plan showing layout of two blocks of 19 numbered lots, each with a passageway.",,,Fuller & Whitney,,1156-1221,"39, 40",1 in = 80 ft,42.34953279,-71.0929,Survey Plan,1,,1,14.5 x 16.5,Blueprint,Edge damage.,,,,,,,,,,,,,,,,,,,,,,,,,,,,,,,,,,,,,,,,,,,,,,,,,,,,,,,,,,,,,,,,,,,,,,,,,,,,,,,,,,,,,,,,,,,,,,,,,,,,
Perkins_W40_1157,,"Boston, MA","[Untitled - Camden Street, Falmouth Street, Hemingway]",1884-05-21,,,Falmouth Street [St. Stephen]; Camden Street [Gainsborough Street]; Huntington Avenue,Street layout with two lots containing red penciled calculations,Shows section of Camden Street that now is Gainsborough Street,,Fuller & Whitney,,1157-1222,,1 in = 60 ft,42.3418084,-71.087,Survey Plan,1,,1,14.5 x 16.5,Blueprint,Edge damage.,,,,,,,,,,,,,,,,,,,,,,,,,,,,,,,,,,,,,,,,,,,,,,,,,,,,,,,,,,,,,,,,,,,,,,,,,,,,,,,,,,,,,,,,,,,,,,,,,,,,
Perkins_W40_1158,Francis Estate,"Boston, MA",Plan of Lands on Parker Hill and Riverdale showing improvements on streets and estates.,1884-03-01,Heirs of Ebenezer Francis,,Boston and Brookline. Neighborhoods: Back Bay Park; Riverdale; Parker Hill,Plan showing Francis Farm in the context of Boston and Brookline. Section of Parker Hill and area near Atwood Avenue is outlined in red pencil.,,,Fuller & Whitney,,1158-1223,,1 in = 500 ft,42.33733848,-71.1071,Survey Plan,1,,1,16 x 14,Blueprint,,,,,,,,,,,,,,,,,,,,,,,,,,,,,,,,,,,,,,,,,,,,,,,,,,,,,,,,,,,,,,,,,,,,,,,,,,,,,,,,,,,,,,,,,,,,,,,,,,,,,
Perkins_W40_1159,,"Boston, MA",Plan of Back Bay showing Improvements on Streets and Estates from latest surveys.,1883-07-01,,,,"Street layout of entire Back Bay from Brookline, Charles River, Public Garden, South Bay, Tremont Street, Back Bay Park. Many blocks show street addresses or numbered lots or building outlines. Lot near Tremont Street is outlined in red pencil. Per note, letters refer to Commonwealth Avenue Lands, snowing owners and assessments, numbers refer to Park Lands plans showing locations and sizes of estates, names of owners, approximate areas and assessors' valuations.",,,Fuller & Whitney,,1159-1224,,1 in = 500 ft,42.3433956,-71.0858,Survey Plan,1,,1,26 x 16.5,Blueprint,2 panels taped. Edge damage.,,,,,,,,,,,,,,,,,,,,,,,,,,,,,,,,,,,,,,,,,,,,,,,,,,,,,,,,,,,,,,,,,,,,,,,,,,,,,,,,,,,,,,,,,,,,,,,,,,,,
Perkins_W40_1160-1163,,"Boston, MA",Plan of Estate on northerly slope of Parker Hill overlooking Back Bay Park & Charles River Basin showing proposed streets and house lots. Plan 1 thru 4.,1884-06-12,,,Alleghany Street; Hillside Street; Parker Hill Avenue; Parker Street; Tremont Street; Wait Street,4 variants of subdivision layout comprising multiple blocks of lots divided by new streets; one plan shows small parks. Includes waste in streets calculations.,,,Fuller & Whitney,,1160-1225/1163-1228,,1 in = 100 ft,42.33202241,-71.1044,Survey Plan,4,,1,27 x 20,Blueprint,2 panels taped. Edge damage.,,,,,,,,,,,,,,,,,,,,,,,,,,,,,,,,,,,,,,,,,,,,,,,,,,,,,,,,,,,,,,,,,,,,,,,,,,,,,,,,,,,,,,,,,,,,,,,,,,,,
Perkins_W40_1164-1168,Andrews Estate,"Dorchester (Boston, MA)","Plan of Andrews Estate, Dorchester showing proposed streets and house lots. Plans 1 thru 5.",1884-06-04,"Andrews, William T.",,Clapp Place; Cottage Street; Dorchester Avenue; Mount Vernon Street; Pleasant Street; Pond Street,5 variants of subdivision layout comprising multiple blocks of lots divided by new streets. Some blocks show footprints of existing buildings. One plan displays red penciled lines. Includes waste in streets calculations.,"Per Atlases, land was owned by William T. Andrews",,Fuller & Whitney,,1164-1229/1168-1233,,1 in = 100 ft,42.31933492,-71.0591,Survey Plan,5,,1,16 x 14.5,Blueprint,,,,,,,,,,,,,,,,,,,,,,,,,,,,,,,,,,,,,,,,,,,,,,,,,,,,,,,,,,,,,,,,,,,,,,,,,,,,,,,,,,,,,,,,,,,,,,,,,,,,,
Perkins_W41_1169,,"Boston, MA","[Untitled - Change Avenue, Corn Court]",1884-06-23,"Massachusetts Hospital Life Insurance Company; Merchants Hotel; Thompson, L. Wm. Trust; Williams, Moses Heirs",,Change Avenue [Defunct]; Corn Court; State Street,"Lot plan showing outline of frame, brick, and stone buildings, open areas and corridors. Table of square foot calculations, including bay window projection","Corn Court now is part of Government Center/Faneuil Hall district ran from a dock to the side of Faneuil Hall, site of Hancock Tavern.",,Fuller & Whitney,,1169-1234,,1 in = 8 ft,42.35902959,-71.056,Survey Plan,1,,1,28 x 15,Blueprint,2 panels taped. Edge damage.,,,,,,,,,,,,,,,,,,,,,,,,,,,,,,,,,,,,,,,,,,,,,,,,,,,,,,,,,,,,,,,,,,,,,,,,,,,,,,,,,,,,,,,,,,,,,,,,,,,,
Perkins_W41_1170,West Newton St.,"Boston, MA",[Untitled - West Newton St / St. Botolph's],1884-05-06,,,Huntington Avenue; St. Botolph Street; West Newton Street; Unnamed Passageway [Public Alleyway 402],"Lot plan showing 9,407 sf lot with 16-foot-wide passageway.",,,Fuller & Whitney,,1170-1235,,1 in = 20 ft,42.34479978,-71.0811,Survey Plan,1,,1,16 x 13,Blueprint,,,,,,,,,,,,,,,,,,,,,,,,,,,,,,,,,,,,,,,,,,,,,,,,,,,,,,,,,,,,,,,,,,,,,,,,,,,,,,,,,,,,,,,,,,,,,,,,,,,,,
Perkins_W41_1171,West Chester Park at Commonwealth and Newbury,"Boston, MA",[Untitled - West Chester Park at Commonwealth and Newbury],1884-07-03,,Boston & Albany Railroad,378 and 380 Commonwealth Avenue; Newbury Street; West Chester Park [Massachusetts Ave.],Lot plan showing outline of two houses A and B accessed by 16 foot-wide-passageway. Red penciled notation: Point North 99-70.,Duplicate of 1046-1056. Peabody & Stearns designed two houses that were built on these lots; now owned by the Harvard Club of Boston.,,Fuller & Whitney,,1171-1236,41,1 in = 80 ft,42.34872626,-71.0893,Survey Plan,1,,1,13.5 x 15,Blueprint,,,,,,,,,,,,,,,,,,,,,,,,,,,,,,,,,,,,,,,,,,,,,,,,,,,,,,,,,,,,,,,,,,,,,,,,,,,,,,,,,,,,,,,,,,,,,,,,,,,,,
Perkins_W41_1172,,"Brookline, MA",Fisher Avenue (Brookline),1884-01-29,Mary Fisher/Tucker Daland,,Fisher Avenue,Lot plan showing areas to red and black drawn lines.,"Per urban atlases, lot was owned by Tucker Daland and abutted Fisher Reservoir. Area calcs may have been done to compare square footage around reservoir. Variant of plan filed in Norfolk registry for sale by Mary Fisher/Francis H. Fisher Estate to Tucker Daland.",Norfolk Plan #D0559-392,Fuller & Whitney,,1172-1237,,1 in = 40 ft,42.33089,-71.144,Survey Plan,1,,1,9.5 x 12.5,Blueprint,Tear.,,,,,,,,,,,,,,,,,,,,,,,,,,,,,,,,,,,,,,,,,,,,,,,,,,,,,,,,,,,,,,,,,,,,,,,,,,,,,,,,,,,,,,,,,,,,,,,,,,,,
Perkins_W41_1173,Francis Estate,"Boston, MA",[Untitled - Francis Farm at Longwood],1884-07-31,Heirs of Ebenezer Francis,,Francis Street; Huntington Avenue; Longwood Avenue; Tremont Street; Vila Street [Defunct]; Wigglesworth Street,Plan showing four blocks bisected by Street A and Street B. Shows footprint of barn and of houses on Longwood Avenue. Shows discharge location for surface water. Note says: The two new streets A & B shown here are part of the scheme shown on our Plan No. 5 dated March 1884.,,,Fuller & Whitney,,1173-1238,,1 in = 100 ft,42.33733848,-71.1071,Survey Plan,1,,1,14.5 x 16.5,Blueprint,Edge damage.,,,,,,,,,,,,,,,,,,,,,,,,,,,,,,,,,,,,,,,,,,,,,,,,,,,,,,,,,,,,,,,,,,,,,,,,,,,,,,,,,,,,,,,,,,,,,,,,,,,,
Perkins_W41_1203,West Newton St.,"Boston, MA",[Untitled - West Newton St / St. Botolph's],1884-09-15,,,Huntington Avenue; St. Botolph Street; West Newton Street; Unnamed Passageway [Public Alleyway 402],Lot plan showing layout of lots labelled 1 -4 with building footprints and front steps and 16-foot-wide passageway.,Passageway is now Public Alley 403.,,Fuller & Whitney,,1203-1345,,1 in = 20 ft,42.34479978,-71.0811,Survey Plan,1,,1,15 x 12,Blueprint,,,,,,,,,,,,,,,,,,,,,,,,,,,,,,,,,,,,,,,,,,,,,,,,,,,,,,,,,,,,,,,,,,,,,,,,,,,,,,,,,,,,,,,,,,,,,,,,,,,,,
Perkins_W41_1204,Huntington Street Lands,"Boston, MA",[Untitled - Huntington Ave./Westland Avenue],1884-09-16,"Boston Water Power Company; Eliot Land Company; Mercantile Land Company; Moore, Dr. Ira L.; Sumner, Eben; Whitney, H.M.",,Batavia Street [Symphony Road]; Camden Street [Defunct]; Falmouth Street [Defunct]; Huntington Avenue; Parker Street [Hemenway]; West Chester Park [Westland Avenue]; Westland Avenue,Subdivision plan showing proposed layout for groups of lots divided by streets and passageways.,Print is very faded; seems rotated version of other plans in set.,,Fuller & Whitney,,1204-1346,,1 in = 100 ft,42.3433956,-71.0858,Survey Plan,1,,1,14 x 16,Blueprint,,,,,,,,,,,,,,,,,,,,,,,,,,,,,,,,,,,,,,,,,,,,,,,,,,,,,,,,,,,,,,,,,,,,,,,,,,,,,,,,,,,,,,,,,,,,,,,,,,,,,
Perkins_W41_1205,Ellis Estate,"Roxbury (Boston, MA)","Plan of Ellis Estate, Boston Highlands, showing proposed streets and house lots",1884-09-05,"Ellis, Maria M., estate of",Dennison Manufacturing Co.; Marlow; Merrill; Ritchie [Formerly]; Woodward,Ellis Street; Beech Glen Avenue; Hawthorne Street; Highland Street; Marcella Street; Thornton Street; Thwing Place; Vale Street,Subdivision plans showing 30-lot layout and proposed road.,"Per 1882 Hopkins Atlas, land owned by Mary J. Ellis. Later passed to heirs of Maria Ellis. Proposed street may now be Fulda Street.",,Fuller & Whitney,,1205-1347,,1 in = 60 ft,42.3231539,-71.0924,Survey Plan,1,,1,16 x 14,Blueprint,,,,,,,,,,,,,,,,,,,,,,,,,,,,,,,,,,,,,,,,,,,,,,,,,,,,,,,,,,,,,,,,,,,,,,,,,,,,,,,,,,,,,,,,,,,,,,,,,,,,,
Perkins_W41_1206,,"Winchester, VA","Monuments at Winchester, VA.",1884-08-15,38th Mass. Vols. Assoc. Committee.,,Winchester National Cemetery,"Three views of monument honoring 38th Mass. Volunteers, Grover's Division - Third Brigade. Includes plan, elevation, and 2 axions with dimensions of text of engraving. Also includes materials and inscription directives and a list of other stones at Winchester.",The monument was built as drawn. Whitney served in this infantry during the civil war.,,"Whitney, William H.",,1206-1348,,1 in = 1 ft,39.18492271,-78.1563,Architectural Drawing,1,,1,5.5 X 11,Blueline,2 panels pasted in same sheet.,,,,,,,,,,,,,,,,,,,,,,,,,,,,,,,,,,,,,,,,,,,,,,,,,,,,,,,,,,,,,,,,,,,,,,,,,,,,,,,,,,,,,,,,,,,,,,,,,,,,
Perkins_W41_1207,Andrews Estate,"Dorchester (Boston, MA)","Plan of Andrews Estate, Dorchester showing proposed streets and house lots. ",1884-09-26,"Andrews, William T. ",,Clapp Place [Mayhew]; Cottage Street; Dorchester Avenue; Mount Vernon Street; Pleasant Street; Pond Street,"Street layout showing proposed street with street cuts to grades and loam fill amounts. In red ink, recapitulation table. Subtitle says Plan accompanying estimate.","Per Atlases, land was owned by William T. Andrews",,Fuller & Whitney,,1207-1349,,1 in = 100 ft,42.31933492,-71.0591,Survey Plan,1,,1,16 x 14,Blueprint,,,,,,,,,,,,,,,,,,,,,,,,,,,,,,,,,,,,,,,,,,,,,,,,,,,,,,,,,,,,,,,,,,,,,,,,,,,,,,,,,,,,,,,,,,,,,,,,,,,,,
Perkins_W41_1209,Tremont Temple,"Boston, MA",Tremont Temple,1884-10-20,,,,"Floor plan showing layout of space with rows of seats numbed alongside aisles A thru I. Note says ""Floor sitting 564, Stage sitting 28."" Note on verso says ""See plan 1095 for plot). Indicates was added to a tracing brought in by Mr. Vialle.",,,Fuller & Whitney,,1209-1351,,1 in = 5 ft,42.35762088,-71.0606,Architectural Drawing,1,,1,16.5 x 24,Blueprint,2 panels taped.,,,,,,,,,,,,,,,,,,,,,,,,,,,,,,,,,,,,,,,,,,,,,,,,,,,,,,,,,,,,,,,,,,,,,,,,,,,,,,,,,,,,,,,,,,,,,,,,,,,,
Perkins_W41_1208,Francis Estate,"Boston, MA","Plan of Mansion House Lot, Francis Farm in Roxbury, showing proposed streets and house lots.",1884-02-24,Heirs of Ebenezer Francis,,Francis Street; Huntington Avenue; Longwood Avenue; Tremont Street; Wigglesworth Street,"Subdivision plan showing four blocks bisected by new roads A and B. Shows footprint of mansion and neighbors' houses across Longwood Avenue as well as discharge outlet and grading calculations. Note says Streets A and B to be graded with proposed grade shown by figures underlined thus 50.83 submitted to City Authorities October 9, 1884.",Francis farm had over 20 acres at this location. Francis family was involved in real estate development in Back Bay before fill. The farm is now in the heart of the Longwood medical area. See other plans for this property.,,Fuller & Whitney,,1208-1350,,1 in = 100 ft,42.33733848,-71.1071,Survey Plan,1,,1,14.5 x 16,Blueprint,,,,,,,,,,,,,,,,,,,,,,,,,,,,,,,,,,,,,,,,,,,,,,,,,,,,,,,,,,,,,,,,,,,,,,,,,,,,,,,,,,,,,,,,,,,,,,,,,,,,,
Perkins_W41_1211,,"Cambridge, MA","[Untitled - Broadway, Highland Avenue,]",1884-10-22,Emerson Family,,Broadway; Highland Avenue,Plan showing building outline surrounded by pathway and grid of measurements and curbstone. Contains paragraph of specifications and reference to level plane called Cambridge City Base. Note indicates loam and clay to be moved estimated at 890 cubic yards. ,,,Fuller & Whitney,,1211-1353,,1 in = 10 ft,42.37184263,-71.1069,Survey Plan,1,,1,20.5 x 23,Blueprint,Partially taped. Tear.,,,,,,,,,,,,,,,,,,,,,,,,,,,,,,,,,,,,,,,,,,,,,,,,,,,,,,,,,,,,,,,,,,,,,,,,,,,,,,,,,,,,,,,,,,,,,,,,,,,,
Perkins_W41_1212,Andrews Estate,"Dorchester (Boston, MA)","Plan of Andrews Estate, Dorchester showing proposed streets and house lots. Plan No. 6",1884-11-06,"Andrews, William T. ",,Clapp Place [Mayhew]; Cottage Street; Dorchester Avenue; Mount Vernon Street; Pleasant Street; Pond Street,Subdivision plan showing 4 blocks of lots with 3 streets. Includes waste in street estimate.,"Per Atlases, land was owned by William T. Andrews",,Fuller & Whitney,,1212-1354,,1 in = 100 ft,42.31933492,-71.0591,Survey Plan,1,,1,16 x 14,Blueprint,Edge damage.,,,,,,,,,,,,,,,,,,,,,,,,,,,,,,,,,,,,,,,,,,,,,,,,,,,,,,,,,,,,,,,,,,,,,,,,,,,,,,,,,,,,,,,,,,,,,,,,,,,,
Perkins_W41_1213-1214,Marlborough St / West Chester Park,"Boston, MA",[Untitled - Marlborough St / West Chester Park - Plan No. 1; Plan No. 2],1884-11-05,,"Lee, Hunnewell & Lowell",Beacon Street; Commonwealth Avenue; Ipswich Street [Charlesgate East]; Marlborough Street; Newbury Street; West Chester Park [Massachusetts Avenue]; Charles River; Beacon Entrance to Back Bay Park [Charlesgate],Subdivision plan showing two blocks of lots with square footage and dimensions and passageways.,Appears to be modified versions of previous Plans 1 and 2,,Fuller & Whitney,,1213-1355/1214-1356,"39, 40",1 in = 80 ft,42.34953279,-71.0929,Survey Plan,2,,1,15 x 16,Blueprint,,,,,,,,,,,,,,,,,,,,,,,,,,,,,,,,,,,,,,,,,,,,,,,,,,,,,,,,,,,,,,,,,,,,,,,,,,,,,,,,,,,,,,,,,,,,,,,,,,,,,
Perkins_W41_1215,,,[Untitled - Unspecified Location],1884-11-15,,,,"Profile, probably of a street, showing dimensions, subgrade levels, and location of gravel. Refers to specifications dated 1884-10-22.",May be section for Plan #1211-1353,,Fuller & Whitney,,1215-1357,,1 in = 4 ft,,,Profile,1,,1,16 x 4,Blueprint,Creases.,,,,,,,,,,,,,,,,,,,,,,,,,,,,,,,,,,,,,,,,,,,,,,,,,,,,,,,,,,,,,,,,,,,,,,,,,,,,,,,,,,,,,,,,,,,,,,,,,,,,
Perkins_W41_1216,Francis Estate,"Boston, MA","Plan of Mansion House Lot, Francis Farm in Roxbury, showing proposed streets and house lots.",1884-10-22,Heirs of Ebenezer Francis,,Francis Street; Huntington Avenue; Longwood Avenue; Tremont Street; Wigglesworth Street,"Multipage booklet containing handwritten specifications and plan for layout of two streets. Includes street layout (see other plans) with street materials count, materials specs, time, lines and grades, and payments. Consists of 8.5 numbered pages plus plan as cover sheet. Some versos contain extensive penciled notes.",,,Fuller & Whitney,,1216-1358,,1 in = 100 ft; 1 in 8 ft,42.33733848,-71.1071,Specifications,9,,1,16 x 13.5,Blueprint,Pages folded in half and stapled.,,,,,,,,,,,,,,,,,,,,,,,,,,,,,,,,,,,,,,,,,,,,,,,,,,,,,,,,,,,,,,,,,,,,,,,,,,,,,,,,,,,,,,,,,,,,,,,,,,,,
Perkins_W41_1210,Francis Estate,"Boston, MA","Plan of Mansion House Lot, Francis Farm in Roxbury, showing proposed streets and house lots.",1884-10-07,Heirs of Ebenezer Francis,,Francis Street; Huntington Avenue; Longwood Avenue; Tremont Street; Wigglesworth Street,"Drafts and possibly final pages of multipage handwritten specifications for layout of two streets. Includes street layout (see other plans) of street materials count, materials specs, time, lines and grades, and payments. Consists of 8.5 numbered pages plus survey as cover sheet. Includes red penciled notations on front and verso some of which indicate sheets were a proof.",See 1216-1358 for more final version.,,Fuller & Whitney,,1210-1352,,Not applicable,42.33733848,-71.1071,Specifications,9,,1,16 x 13.5,Blueprint,"Creases. Loss. Pages 1-8 are printed 2-on-1, cover is full width. Indicators that pages were originally bound by pins.",,,,,,,,,,,,,,,,,,,,,,,,,,,,,,,,,,,,,,,,,,,,,,,,,,,,,,,,,,,,,,,,,,,,,,,,,,,,,,,,,,,,,,,,,,,,,,,,,,,,
Perkins_W41_1217,,"Milton, MA",Copy of Plan of Land in Milton belonging to William Minot. Jr.,,"William Minot, Jr.","Chickering, Geo. H; Hemenway Estate; Hunt;","Milton Street {""New Avenue""]","Subdivision plan showings lots numbered 1 and 2 with adjacent brook. Subtitle: ""from two plans marked Surveyed Oct. 20, 1879 by Nathaniel Smith.""","""New Avenue"" may refer to extension to Brush Hill Road. Minot was member of a prominent Massachusetts family.",,Fuller & Whitney,,1217-1359,,1 in = 50 ft,42.2347911,-71.1163,Survey Plan,1,,1,20 x 12.5,Blueprint,Partially taped. Tear.,,,,,,,,,,,,,,,,,,,,,,,,,,,,,,,,,,,,,,,,,,,,,,,,,,,,,,,,,,,,,,,,,,,,,,,,,,,,,,,,,,,,,,,,,,,,,,,,,,,,
Perkins_W41_1218,Marlborough St / West Chester Park,"Boston, MA",[Untitled - Marlborough St / West Chester Park],1884-11-26,,,Commonwealth Avenue; Beacon Entrance to Back Bay Park [Charlesgate]; Ipswich Street [Charlesgate East]; Jersey Street [Charlesgate West]; Newbury Street,Subdivision plan showing two blocks of lots with square footage and dimensions and passageways.,,,Fuller & Whitney,,1218-1360,"39, 40",1 in = 100 ft,42.34953279,-71.0929,Survey Plan,1,,1,15.5 x 13.5,Blueprint,,,,,,,,,,,,,,,,,,,,,,,,,,,,,,,,,,,,,,,,,,,,,,,,,,,,,,,,,,,,,,,,,,,,,,,,,,,,,,,,,,,,,,,,,,,,,,,,,,,,,
Perkins_W41_1219,Belvedere / Cambria / Dalton Streets,"Boston, MA",Plan of West Chester Parklands Belonging to H.M. Whitney,1884-12-01,"Whitney, H.M.",Boston & Albany Railroad,Belvidere Street; Bothnia Street [St. Cecelia Street]; Cambria Street; Clearway Street; Cromwell Street [Saint Germain]; Dalton Street; Falmouth Street; Scotia Street; West Newton; West Chester Park [Massachusetts Avenue],"Subdivision plan showing two groups of lots labelled A thru Z and ""&,"" divided by new street and passageways centered alongside what is now Clearway Street. ",,,Fuller & Whitney,,1219-1361,"66, 67",1 in = 80 ft,42.3468423,-71.0852,Survey Plan,1,,1,14 x 16,Blueprint,,,,,,,,,,,,,,,,,,,,,,,,,,,,,,,,,,,,,,,,,,,,,,,,,,,,,,,,,,,,,,,,,,,,,,,,,,,,,,,,,,,,,,,,,,,,,,,,,,,,,
Perkins_W41_1220,Andrews Estate,"Dorchester (Boston, MA)",Trustees of the Andrews Estate - Plans and Specifications,1884-12-16,"Andrews, William T. ",,Clapp Place [Mayhew]; Cottage Street; Dorchester Avenue; Mount Vernon Street; Pleasant Street; Pond Street,"Specifications brochure containing cover page, 10 pages of handwritten specs, and survey. Extensive red and grey penciled notes on page and verso; cover says ""Copy No. 6"" and ""Pencil adds for Gray Est. Feb. 1887,",,,Fuller & Whitney,,1220-1362,,1 in = 100 ft,42.31933492,-71.0591,Specifications,8,,1,16 x 14,Blueprint,Pages folded in half and bound by four staples.,,,,,,,,,,,,,,,,,,,,,,,,,,,,,,,,,,,,,,,,,,,,,,,,,,,,,,,,,,,,,,,,,,,,,,,,,,,,,,,,,,,,,,,,,,,,,,,,,,,,
Perkins_W41_1221,Marlborough St / West Chester Park,"Boston, MA",[Untitled - Marlborough St / West Chester Park],1884-12-30,,"Lee, Hunnewell & Lowell",Commonwealth Avenue; Marlborough Street; West Chester Park [Massachusetts Avenue],"Subdivision plan showing two blocks of lots with square footage and dimensions and outline of rectangle superimposed on two lots. Red penciled note says ""Fig. underlined were in red.",Superimposed rectangle matches outline and s/f of lot owned by H.M. Whitney shown on 1884 Bromley Atlas.,,Fuller & Whitney,,1221-1363,"39, 40",1 in = 30 ft,42.34953279,-71.0929,Survey Plan,1,,1,16 x 13.5,Blueprint,,,,,,,,,,,,,,,,,,,,,,,,,,,,,,,,,,,,,,,,,,,,,,,,,,,,,,,,,,,,,,,,,,,,,,,,,,,,,,,,,,,,,,,,,,,,,,,,,,,,,
Perkins_W41_1222-1226,Charles River Embankment,"Boston, MA",Map of the Charles River Basin between Boston and Cambridge,1885-01-01,,,Charles River; Boston Back Bay; Cambridge; West Boston Bridge; Proposed New Bridge,"Plans No. 1 thru 6 showing proposed new bridge [Harvard Bridge] spanning Charles River. Each plan presents additional text, including table of gain or loss of time over proposed new route and explanations of design variants.",,,Fuller & Whitney,,1222-1364/1226-1368/1229-1371,,1 in = 1650 ft,42.35444618,-71.0913,Plans / Booklet,6,,1,11 x 6.5,Blueprint,Pages folded in half and bound by four staples.,,,,,,,,,,,,,,,,,,,,,,,,,,,,,,,,,,,,,,,,,,,,,,,,,,,,,,,,,,,,,,,,,,,,,,,,,,,,,,,,,,,,,,,,,,,,,,,,,,,,
Perkins_W41_1227,Jamaica Pond / Back Bay Park,"Boston, MA",Plan of Lands between Jamaica Pond and Back Bay Park showing Improvements on streets and estates.,1885-02-11,,,Boston between Back Bay Park; Jamaica Bay Station; Warran Street; Riverdale; Brookline; Jamaica Pond.,"Street layout. Roads around Jamaica Pond, Riverdale and Back Bay Park are outlined in yellow; one property is filled with red.",,,Fuller & Whitney,,1227-1369,,1 in = 500 ft,42.32457663,-71.1157,Survey Plan,1,,1,24 x 22,Blueprint,Edge damage. Loss.,,,,,,,,,,,,,,,,,,,,,,,,,,,,,,,,,,,,,,,,,,,,,,,,,,,,,,,,,,,,,,,,,,,,,,,,,,,,,,,,,,,,,,,,,,,,,,,,,,,,
Perkins_W41_1228,Charles River Embankment,"Boston, MA; Cambridge, MA",Map of Portions of Boston and Cambridge showing some existing bridges and the proposed route for the new bridge across the Charles River Basin.,1885-02-17,,,Charles River; Boston Back Bay; Cambridge to Harvard Square; West Boston Bridge; Proposed New Bridge,Layout showing Charles River Basin and surrounding banks with proposed upper and lower bridges; includes table of bridge lengths and explanations.,,,Fuller & Whitney,,1228-1370,,1 in = 400 ft,42.35444618,-71.0913,Plans / Booklet,1,,1,19.5 x 13,Blueprint,Panels taped.,,,,,,,,,,,,,,,,,,,,,,,,,,,,,,,,,,,,,,,,,,,,,,,,,,,,,,,,,,,,,,,,,,,,,,,,,,,,,,,,,,,,,,,,,,,,,,,,,,,,
Perkins_W41_1230,Lincoln Street/Tufts Street,"Boston, MA",Lincoln Street,1885-02-21,,Barrett; Harris; Maynz,28 and 32-34 Lincoln Street,Plot plan showing two brick stores (No. 28 and 32-34) with old and new fronts of either brick or stone. Note references wall of Benj. Russells' dwelling.,"Per urban atlases, property may have been owned by J.D. Bates. 1882 Sanborn maps indicate lots may have been vacant or under repair.",,Fuller & Whitney,,1230-1372,,1 in = 4 ft,42.35133417,-71.0582,Survey Plan,1,,1,17 x 26,Blueprint,2 panels taped.,,,,,,,,,,,,,,,,,,,,,,,,,,,,,,,,,,,,,,,,,,,,,,,,,,,,,,,,,,,,,,,,,,,,,,,,,,,,,,,,,,,,,,,,,,,,,,,,,,,,
Perkins_W41_1231,,"Natick, MA",[Untitled - Brigham Ave. - 70 feet wide],1885-03-17,,"Brigham, N.N.; Brown; Casey; Hunnewell; Hurley; Stewart",Brigham Avenue; East Central Street,"Plot plan showing 3 lots of varying acreage. Note indicates ""partly compiled.""",,,Fuller & Whitney,,1231-1373,,1 in = 200 ft,42.28751053,-71.3337,Survey Plan,1,,1,13.5 x 16.5,Blueprint,,,,,,,,,,,,,,,,,,,,,,,,,,,,,,,,,,,,,,,,,,,,,,,,,,,,,,,,,,,,,,,,,,,,,,,,,,,,,,,,,,,,,,,,,,,,,,,,,,,,,
Perkins_W41_1232,Marlborough St / West Chester Park,"Boston, MA",[Untitled - Marlborough St / West Chester Park],1885-04-25,,"Lee, Hunnewell & Lowell",Beacon Street; Commonwealth Avenue; Marlborough Street; West Chester Park [Massachusetts Avenue],Subdivision plan showing two blocks of lots with square footage and dimensions and passageways. 3 lots are highlighted with areas in larger lettering. Red penciled notations on front and regular penciled notations on rear reference other plans.,,,Fuller & Whitney,,1232-1374,"39, 40",1 in = 60 ft,42.34953279,-71.0929,Survey Plan,1,,1,13.5 x 15,Blueprint,,,,,,,,,,,,,,,,,,,,,,,,,,,,,,,,,,,,,,,,,,,,,,,,,,,,,,,,,,,,,,,,,,,,,,,,,,,,,,,,,,,,,,,,,,,,,,,,,,,,,
Perkins_W41_1233,Jamaica Pond / Back Bay Park,"Boston, MA",Plan of Lands between Jamaica Pond and Back Bay Park showing Improvements on streets and estates.,1886-01-01,,Boston & Providence Railroad; Brookline Branch Railroad,Boston between Back Bay Park; Jamaica Bay Station; Warran Street; Riverdale; Brookline; Jamaica Pond.,Street layout. ,,,Fuller & Whitney,,1233-1375,,1 in = 500 ft,42.32457663,-71.1157,Survey Plan,1,,1,24 x 21,Blueprint,Edge damage. Creases. Tear.,,,,,,,,,,,,,,,,,,,,,,,,,,,,,,,,,,,,,,,,,,,,,,,,,,,,,,,,,,,,,,,,,,,,,,,,,,,,,,,,,,,,,,,,,,,,,,,,,,,,
Perkins_W41_1234-1238,Fussell Farm,"Jamaica Plain (Boston, MA)","Plan of John Fussell Farm, Riverdale & Day Street, Boston (showing its value for the merchantable sand and gravel thereon and its adaptability for use for suburban house lots.)",1885-03-10,,,Atwood Avenue [Evergreen]; Centre Street; Day Street; Perkins Street; Riverdale Parkway,Set of 5 plans. No. 1 shows cut marks with footprint of existing buildings. No. 2-5 show variants on subdivision plan with roads and access street named Atwood Avenue.,Appears to be subset of 1233-1375. 1882 Hopkins Atlas shows that Fussell had lot abutting Atwood Street (now Evergreen),,Fuller & Whitney,,1234-1376/1238-1380,,1 in = 100 ft,42.32211837,-71.1099,Survey Plan,5,,1,24 x 20.5,Blueprint,Edge damage. Holes. Tears.,,,,,,,,,,,,,,,,,,,,,,,,,,,,,,,,,,,,,,,,,,,,,,,,,,,,,,,,,,,,,,,,,,,,,,,,,,,,,,,,,,,,,,,,,,,,,,,,,,,,
Perkins_W42_1239-1240,,"Boston, MA","Soldier's Home Carnival - First and Second Floor Plans - Arrangement of Tables, Exhibition Hall, M.C.M.A. Building",1885-03-01,Massachusetts Charitable Mechanic Association (MCMA),,Huntington Avenue; West Newton Street,"Set of 2 floor plans showing layout of exhibit halls with numbered displays and directory. Col. C. Wellington, Chief Marshall","The site was the Massachusetts Charitable Mechanic Association (MCMA) building, which for many years hosted a benefit exhibition.",,"Whitney, William H.",,1239-1381/1240-1382,,1 in = 32 ft,42.34575855,-71.0819,Interior Design Plan,2,,1,16 x 14,Blueprint,Edge damage. Creases.,,,,,,,,,,,,,,,,,,,,,,,,,,,,,,,,,,,,,,,,,,,,,,,,,,,,,,,,,,,,,,,,,,,,,,,,,,,,,,,,,,,,,,,,,,,,,,,,,,,,
Perkins_W42_1241,,,Sign: Copies for Sale at Table No. 5,1885-03-01,,,,Text layout for table sign at the Soldier's Home Carnival.,"Per 1239-1381, Table was run by Sons of Veterans.",,"Whitney, William H.",,1241-1382,,Not applicable,,,Signage Layout,1,,1,13.5 x 5.5,Blueprint,,,,,,,,,,,,,,,,,,,,,,,,,,,,,,,,,,,,,,,,,,,,,,,,,,,,,,,,,,,,,,,,,,,,,,,,,,,,,,,,,,,,,,,,,,,,,,,,,,,,,
Perkins_W42_1242,Lincoln Street/Tufts Street,"South Boston (Boston, MA)",[Untitled - Lincoln Street],1885-04-16,John S. Farlow,"French, William E.",66 - 80 Lincoln; Essex Street; Tufts Street,Plot plan showing a lot with a small section (alleyway?) detailed. Contains red penciled notations indicate later tracing made.,,,Fuller & Whitney,,1242-1383,,1 in = 10 ft,42.35133417,-71.0582,Survey Plan,1,,1,25.5 x 13.5,Blueprint,2 panels taped. Tear.,,,,,,,,,,,,,,,,,,,,,,,,,,,,,,,,,,,,,,,,,,,,,,,,,,,,,,,,,,,,,,,,,,,,,,,,,,,,,,,,,,,,,,,,,,,,,,,,,,,,
Perkins_W42_1243,Andrews Estate,"Dorchester (Boston, MA)",[Untitled - Dorchester Ave. at Pleasant Street],Not identified,"Andrews, F. W.",,Dorchester Avenue; Mount Vernon Street; Pleasant Street,"Street layout plan showing dashed lines, presumably for new alleyway off of Mt. Vernon Street.",,,[Fuller & Whitney],,1243-1384,,1 in = 50 ft,42.32167703,-71.0571,Survey Plan,1,,1,13.5 x 11,Blueprint,,,,,,,,,,,,,,,,,,,,,,,,,,,,,,,,,,,,,,,,,,,,,,,,,,,,,,,,,,,,,,,,,,,,,,,,,,,,,,,,,,,,,,,,,,,,,,,,,,,,,
Perkins_W42_1244,,,[Untitled - Street layout],1885-05-28,,,,"Untitled layout of curved street with an offshoot, showing grading. Note in red pencil says Original sent to Pattwidl [Sp.?] and S. Wilson.",,,[Fuller & Whitney],,1244-1385,,1 in = 50 ft,,,Survey Plan,1,,1,25.5. x 11.5,Blueprint,Panels taped.,,,,,,,,,,,,,,,,,,,,,,,,,,,,,,,,,,,,,,,,,,,,,,,,,,,,,,,,,,,,,,,,,,,,,,,,,,,,,,,,,,,,,,,,,,,,,,,,,,,,
Perkins_W42_1245,,"Boston, MA","[Untitled - Baldwin Street, Falmouth, and adjacent streets]",1885-05-01,,Boston & Albany Railroad,Baldwin Street; Falmouth Street; Francis Street [Defunct]; Parker Street [Defunct]; Waln Street [Defunct]; West Chester Park [Massachusetts Avenue]; Old 40 ft Road [Belvidere Street],Street layout. Is drawn over streets that were developed in other plans.,,,[Fuller & Whitney],,1245-1386,,1 in = 150 ft,42.3461425,-71.0847,Survey Plan,1,,1,18.5 x 19,Blueprint,Edge damage. Crease. Tears.,,,,,,,,,,,,,,,,,,,,,,,,,,,,,,,,,,,,,,,,,,,,,,,,,,,,,,,,,,,,,,,,,,,,,,,,,,,,,,,,,,,,,,,,,,,,,,,,,,,,
Perkins_W42_1246,Lincoln Street/Tufts Street,"South Boston (Boston, MA)",[Untitled - Lincoln Street],1885-04-16,John S. Farlow,"French, William E.",66 - 80 Lincoln; Essex Street; Tufts Street,Plot plan showing a lot with a small section (alleyway?) detailed. Contains red penciled notations and revised sf and dimensions. Notes indicate revision of previous version.,,,Fuller & Whitney,,1246-1387,,1 in = 10 ft,42.35133417,-71.0582,Survey Plan,1,,1,26.5 x 13.5,Blueprint,2 panels taped. Seam damage.,,,,,,,,,,,,,,,,,,,,,,,,,,,,,,,,,,,,,,,,,,,,,,,,,,,,,,,,,,,,,,,,,,,,,,,,,,,,,,,,,,,,,,,,,,,,,,,,,,,,
Perkins_W42_1247,,"Boston, MA",[Untitled - Bryant St. at Huntington Avenue],Not identified,,,Bryant Street [Defunct]; Huntington Avenue; Parker Street [Hemenway],Street layout showing 12-foot-wide passageway off Bryant Street and numbers that may represent lot square footages. Red penciled notation.,,,[Fuller & Whitney],,1247-1388,,1 in = 100 ft,42.33915004,-71.0965,Survey Plan,1,,1,12 x 15,Blueprint,,,,,,,,,,,,,,,,,,,,,,,,,,,,,,,,,,,,,,,,,,,,,,,,,,,,,,,,,,,,,,,,,,,,,,,,,,,,,,,,,,,,,,,,,,,,,,,,,,,,,
Perkins_W42_1248,,"Boston, MA",[Untitled - Commonwealth Avenue],Not identified,,,Commonwealth Avenue,Plot plan showing lot 27 ft. wide backed by 16 ft. wide passageway. Note indicates Exeter Street 1860 feet east.,,,[Fuller & Whitney],,1248-1389,,1 in = 20 ft,,,Survey Plan,1,,1,11.5 x 13.5,Blueprint,,,,,,,,,,,,,,,,,,,,,,,,,,,,,,,,,,,,,,,,,,,,,,,,,,,,,,,,,,,,,,,,,,,,,,,,,,,,,,,,,,,,,,,,,,,,,,,,,,,,,
Perkins_W42_1249,Bay State Road,"Boston, MA",[Untitled - Beacon Street and Baystate Road],1885-05-23,,Boston & Albany Railroad,Bay State Road; Back Street; Beacon Street; Beacon Entrance to Back Bay Park; Commonwealth Avenue; [Deerfield Road]; Hereford Street; Jersey Street [West Charlesgate]; Ipswich Street [East Charlesgate]; Marlborough Street; West Chester Street [Massachusetts Avenue]; West Newbury Street; Charles River,Subdivision plan showing lots spread over 6 blocks labelled A through H with square footages for each blook. Notations say $2.00 (square foot?] Extends lots further east than other Baystate Road plans.,"Part of a series of plans for the Back Bay area that is now Baystate Road at Deerfield. Per 1880s Atlases, the land was owned by Boston & Roxbury Mill Corp. and Charles F. and John Q. Adams.",,Fuller & Whitney,,1249-1390,,1 in = 100 ft,42.35012945,-71.0977,Survey Plan,1,2,1,33.5 x 14,Blueprint,"2 panels, folded. Crease. Tear.",,,,,,,,,,,,,,,,,,,,,,,,,,,,,,,,,,,,,,,,,,,,,,,,,,,,,,,,,,,,,,,,,,,,,,,,,,,,,,,,,,,,,,,,,,,,,,,,,,,,
Perkins_W42_1250,Huntington Street Lands,"Boston, MA",[Untitled - Huntington Ave./Westland Ave. - No. 45],1885-05-22,"Boston Water Power Company; Eliot Land Company; Mead & Morse; Mercantile Land Company; Moore, Dr. Ira L.; Moore & Tirrell; Sumner, Eben; Whitney, H.M.",,Batavia Street [Symphony Road]; Camden Street [Defunct]; Falmouth Street [Defunct]; Huntington Avenue; Parker Street [Hemenway]; West Chester Park [Westland Avenue]; Westland Avenue,Plan of composite lots showing proposed alleyways and streets. Center lot labelled No. 45 with square foot indicator. Red pencil notation corrects frontage dimension.,Print is very faded; seems rotated version of other plans in set.,,Fuller & Whitney,,1250-1391,,1 in = 100 ft,42.3433956,-71.0858,Survey Plan,1,,1,16 x 14.5,Blueprint,Edge damage.,,,,,,,,,,,,,,,,,,,,,,,,,,,,,,,,,,,,,,,,,,,,,,,,,,,,,,,,,,,,,,,,,,,,,,,,,,,,,,,,,,,,,,,,,,,,,,,,,,,,
Perkins_W42_1251,,"Boston, MA",[Untitled - Parker / Westchester Park - No. 44],1885-05-22,,Grey; Snelling,Back Bay Park; Belvidere Street; Bothnia Street; Boylston Street; Parker Street; West Chester Park,Plan of lot. Center lot labelled No. 44 with square foot amount. Red pencil notation corrects frontage dimension; other misc. notes.,,,Fuller & Whitney,,1251-1392,,1 in = 100 ft,42.34688787,-71.0884,Survey Plan,1,,1,15.5 x 10.5,Blueprint,Edge damage.,,,,,,,,,,,,,,,,,,,,,,,,,,,,,,,,,,,,,,,,,,,,,,,,,,,,,,,,,,,,,,,,,,,,,,,,,,,,,,,,,,,,,,,,,,,,,,,,,,,,
Perkins_W42_1252,Marlborough St / West Chester Park,"Boston, MA",[Untitled - Marlborough St / West Chester Park - No. 1],1885-06-23,,"Lee, Hunnewell & Lowell; Palfrey, F.W. et als; Whtiney, H.M.",Beacon Street; Marlborough Street; West Chester Park [Massachusetts Avenue],"Subdivision plan showing five lots [4 labelled A through D] divided by 16-foot-wide passageway. Two lots have multiple layers of square footage. Red penciled notations, including ""No. 1"". Beacon Street labelled as 70-foot-wide wide.",,,Fuller & Whitney,,1252-1393,"39, 40",1 in = 30 ft,42.34953279,-71.0929,Survey Plan,1,,1,17.5 x 14,Blueprint,Edge damage. Detached corner.,,,,,,,,,,,,,,,,,,,,,,,,,,,,,,,,,,,,,,,,,,,,,,,,,,,,,,,,,,,,,,,,,,,,,,,,,,,,,,,,,,,,,,,,,,,,,,,,,,,,
Perkins_W42_1253,Marlborough St / West Chester Park,"Boston, MA",[Untitled - Marlborough St / West Chester Park - No. 2],1885-06-14,,,Beacon Street; Marlborough Street; West Chester Park [Massachusetts Avenue],"Subdivision plan showing five lots [2 labelled F through E with square footage] divided by 16-foot-wide passageway. Red penciled notations, including ""No. 2""",,,Fuller & Whitney,,1253-1394,"39, 40",1 in = 60 ft,42.34953279,-71.0929,Survey Plan,1,,1,14 x 10,Blueprint,Edge damage. Detached corner.,,,,,,,,,,,,,,,,,,,,,,,,,,,,,,,,,,,,,,,,,,,,,,,,,,,,,,,,,,,,,,,,,,,,,,,,,,,,,,,,,,,,,,,,,,,,,,,,,,,,
Perkins_W42_1254,78 Boylston Street,"Boston, MA",[Untitled - Boylston Street / Park Square],Not identified,,,"No. 76, 77, 78 Boylston Street; Boylston Street; Park Square",Subdivision plan showing 3 lots with square ft. and building outlines. Verso has notations and calculations.,Boylston Street was subsequently renumbered after 1890.,,[Fuller & Whitney],,1254-1395,,1 in = 8 ft,42.3521959,-71.0677,Survey Plan,1,,1,13 x 17.5,Blueprint,Edge damage.,,,,,,,,,,,,,,,,,,,,,,,,,,,,,,,,,,,,,,,,,,,,,,,,,,,,,,,,,,,,,,,,,,,,,,,,,,,,,,,,,,,,,,,,,,,,,,,,,,,,
Perkins_W42_1255,Marlborough St / West Chester Park,"Boston, MA",[Untitled - Marlborough St / West Chester Park],1885-06-23,,,Beacon Street; Marlborough Street; West Chester Park [Massachusetts Avenue],Subdivision plan showing 10 lots [labelled 1 through 8] abutting 16-foot-wide passageway. Lots show dimensions and are grouped into 3 sets for square footage. Date entered in red pencil.,,,Fuller & Whitney,,1255-1396,"39, 40",1 in = 60 ft,42.34953279,-71.0929,Survey Plan,1,,1,16 x 11.5,Blueprint,,,,,,,,,,,,,,,,,,,,,,,,,,,,,,,,,,,,,,,,,,,,,,,,,,,,,,,,,,,,,,,,,,,,,,,,,,,,,,,,,,,,,,,,,,,,,,,,,,,,,
Perkins_W42_1256,,"Boston, MA",[Untitled - Falmouth / Huntington],1885-06-13,,,Baldwin Street; Falmouth Street; Huntington Avenue,"Subdivision plan showing four lots A, B, C, D divided by 10-foot-wide passageway. Abuts unnamed 50 ft wide street [possibly Caledonia Street. Contains notations in red pencil.",,Suffolk Unindexed Plan Bk/Pg 1711-262,Fuller & Whitney,,1256-1397,,1 in = 60 ft,42.34461156,-71.0841,Survey Plan,1,,1,12.5 x 15,Blueprint,,,,,,,,,,,,,,,,,,,,,,,,,,,,,,,,,,,,,,,,,,,,,,,,,,,,,,,,,,,,,,,,,,,,,,,,,,,,,,,,,,,,,,,,,,,,,,,,,,,,,
Perkins_W42_1257-1259,,"Boston, MA","[Untitled - Falmouth / Huntington Plans No. 1, 2, 3]",1885-06-29,,,Falmouth Street; Huntington Avenue; West Chester Park [Massachusetts Avenue],3 variants on subdivision plan showing rough dimensions. ,Site is where Symphony Hall is currently located.,,Fuller & Whitney,,1257-1398/1259-1400,,1 in = 30 ft,42.34278372,-71.0858,Survey Plan,3,,1,14.5 x 16.5,Blueprint,Edge damage.,,,,,,,,,,,,,,,,,,,,,,,,,,,,,,,,,,,,,,,,,,,,,,,,,,,,,,,,,,,,,,,,,,,,,,,,,,,,,,,,,,,,,,,,,,,,,,,,,,,,
Perkins_W42_1260,Belvedere / Cambria / Dalton Streets,"Boston, MA",Plan of West Chester Parklands Belonging to H.M. Whitney,1885-06-30,"Whitney, H.M.",Boston & Albany Railroad,Belvidere Street; Bothnia Street [St. Cecelia Street]; Cambria Street; Clearway Street; Cromwell Street [Saint Germain]; Dalton Street; Falmouth Street; Scotia Street [Massachusetts Avenue],"Subdivision plan showing two groups of lots with rough dimensions, divided by new street and passageways centered alongside what is now Clearway Street. ",,,Fuller & Whitney,,1260-1401,"66, 67",1 in = 80 ft,42.3468423,-71.0852,Survey Plan,1,,1,14 x 16.5,Blueprint,Edge damage.,,,,,,,,,,,,,,,,,,,,,,,,,,,,,,,,,,,,,,,,,,,,,,,,,,,,,,,,,,,,,,,,,,,,,,,,,,,,,,,,,,,,,,,,,,,,,,,,,,,,
Perkins_W42_1261,,"Boston, MA",[Untitled - St. James Avenue],1885-07-25,,,Boylston Street; Exeter Street; St. James Avenue [Blagden Street],Subdivision plan showing two lots with area in square feet listed. Abuts passageway.,,,Fuller & Whitney,,1261-1402,,1 in = 40 ft,42.34890425,-71.0786,Survey Plan,1,,1,13 x 15,Blueprint,,,,,,,,,,,,,,,,,,,,,,,,,,,,,,,,,,,,,,,,,,,,,,,,,,,,,,,,,,,,,,,,,,,,,,,,,,,,,,,,,,,,,,,,,,,,,,,,,,,,,
Perkins_W42_1262,,"Boston, MA",[Untitled - Brookline Avenue at Longwood Entrance to Back Bay Park,Not identified,,,Brookline Avenue; Longwood Entrance to Back Bay Park [Longwood Avenue],Street layout showing Brookline Avenue intersecting Longwood at Fens. Shows footprint of gate house. Notation on verso suggested done after 1893.,,,[Fuller & Whitney],,1262-1403,,1 in = 60 ft,42.3389322,-71.1073,Survey Plan,1,,1,12.5 x 13,Blueprint,Creases. Tear.,,,,,,,,,,,,,,,,,,,,,,,,,,,,,,,,,,,,,,,,,,,,,,,,,,,,,,,,,,,,,,,,,,,,,,,,,,,,,,,,,,,,,,,,,,,,,,,,,,,,
Perkins_W42_1263,Belvedere / Cambria / Dalton Streets,"Boston, MA",[Untitled - Variant on West Chester Parklands],1885-06-30,"Whitney, H.M.",,Belvidere Street; Caledonia Street; Cambria Street; Clearway Street; Cromwell Street [Saint Germain]; Dalton Street; Dundee; Scotia Street; West Chester Park [Massachusetts Avenue],"Subdivision plan showing two groups of lots, labelled A through U, with dimensions and square footages, divided by new street and passageways centered alongside what is now Clearway Street. Notations in red pencil. Extensive penciled notes on verso.",,,[Fuller & Whitney],,1263-1404,"66, 67",1 in = 100 ft,42.3468423,-71.0852,Survey Plan,1,,1,13 x 15.5,Blueprint,Edge damage.,,,,,,,,,,,,,,,,,,,,,,,,,,,,,,,,,,,,,,,,,,,,,,,,,,,,,,,,,,,,,,,,,,,,,,,,,,,,,,,,,,,,,,,,,,,,,,,,,,,,
Perkins_W42_1264,,"Boston, MA",[Untitled - Beacon Street - No. 354 and 352],1885-07-22,,,No. 354 and 352 Beacon Street; Charles River.,Plan showing a blank lot abutting a developed lot with building footprint (No. 354). Notes indicate distance to Fairfield Street.,354 Beacon was built in 1883-1884 and 352 was built in 1885-1886.,,[Fuller & Whitney],,1264-1405,,1 in = 20 ft,42.35244,-71.0845,Survey Plan,1,,1,12.5 x 15,Blueprint,,,,,,,,,,,,,,,,,,,,,,,,,,,,,,,,,,,,,,,,,,,,,,,,,,,,,,,,,,,,,,,,,,,,,,,,,,,,,,,,,,,,,,,,,,,,,,,,,,,,,
Perkins_W42_1265,Ellis Estate,"Roxbury (Boston, MA)","Plan of Ellis Estate, Boston Highlands, showing street to be built",1885-06-26,"Ellis, Maria M., estate of",,Ellis Street; Beech Glen Avenue; Hawthorne Street; Highland Street; Thornton Street; Thwing Place; Vale Street,"Specifications brochure containing cover page, 6 pages of handwritten specs, and survey plan. Plan shows cuts and fill for a section of new street (Fulda Street). penciled notes on verso.",,,Fuller & Whitney,,1265-1406,,1 in = 60 ft,42.3231539,-71.0924,Specifications,4,,1,16 x 14,Blueprint,Pages folded in half. Staple marks.,,,,,,,,,,,,,,,,,,,,,,,,,,,,,,,,,,,,,,,,,,,,,,,,,,,,,,,,,,,,,,,,,,,,,,,,,,,,,,,,,,,,,,,,,,,,,,,,,,,,
Perkins_W42_1266,Bay State Road,"Boston, MA",[Untitled - Beacon Street and Baystate Road],1885-07-24,,,Beacon Street; Commonwealth Avenue,Schematic layout of Baystate Road with red penciled notations for measurements.,,,Fuller & Whitney,,1266-1407,,1 in = 80 ft,42.35012945,-71.0977,Survey Plan,1,,1,27 x 13,Blueprint,"2 panels, taped.",,,,,,,,,,,,,,,,,,,,,,,,,,,,,,,,,,,,,,,,,,,,,,,,,,,,,,,,,,,,,,,,,,,,,,,,,,,,,,,,,,,,,,,,,,,,,,,,,,,,
Perkins_W42_1267,,"Boston, MA",[Untitled - Parker Street - Westland],Not identified,,"Healy, Carrie; McGillan; Moore, Richard; ",Astor Street [Burbank Street]; Parker Street [Hemenway]; West Chester Park [Massachusetts Avenue],"Plan layout showing 124,524 sf lot tucked between existing lots, passageway, and 40-foot-wide street.","Unnamed ""forty ft. street"" may be Norway Street.",,Fuller & Whitney,,1267-1408,,1 in = 100 ft,42.34489235,-71.0882,Survey Plan,1,,1,12.5 x 15,Blueprint,Tear.,,,,,,,,,,,,,,,,,,,,,,,,,,,,,,,,,,,,,,,,,,,,,,,,,,,,,,,,,,,,,,,,,,,,,,,,,,,,,,,,,,,,,,,,,,,,,,,,,,,,
Perkins_W42_1271,,"Boston, MA",[Untitled - Causeway Street],1885-08-12,,"Holden, George, Estate; McGonagle, Edwin, Estate; Nason, Phillip, Catherine Nason Trustee; Shaw, Lemuel",Billerica Street [Defunct]; Lowell Street [Defunct],"Survey plan showing boundary lines; wall or boundary with ""contents 11 sq ft."" Red penciled annotations.",,,Fuller & Whitney,,1271-1413,,1 in = 6 ft,42.36443,-71.0631,Survey Plan,1,,1,12 x 15.5,Blueprint,Crease. Tear.,,,,,,,,,,,,,,,,,,,,,,,,,,,,,,,,,,,,,,,,,,,,,,,,,,,,,,,,,,,,,,,,,,,,,,,,,,,,,,,,,,,,,,,,,,,,,,,,,,,,
Perkins_W42_1272,Andrews Estate,"Dorchester (Boston, MA)","Plan of Andrews Estate, Dorchester showing proposed streets to be built. Plan No. 7",1885-08-20,"Andrews, William T. ",,Clapp Place [Mayhew]; Cottage Street; Dorchester Avenue; Mount Vernon Street; Pond Street,Subdivision plan showing 4 blocks of lots with 3 streets. Additional red lines modify select lot boundaries. Building footprint.,,,Fuller & Whitney,,1272-1414,,1 in = 100 ft,42.31933492,-71.0591,Survey Plan,1,,1,16 x 13.5,Blueprint,Edge damage.,,,,,,,,,,,,,,,,,,,,,,,,,,,,,,,,,,,,,,,,,,,,,,,,,,,,,,,,,,,,,,,,,,,,,,,,,,,,,,,,,,,,,,,,,,,,,,,,,,,,
Perkins_W42_1273,,"Weston, MA",[Untitled - Anne H. Davis],1885-08-25,Anne H. Davis,"Blake, Elizabeth L.; Blake, Francis; Cutter, Benjamin F.; Hubbard;",,"Lot plan with footprint of house and bar, abutting private road and reservoir. Red pencil notations.","Owners are shown in 1908 Walker Atlas of Weston, located east of Ridgeway.",,Fuller & Whitney,,1273-1415,,1 in = 50 ft,42.3370607,-71.2681,Survey Plan,1,,1,24 x 15.5,Blueprint,"2 panels, taped.",,,,,,,,,,,,,,,,,,,,,,,,,,,,,,,,,,,,,,,,,,,,,,,,,,,,,,,,,,,,,,,,,,,,,,,,,,,,,,,,,,,,,,,,,,,,,,,,,,,,
Perkins_W42_1274,Marlborough St / West Chester Park,"Boston, MA",[Untitled - Commonwealth Avenue],1885-09-15,,,Commonwealth Avenue (Nos. 379 - 391 Commonwealth; 430 - 440 Marlborough.),Subdivision plan showing 13 lots bisected by passageway (Public Alley 905). Lots show outlines of bow-front facades.,,,Fuller & Whitney,,1274-1416,"39, 40",1 in = 30 ft,42.34953279,-71.0929,Survey Plan,1,,1,12.5 x 14.5,Blueprint,,,,,,,,,,,,,,,,,,,,,,,,,,,,,,,,,,,,,,,,,,,,,,,,,,,,,,,,,,,,,,,,,,,,,,,,,,,,,,,,,,,,,,,,,,,,,,,,,,,,,
Perkins_W42_1275,,"Boston, MA",[Untitled - Causeway Street],1885-09-16,,"Holden, George, Estate; McGonagle, Edwin, Estate; Nason, Phillip, Catherine Nason Trustee; Shaw, Lemuel",Billerica Street [Defunct]; Lowell Street [Defunct],"Survey plan showing boundary lines; wall or boundary with ""contents 11 sq ft."" Billerica lots labelled No. 1, 2, 3",,,Fuller & Whitney,,1275-1417,,1 in = 10 ft,42.36443,-71.0631,Survey Plan,1,,1,13.5 x 15.5,Blueprint,,,,,,,,,,,,,,,,,,,,,,,,,,,,,,,,,,,,,,,,,,,,,,,,,,,,,,,,,,,,,,,,,,,,,,,,,,,,,,,,,,,,,,,,,,,,,,,,,,,,,
Perkins_W42_1276,Marlborough St / West Chester Park,"Boston, MA",[Untitled - Marlborough St / West Chester Park],1885-09-21,,,Beacon Street; Marlborough Street; West Chester Park [Massachusetts Avenue],Subdivision plan showing 8 lots [labelled 1 through 8] abutting 16-foot-wide passageway. Lots show dimensions and square footage. Note says: Side lines run through center of walls. penciled notes on verso regarding document distribution.,,,Fuller & Whitney,,1276-1418,"39, 40",1 in = 60 ft,42.34953279,-71.0929,Survey Plan,1,,1,15 x 11,Blueprint,,,,,,,,,,,,,,,,,,,,,,,,,,,,,,,,,,,,,,,,,,,,,,,,,,,,,,,,,,,,,,,,,,,,,,,,,,,,,,,,,,,,,,,,,,,,,,,,,,,,,
Perkins_W43_N1,,"Boston, MA",[Untitled - Sketch of Caledonia Street],1887-11-12,,,Caledonia Street [Defunct]; West Chester Park [Massachusetts Avenue],Preliminary subdivision plan showing 6 lots with measurements. Pencil sketch. Calculations on verso.,Not indexed.,,Fuller & Whitney,,NI-01,,1 in = 20 ft,42.3442,-71.0861,Survey Plan,1,,1,10 x 8,Ruled paper,,,,,,,,,,,,,,,,,,,,,,,,,,,,,,,,,,,,,,,,,,,,,,,,,,,,,,,,,,,,,,,,,,,,,,,,,,,,,,,,,,,,,,,,,,,,,,,,,,,,,
Perkins_W43_N2,,"Boston, MA",[A Parcel of Land on Caledonia Street….],1890-02-10,"Howe, George; Matthews, Nathan",,Caledonia Street [Defunct],"Draft of deed or similar. ""Nathan Matthews to Geo. Howe for $8,500""",,Suffolk Unindexed Deed Bk/Pg 1923/204,[Fuller & Whitney],,NI-02,,Scale not given,42.34455421,-71.0844,Document,1,,1,10 x 8,Ruled paper,,,,,,,,,,,,,,,,,,,,,,,,,,,,,,,,,,,,,,,,,,,,,,,,,,,,,,,,,,,,,,,,,,,,,,,,,,,,,,,,,,,,,,,,,,,,,,,,,,,,,
Perkins_W43_1277,Marlborough St / West Chester Park,"Boston, MA",[Untitled - Marlborough St / West Chester Park],1885-09-22,,,Beacon Street; Commonwealth Avenue; Ipswich Street; Marlborough Street; West Chester Park [Massachusetts Avenue]; Beacon Entrance to Back Bay Park [Charlesgate]; Proposed bridge to Cambridge ,"Subdivision plan showing layout of two blocks of lots, numbered A, B, 1 through 25, each with a passageway. Red penciled annotations.",,,Fuller & Whitney,,1277-1419,"39, 40",1 in = 80 ft,42.34953279,-71.0929,Survey Plan,1,,1,14 x 16.5,Blueprint,Edge damage. Loss.,,,,,,,,,,,,,,,,,,,,,,,,,,,,,,,,,,,,,,,,,,,,,,,,,,,,,,,,,,,,,,,,,,,,,,,,,,,,,,,,,,,,,,,,,,,,,,,,,,,,
Perkins_W43_1278,,"Boston, MA",[Untitled - Boylston Street],1885-10-12,,,Belvidere Street; Boylston Street; Parker Street [Hemenway Street]; West Chester Park [Massachusetts Avenue],"Subdivision plan showing footprints for 15 proposed townhouses and ""Hotel Lot"" backed by 10 -foot-wide passage way {Public alley 909]. Dashed lines suggest extension of Belvedere Street.",Townhouses were built but not the proposed hotel.,,Fuller & Whitney,,1278-1420,,1 in = 30 ft,42.34656,-71.0882,Survey Plan,1,,1,24 x 16.5,Blueprint,2 panels taped. Edge damage.,,,,,,,,,,,,,,,,,,,,,,,,,,,,,,,,,,,,,,,,,,,,,,,,,,,,,,,,,,,,,,,,,,,,,,,,,,,,,,,,,,,,,,,,,,,,,,,,,,,,
Perkins_W43_1279-1284,,"Watertown, MA",Plan of Land in Watertown belonging to Estate of N. Whiting showing proposed streets and lots - Scheme No. 1 through No. 6,1885-05-25,"Whiting, N. Estate","Bean, Jaspar M.; Corson, W.W.; Hildreth; March; Russell, George; Stockin, A. C.; Watertown, town of;",Church Street; Common Street; Marshall Street; Palfrey Street; Pearl Street; Spring Street; Walnut Street,Set of 6 schemes for a new subdivision showing multiple groups of lots divided by new streets. Shows footprint of existing buildings; calculations for whole areas and waste in streets. Some plans have red penciled notations about delivery. Shows contour lines for grading the streets. One plan shows stream or brook.,"Owner was estate of Nathaniel Whiting (1802-1871), descendent of an old Dedham family; was an entrepreneur and financier involved in development projects in Boston and on the Charles. In 1890, the house was demolished to make way for a proposed subdivision, Whiting Park. Part of the land was purchased by Watertown Land Company and converted to Whiting Park.",,Fuller & Whitney,,1279-1421/1284-1426,,1 in = 100 ft,42.37079,-71.1815,Survey Plan,6,2,1,25 x 16.5,Blueprint,"Each sheet consists of 2 panels, taped.",,,,,,,,,,,,,,,,,,,,,,,,,,,,,,,,,,,,,,,,,,,,,,,,,,,,,,,,,,,,,,,,,,,,,,,,,,,,,,,,,,,,,,,,,,,,,,,,,,,,
Perkins_W43_1285,Francis Estate,"Boston, MA",[Untitled - Francis Farm],1885-10-14,[Heirs of Ebenezer Francis],,Francis Street; Huntington Avenue; Longwood Avenue; Vila Street [Defunct],"Plan showing perpendicular streets with grid, measurements, and amounts for fill expressed in cubic feet. Note says: Spaces marked ""fill 58 cu. ft.& c"" show that the quantity named will fill from the present surface to the specified grade. Red penciled notation clarifies situation.",,,Fuller & Whitney,,1285-1427,,1 in = 50 ft,42.33733848,-71.1071,Survey Plan,1,,1,28 x 15,Blueprint,2 panels taped. Edge damage.,,,,,,,,,,,,,,,,,,,,,,,,,,,,,,,,,,,,,,,,,,,,,,,,,,,,,,,,,,,,,,,,,,,,,,,,,,,,,,,,,,,,,,,,,,,,,,,,,,,,
Perkins_W43_1286,,"Boston, MA",[Untitled - Westland Avenue],1886-02-25,,,West Chester Park; Westland Avenue,"Plan showing 80,000 s/f lot and 14,302 s/f lot abutting two unnamed streets.",1884 Bromley Atlas shows that Boston Warehouse and F.M. Whitney as owners of these lots.,,[Fuller & Whitney],,1286-1428,,1 in = 50 ft,42.34389,-71.087,Survey Plan,1,,1,16 x 14,Blueprint,Edge damage.,,,,,,,,,,,,,,,,,,,,,,,,,,,,,,,,,,,,,,,,,,,,,,,,,,,,,,,,,,,,,,,,,,,,,,,,,,,,,,,,,,,,,,,,,,,,,,,,,,,,
Perkins_W43_1287,,"Boston, MA",[Untitled - Providence Street],Not identified,,,Boylston Street; Providence Street,Plot plan showing two adjacent lots each containing out line of brick townhouses and adjunct brick and wooden buildings. Note says: Contents 7095 Sq. ft. Lots labelled No. 82 and 83.,1888 Bromley shows lots consolidated and owned by W. B. Potter. Boylston Street was renumbered a few years later.,,[Fuller & Whitney],,1287-1429,,1 in = 10 ft,42.3521,-71.0683,Survey Plan,1,,1,12 x 17,Blueprint,Edge damage.,,,,,,,,,,,,,,,,,,,,,,,,,,,,,,,,,,,,,,,,,,,,,,,,,,,,,,,,,,,,,,,,,,,,,,,,,,,,,,,,,,,,,,,,,,,,,,,,,,,,
Perkins_W43_1289,Fussell Farm,"Jamaica Plain (Boston, MA)",[Untitled - Fussell Farm],1885-11-05,,,Centre Street; Day Street; Perkins Street; Pond Avenue; Parkway [City of Boston],Lot or subdivision plan showing various lots with building footprints. One lot shows outline of road or driveway. Red penciled notes suggest date.,"May be related to Fussell Farm plans. ""Driveway"" may refer to the current Jamaicaway.",,[Fuller & Whitney],,1289-1431,,1 in = 200 ft,42.32211837,-71.1099,Survey Plan,1,,1,13 x 16.5,Blueprint,Edge damage.,,,,,,,,,,,,,,,,,,,,,,,,,,,,,,,,,,,,,,,,,,,,,,,,,,,,,,,,,,,,,,,,,,,,,,,,,,,,,,,,,,,,,,,,,,,,,,,,,,,,
Perkins_W43_1288,,"Concord, NH","Plan of Land and Buildings of the Abbot, Downing Co's Carriage Manufactory",1884-02-01,"Abbot, Downing Company",,Main Street; Perley Street; State Street,"Plot plan showing property and buildings along with location of water pipes. Buildings, equipment, and systems are labelled. Notes indicate that plan is a copy of one made by C.C. Lund in 1875 but features interim changes. penciled note on verso indicates that various copies were made in 1885 and 1886.","1884 Sanborn Fire Insurance Map for Concord shows layout in more detail. Water pipe may lie along what is now Downing Street. Abbot, Downing was nationally known for its carriages and coaches, particularly the Concord Coach. The company changed ownership in the early 1900s. Foss & Merrill were civil engineers based in Concord, NH.",,Foss & Merrill,,1288-1430,,1 in = 50 ft,43.19776351,-71.5325,Survey Plan,1,,1,14 X 16.5,Blueprint,Edge damage.,,,,,,,,,,,,,,,,,,,,,,,,,,,,,,,,,,,,,,,,,,,,,,,,,,,,,,,,,,,,,,,,,,,,,,,,,,,,,,,,,,,,,,,,,,,,,,,,,,,,
Perkins_W43_1290,,,Plan of Foundation,1885-11-09,,,,"Lot plan with what appears to be layout of grid of foundation walls and footings with centerlines and dimensions. Lot abuts a street; on other side, notation says ""Center of lot."" Note says ""Lines in black and figs given to hundreths added by Fuller & Whitney, Nov. 9, 1995.""",No information provided for location or ownership.,,[Fuller & Whitney],,1290-1432,,Scale not given,,,Survey Plan,1,,1,17 x 21,Blueprint,"2 panels, taped. Discoloration. Edge damage.",,,,,,,,,,,,,,,,,,,,,,,,,,,,,,,,,,,,,,,,,,,,,,,,,,,,,,,,,,,,,,,,,,,,,,,,,,,,,,,,,,,,,,,,,,,,,,,,,,,,
Perkins_W43_1291,,"Boston, MA",[Untitled - Linwood Place],1885-11-09,,"Hecht, Jacob H.; Rice, N.W.",Linwood Place,Lot plan showing two lots with shared wall.,1888 Bromley shows lots owned by Hecht and Rice.,,[Fuller & Whitney],,1291-1433,,1 in = 8 ft,42.35257,-71.0567,Survey Plan,1,,1,13 x 16.5,Blueprint,,,,,,,,,,,,,,,,,,,,,,,,,,,,,,,,,,,,,,,,,,,,,,,,,,,,,,,,,,,,,,,,,,,,,,,,,,,,,,,,,,,,,,,,,,,,,,,,,,,,,
Perkins_W43_1292,Marlborough St / West Chester Park,"Boston, MA",[Untitled - Marlborough St / Commonwealth Ave.],1885-11-11,,,Commonwealth Avenue; Marlborough Street (430 - 440),Subdivision plan showing 6 lots with passageway (Public Alley 905). Red pencil notations.,Henry M. Whitney had owned this land prior to development of houses. Houses were built in 1885-1886.,,[Fuller & Whitney],,1292-1434,"39, 40",1 in = 30 ft,42.3501902,-71.0894,Survey Plan,1,,1,13.5 x 15.5,Blueprint,,,,,,,,,,,,,,,,,,,,,,,,,,,,,,,,,,,,,,,,,,,,,,,,,,,,,,,,,,,,,,,,,,,,,,,,,,,,,,,,,,,,,,,,,,,,,,,,,,,,,
Perkins_W43_1293,78 Boylston Street,"Boston, MA",[Untitled - Boylston Street / Park Square],1885-11-11,,,No. 78 Boylston Street; Park Square,Subdivision plan showing 2 lots. Smaller lot shows footprint of town house and is labelled No. 78; larger has stairs. Both lots display square footages.,Boylston Street was subsequently renumbered after 1890.,,[Fuller & Whitney],,1293-1435,,1 in = 8 ft,42.3521959,-71.0677,Survey Plan,1,,1,13.5 x 6,Blueprint,Edge damage.,,,,,,,,,,,,,,,,,,,,,,,,,,,,,,,,,,,,,,,,,,,,,,,,,,,,,,,,,,,,,,,,,,,,,,,,,,,,,,,,,,,,,,,,,,,,,,,,,,,,
Perkins_W43_1294,West Chester Park at Commonwealth and Newbury,"Boston, MA",[Untitled - Commonwealth Avenue / Westchester Park],1885-11-16,,"Boston & Albany Railroad; City of Boston; Whitney & Others, Trustees",Commonwealth Avenue; Newbury Street; West Chester Park (Massachusetts Avenue),Layout showing 3 blocks with square footages (one sf has been edited). 2 blocks divided by 16' wide passageway. Half of each block is occupied by Whitney & other trustees. Penciled note indicates plan returned as not agreeing … and destroyed.,Site includes current Harvard Club.,,Fuller & Whitney,,1294-1436,41,1 in = 40 ft,42.34840621,-71.0894,Survey Plan,1,,1,13.5 x 16,Blueprint,Edge damage. Loss. Stain. Upper right corner cut off.,,,,,,,,,,,,,,,,,,,,,,,,,,,,,,,,,,,,,,,,,,,,,,,,,,,,,,,,,,,,,,,,,,,,,,,,,,,,,,,,,,,,,,,,,,,,,,,,,,,,
Perkins_W43_1295,Fussell Farm,"Jamaica Plain (Boston, MA)",[Untitled - Fussell Farm],1885-11-10,,,Atwood Avenue [Evergreen Street]; Day Street,"Lot or subdivision plan showing various lots with building footprints. Shows outline of driveway or road. One lot is labelled ""20 ft. Court to be added to Atwood Avenue.""",May be related to Fussell Farm plans. Outlined road may have become Bynner Street.,,Fuller & Whitney,,1295-1437,,1 in = 40 ft,42.32211837,-71.1099,Survey Plan,1,,1,23 x 13.5,Blueprint,"2 panels, taped.",,,,,,,,,,,,,,,,,,,,,,,,,,,,,,,,,,,,,,,,,,,,,,,,,,,,,,,,,,,,,,,,,,,,,,,,,,,,,,,,,,,,,,,,,,,,,,,,,,,,
Perkins_W43_1296,West Chester Park at Commonwealth and Newbury,"Boston, MA",[Untitled - Commonwealth Avenue / Westchester Park],1885-11-28,,Boston & Albany Railroad; City of Boston,Commonwealth Avenue; Newbury Street; West Chester Park (Massachusetts Avenue),Layout showing 2 blocks with square footages. 1 block divided into two blocks with dashed outline of passageway.,Site includes current Harvard Club.,,Fuller & Whitney,,1296-1438,41,1 in = 40 ft,42.34840621,-71.0894,Survey Plan,1,,1,15.5 x 21,Blueprint,"2 panels, taped.",,,,,,,,,,,,,,,,,,,,,,,,,,,,,,,,,,,,,,,,,,,,,,,,,,,,,,,,,,,,,,,,,,,,,,,,,,,,,,,,,,,,,,,,,,,,,,,,,,,,
Perkins_W43_1297,,"Boston, MA",[Untitled - Boylston Street - West Chester Park],1885-11-30,,,Boylston Street; [Haviland Street]; West Chester Park,Subdivision plan showing 10 lots [labelled 1 through 10] abutting corner lot. Lots show dimensions and areas.,"Per 1888 Bromley, several more lots were developed on the block.",,Fuller & Whitney,,1297-1439,,1 in = 50 ft,42.34638596,-71.0875,Survey Plan,1,,1,13.5 x 15.5,Blueprint,Tear.,,,,,,,,,,,,,,,,,,,,,,,,,,,,,,,,,,,,,,,,,,,,,,,,,,,,,,,,,,,,,,,,,,,,,,,,,,,,,,,,,,,,,,,,,,,,,,,,,,,,
Perkins_W43_1298,,"Boston, MA",[Untitled - Boylston Street - West Chester Park],1885-11-30,,,Boylston Street; [Haviland Street]; West Chester Park,Subdivision plan showing 10 lots [labelled 1 through 10] abutting corner lot. Lots show dimensions and areas. Displays red penciled notes.,"Per 1888 Bromley, several more lots were developed on the block.",,Fuller & Whitney,,1298-1440,,1 in = 50 ft,42.34638596,-71.0875,Survey Plan,1,,1,13 x 15.5,Blueprint,Edge damage. Tear.,,,,,,,,,,,,,,,,,,,,,,,,,,,,,,,,,,,,,,,,,,,,,,,,,,,,,,,,,,,,,,,,,,,,,,,,,,,,,,,,,,,,,,,,,,,,,,,,,,,,
Perkins_W43_1299,Beacon Entrance to Back Bay Park,"Boston, MA",[Untitled - Commonwealth Avenue - Beacon Entrance],1886-01-13,,Boston & Albany Railroad,Beacon Street; Commonwealth Avenue; Jersey Street [Charlesgate West]; Kenmore Street; Newbury Street; West Newbury Street,Block layout with 16' wide passageway. Two lots display s/f. Red pencil labeling.,,,Fuller & Whitney,,1299-1441,36 - 42,1 in = 100 ft,42.34902532,-71.0924,Survey Plan,1,,1,12 x 14,Blueprint,,,,,,,,,,,,,,,,,,,,,,,,,,,,,,,,,,,,,,,,,,,,,,,,,,,,,,,,,,,,,,,,,,,,,,,,,,,,,,,,,,,,,,,,,,,,,,,,,,,,,
Perkins_W43_1300,Bay State Road,"Boston, MA",[Untitled - Commonwealth Avenue - Beacon Entrance],1886-01-08,,Boston & Albany Railroad,Bay State Road; Back Street; Beacon Street; Beacon Entrance to Back Bay Park; Commonwealth Avenue; [Deerfield Road]; Hereford Street; Jersey Street [West Charlesgate]; Ipswich Street [East Charlesgate]; Marlborough Street; West Chester Street [Massachusetts Avenue]; West Newbury Street; Charles River,Subdivision plan showing lots spread over 6 blocks labelled A through H with square footages for each blook. ,"Part of a series of plans for the Back Bay area that is now Baystate Road at Deerfield. Per 1880s Atlases, the land was owned by Boston & Roxbury Mill Corp. and Charles F. and John Q. Adams.",,Fuller & Whitney,,1300-1442,,1 in = 100 ft,42.35012945,-71.0977,Survey Plan,1,,1,34.5 x 15.5,Blueprint,"2 panels, taped. Crease. Tear.",,,,,,,,,,,,,,,,,,,,,,,,,,,,,,,,,,,,,,,,,,,,,,,,,,,,,,,,,,,,,,,,,,,,,,,,,,,,,,,,,,,,,,,,,,,,,,,,,,,,
Perkins_W43_1301,Marlborough St / West Chester Park,"Boston, MA",[Untitled - Marlborough St / West Chester Park],1885-01-11,,"Wheatland, George, Jr..",Beacon Street; Commonwealth Avenue; Ipswich Street [Charlesgate East]; Marlborough Street; West Chester Park [Massachusetts Avenue],"Subdivision plan showing 16 lots [9 labelled 1 through 9; one labelled B] divided by 16-foot-wide passageway. Shows dimensions, s/f. Red penciled notation regarding issuance date.",,,Fuller & Whitney,,1301-1443,"39, 40",1 in = 80 ft,42.3501902,-71.0894,Survey Plan,1,,1,13 x 16,Blueprint,,,,,,,,,,,,,,,,,,,,,,,,,,,,,,,,,,,,,,,,,,,,,,,,,,,,,,,,,,,,,,,,,,,,,,,,,,,,,,,,,,,,,,,,,,,,,,,,,,,,,
Perkins_W43_1302,Marlborough St / West Chester Park,"Boston, MA",[Untitled - Marlborough St / West Chester Park],1885-01-26,,,Beacon Street; Commonwealth Avenue; Ipswich Street [Charlesgate East]; Marlborough Street; West Chester Park [Massachusetts Avenue],"Subdivision plan showing 2 lots [one labelled A] divided by 16-foot-wide passageway. Shows dimensions, s/f.",,,Fuller & Whitney,,1302-1444,"39, 40",1 in = 80 ft,42.3501902,-71.0894,Survey Plan,1,,1,13.5 x 16,Blueprint,,,,,,,,,,,,,,,,,,,,,,,,,,,,,,,,,,,,,,,,,,,,,,,,,,,,,,,,,,,,,,,,,,,,,,,,,,,,,,,,,,,,,,,,,,,,,,,,,,,,,
Perkins_W43_1303,Beacon Entrance to Back Bay Park,"Boston, MA",[Untitled - Plan H],1886-01-01,"Braman; Lee & Others; Pacific Bank, receiver of; Palfrey & Others, Trustees; Peabody, S.E.; Wheatland; Whitney & Others, Trustees;","Boston & Albany Railroad; Coolidge, Jefferson.",Beacon Street; Brighton Avenue; Brookline Avenue; Commonwealth Avenue; Kenmore St.; Marlborough Street; Newbury Street; West Newbury Street; West Chester Park [Massachusetts Avenue]; Charles River; Beacon Entrance to Back Bay Park [Charlesgate],Subdivision Plan showing lots spread over multiple sections and alleyways. Lots include dimensions and square footage. Lots contain names of owners. Notation at intersection of West Chester Park (Mass Avenue) and Charles River says Proposed Bridge to Cambridge.,May have been part of the Back Bay Lands packages.,,Fuller & Whitney,,1303-1445,36 - 42,1 in = 100 ft,42.34879536,-71.0924,Survey Plan,1,,1,27 x 16,Blueprint,"2 panels, taped. Crease. Tear.",,,,,,,,,,,,,,,,,,,,,,,,,,,,,,,,,,,,,,,,,,,,,,,,,,,,,,,,,,,,,,,,,,,,,,,,,,,,,,,,,,,,,,,,,,,,,,,,,,,,
Perkins_W44_1339-1342,Back Bay Park West,"Boston, MA","Plan of Region West of Back Bay Park, Study No. 5 - No. 8",1886-01-01,,Boston & Albany Railroad,Agassiz Road; Astor Place; Audubon Road [Park Drive]; Beacon Street; Brookline Avenue; Commonwealth Avenue; Ipswich Street (East Charlesgate); Jersey Street (West Charlesgate; Newbury Street; Parker Street; Riverdale Longwood Entrance; Rumford Road; West Chester Street; West Newbury Street; Westland Avenue; ,"4 studies of proposed improvements to a large subdivision. Shows new passages, streets, and waste calculations as well as grading.",Little of the plan was developed until the 20th century; includes what is now Fenway Park.,,Fuller & Whitney,,1339-1553/1342-1556,,1 in = 200 ft,42.34543143,-71.0982,Survey Plan,4,,1,27 x 16.5,Blueprint,"Each sheet: 2 panels, taped.",,,,,,,,,,,,,,,,,,,,,,,,,,,,,,,,,,,,,,,,,,,,,,,,,,,,,,,,,,,,,,,,,,,,,,,,,,,,,,,,,,,,,,,,,,,,,,,,,,,,
Perkins_W44_1343,,"Boston, MA",[Untitled - Fulton Street / 241 and 245 North Street,1886-02-12,,"Cutter, Leonard R.; Denny, Daniel, heirs of;",Fulton Street; 241 and 245 North Street,"Subdivision plan showing lots A and B. Shows sf and dimensions. Note indicates ""brick buildings.""","Per 1884 Sanborn, No. 241 North Street was used for chair and liquor storage.",,Fuller & Whitney,,1343-1557,,1 in = 10 ft,42.36347278,-71.0523,Survey Plan,1,,1,13.5 x 15,Blueprint,,,,,,,,,,,,,,,,,,,,,,,,,,,,,,,,,,,,,,,,,,,,,,,,,,,,,,,,,,,,,,,,,,,,,,,,,,,,,,,,,,,,,,,,,,,,,,,,,,,,,
Perkins_W44_1344-1346,Back Bay Park West,"Boston, MA",[Tremont Entrance to Back Bay Park - Plan No. 1 - No. 3],1886-02-17,,,Longview Road [The Fenway]; Tremont Entrance to Back Bay Park,3 versions of subdivision plan showing proposed lots. Plan no. 1 shows apartment hotel and street proposed by Park Commissioners; Plan no. 2 shows stables.,Street titled Longview Road may now be the Fenway,,Fuller & Whitney,,1344-1558/1346-1560,,1 in = 30 ft,42.34027954,-71.1005,Survey Plan,3,,1,14 x 16,Blueprint,Edge damage.,,,,,,,,,,,,,,,,,,,,,,,,,,,,,,,,,,,,,,,,,,,,,,,,,,,,,,,,,,,,,,,,,,,,,,,,,,,,,,,,,,,,,,,,,,,,,,,,,,,,
Perkins_W44_1347,Back Bay Park West,"Boston, MA",Copy of Part of Plan of The Back Bay Park by Thomas Doane,1886-02-20,,,Parker Street; Muddy River,"Plan showing borders and elevation lines. Contains indecipherable notes; statement Muddy River, which according to Doane's plan dated Jan. 25, 1878, of below grade 2.0",Thomas Doane was a civil engineer who served as an engineer of the Parks Commission for the Fens (https://www.wikitree.com/wiki/Doane-264),,Fuller & Whitney / Thomas Doane,,1347-1561,,1 in = 60 ft,42.340321,-71.1003,Survey Plan,1,,1,31.5 x 28,Blueprint,4 panels taped. Edge damage. Folds.,,,,,,,,,,,,,,,,,,,,,,,,,,,,,,,,,,,,,,,,,,,,,,,,,,,,,,,,,,,,,,,,,,,,,,,,,,,,,,,,,,,,,,,,,,,,,,,,,,,,
Perkins_W44_1348,Beacon Entrance to Back Bay Park,"Boston, MA",[Untitled - Beacon Entrance to Back Bay Park],1886-03-05,,,Commonwealth Avenue; Charles River; Beacon Entrance to Back Bay Park [Charlesgate]; Ipswich Street [Charlesgate East]; Jersey Street [Charlesgate West]; Newbury Street; West Newbury Street,"Subdivision plan showing 4 lots labelled A thru D; one bordered by 16-foot-wide passageway. Shows dimensions, s/f. Contains handwritten notes in red ink.",,,Fuller & Whitney,,1348-1562,36 - 42,1 in = 100 ft,42.34879536,-71.0924,Survey Plan,1,,1,32 x 13,Blueline,Edge damage. Fading.,,,,,,,,,,,,,,,,,,,,,,,,,,,,,,,,,,,,,,,,,,,,,,,,,,,,,,,,,,,,,,,,,,,,,,,,,,,,,,,,,,,,,,,,,,,,,,,,,,,,
Perkins_W44_1349,Back Bay Park West,"Boston, MA",[Untitled - West Newbury at Kenmore Street],1886-03-19,"Adams, Charles F. and J. Q.; Coolidge, T. Jefferson; Fairbank, Charles; Lawrence, Abbott; Lee, Henry; Ryan, P.J.; Sears, E. E.; Whitney & Others, Trustees",Boston & Albany Railroad,Beacon Street; Brighton Avenue; Brookline Avenue; Commonwealth Avenue; Ipswich Street {Charlesgate East]; Kenmore Street [Charlesgate West]; Jersey Street [Charlesgate West]; West Chester Park [Massachusetts Avenue]; West Newbury Street,"Subdivision plan showing layout of 27 narrow lots (numbered) and 14 lots with letter designations. Shows dimensions and sf. Adjacent to blocks of tree-covered islands, Charlesgate Park","Per Urban Atlases, little of this area was so densely developed prior to the 1900s.",,Fuller & Whitney,,1349-1563,36,1 in = 80 ft,42.34832811,-71.095,Survey Plan,1,,1,23.5 x 16,Blueprint,"2 panels, taped. Edge damage.",,,,,,,,,,,,,,,,,,,,,,,,,,,,,,,,,,,,,,,,,,,,,,,,,,,,,,,,,,,,,,,,,,,,,,,,,,,,,,,,,,,,,,,,,,,,,,,,,,,,
Perkins_W44_1350,Marlborough St / West Chester Park,"Boston, MA",[Untitled - Marlborough St / West Chester Park],1886-03-23,,"Ames, Oliver; Boston & Roxbury Mill Corp.; Cabot, Walter C. Crowninshield, B. W.; Curtis, Louis; Hunnewell, W.; Lawrence, A.; Lowell, Augustus; Palfrey & Ohers; Peabody, S.E.; Saltonstall, W. G.; Sturgis, John H.; Wheatland, George, Jr.",Beacon Street; Commonwealth Avenue; Ipswich Street [Charlesgate East]; Marlborough Street; Newbury Street; West Chester Park [Massachusetts Avenue],"Subdivision plan showing layout of 19 narrow lots (numbered). Shows dimensions and sf. Adjacent to blocks of tree-covered islands, Charlesgate Park. Red-penciled notations. Verso contains penciled notes and sketch of Lots A & B.",,,Fuller & Whitney,,1350-1464,"39, 40",1 in = 80 ft,42.3501902,-71.0894,Survey Plan,1,,1,14.5 x 16,Blueprint,,,,,,,,,,,,,,,,,,,,,,,,,,,,,,,,,,,,,,,,,,,,,,,,,,,,,,,,,,,,,,,,,,,,,,,,,,,,,,,,,,,,,,,,,,,,,,,,,,,,,
Perkins_W44_1351,,"Boston, MA",[Untitled - Walnut Street Nos. 13 and 15],1886-04-02,,,No. 13 and 15 Walnut Street ,"Subdivision plan showing two lots, each labelled brick dwelling. Abuts brick and wooden buildings and yard, probably along Chestnut Street. Date is penciled in red.",,,[Fuller & Whitney],,1351-1565,,1 in = 4 ft,42.35760545,-71.0661,Survey Plan,1,,1,14 x 16,Blueprint,,,,,,,,,,,,,,,,,,,,,,,,,,,,,,,,,,,,,,,,,,,,,,,,,,,,,,,,,,,,,,,,,,,,,,,,,,,,,,,,,,,,,,,,,,,,,,,,,,,,,
Perkins_W44_1352,,"Boston, MA",[Untitled - St. Botolph Street],1886-05-19,,Boston & Albany Railroad; Boston & Providence Railroad,Arbemarle Street; Blackwood Street; Camden Street; Cumberland; Dartmouth Street; Durham Street; Follen Street; Garrison Street; Huntington Avenue; Irvington Street t [Defunct]; St. Botolph Street; West Chester Park [Massachusetts Avenue]; West Newton Street.,"Subdivision plan showing multiple blooks labeled A through R, some containing footprints of townhouses showing dimensions and s/f. Some blocks are labelled ""sold."" Existing buildings display street numbers. Also shows passageways and footprints of other buildings.",,,Fuller & Whitney,,1352-1566,,1 in = 60 ft,42.34377461,-71.0822,Survey Plan,1,,1,66 x 14.5,Blueprint,"6 panels, taped. Edge damage.",,,,,,,,,,,,,,,,,,,,,,,,,,,,,,,,,,,,,,,,,,,,,,,,,,,,,,,,,,,,,,,,,,,,,,,,,,,,,,,,,,,,,,,,,,,,,,,,,,,,
Perkins_W44_1353,,"Manchester, VA","Plan of Land near Manchester, Virginia",1886-02-13,Chesterfield Land and Improvement Company,"Cabell, Henry G.; Cabell, J. Grafton; Drewry, H. M.; Drewry, S. D.; Dunlop and McCarrie Shipyard; English Company Coal Yard; Kennedy, P. F.; Luckett Trust; Luckett, Amelia & Nannie; Mason, C. R.; Mid Lothian C o. Ordway, Albert; Richmond and Danville Railroad",James River; Morgan Street; Wadsworth Street.,"Subdivision plan showing lots numbered 1 through 10. Lots are labelled by acreage. Some indicate transactions; one has table of arable versus beach property. Note indicates water and recent filling of acres. Shows outlines coal wharf, brick yard, distillery, steam boat wharf, and other structures.","The Chesterfield Land Co. was incorporated in 1871; one founder was Drewry, after which a street and an island was named. 1877 Beers Atlas shows many of the landmarks on the survey. https://lva.primo.exlibrisgroup.com/permalink/01LVA_INST/altrmk/alma990017362930205756",,Fuller & Whitney,,1353-1567,,1 in = 5 chains (330 feet),37.52059836,-77.4191,Survey Plan,1,,1,25.6 x 16.5,Blueprint,2 panels taped. Tears.,,,,,,,,,,,,,,,,,,,,,,,,,,,,,,,,,,,,,,,,,,,,,,,,,,,,,,,,,,,,,,,,,,,,,,,,,,,,,,,,,,,,,,,,,,,,,,,,,,,,
Perkins_W44_1354,Back Bay Park West,"Boston, MA",Plan showing Subdivision of Lots 36 and 37 with additions showing owner's names to date,1886-03-01,"Bigelow, J.P.; Braman; Hunnewell, W.; Lawrence, Abbott L.; Lee & Others; Lowell, Augustus; Pacific Bank, receiver of; Palfrey & Others, Trustees; Peabody, S.E.; Wheatland; Whitney & Others, Trustees;",Boston & Albany Railroad,Beacon Street; Brighton Avenue; Brookline Avenue; Commonwealth Avenue; Ipswich Street {Charlesgate East]; Kenmore Street [Charlesgate West]; Jersey Street [Charlesgate West]; West Chester Park [Massachusetts Avenue]; West Newbury Street,Subdivision plan showing layout of 7 lots showing lots for sale. Some names appear to have been partially erased. Lots are either numbered or alphabetized. Labelled H which may indicate part of the Back Bay Lands packages. ,,,Fuller & Whitney,,1354-1568,"36, 37",1 in = 100 ft,42.34832811,-71.095,Survey Plan,1,,1,27 x 16,Blueprint,"2 panels, taped. Edge damage. Tears.",,,,,,,,,,,,,,,,,,,,,,,,,,,,,,,,,,,,,,,,,,,,,,,,,,,,,,,,,,,,,,,,,,,,,,,,,,,,,,,,,,,,,,,,,,,,,,,,,,,,
Perkins_W44_1355,,"Swampscott, MA",Plan of Estate of E. Reddington Mudge,1886-06-01,"Mudge, E. Reddington, estate;","Holt, E.; Van Brunt, Mrs. D. B.; Marblehead Branch Railroad [part of Eastern railroad]",Burrill Street; Highland Street; Paradise Road; Reddington Street,"Subtitled: Showing street numbers, houses and lots with their widths and owners names to date. Also assessors valuation of vacant land per foot for 1886."" Plan showing Lots A and B with area shown in Sq. ft or acres; outline of roads, buildings, and pond. Notations for ledge and gravel hill. Subtitle says ""Produced from plan of John C. Haskell, surveyor dated 1874.""","Per 1880s Hopkins Atlas, the Mudge estate was a vast tract in southwest Swampscott. Per Richards 1905, property had become fully developed. Owner was Enoch Redington Mudge (1812 - 1881). He was the son of the first native New England Methodist preacher and became a wealthy Boston merchant and philanthropist. The 130+ acre estate in Swampscott was his summer home. The estate was subdivided according to a plan by Olmsted (https://www.swampscottma.gov/historical-commission/pages/olmsted-historic-district-swampscott-massachusetts). The land was sold to the Swampscott Land Trust who hired Olmsted.",,"Whitney, William H. / Haskell, John C.",,1355-1569,,1 in = 200 ft,42.47078255,-70.9192,Survey Plan,1,,1,22 x 13,Blueprint,,,,,,,,,,,,,,,,,,,,,,,,,,,,,,,,,,,,,,,,,,,,,,,,,,,,,,,,,,,,,,,,,,,,,,,,,,,,,,,,,,,,,,,,,,,,,,,,,,,,,
Perkins_W44_1356,,"Boston, MA",Plan of Marlborough St. Lands at Hereford St. and vicinity,1886-05-01,Multiple; every lot owner is listed for dozens of lots. Largest lot owned by Boston and Roxbury Mill Corp.,,Beacon Street; Commonwealth Avenue; Fairfield Street; Gloucester Street; Hereford Street; Marlborough Street; West Chester Park (Massachusetts Avenue); Charles River with proposed bridge to Cambridge,Plan showing street grid layout with names of owners and street address and dimensions. Note on verso re tracings having the same number.,Plan shows the evolution of ownership between the 1885 and 1888 Bromley Atlases.,,"Whitney, William H.",,1356-1570,,1 in = 80 ft,42.3511123,-71.0852,Survey Plan,1,,1,26 x 16,Blueprint,"2 panels, taped.",,,,,,,,,,,,,,,,,,,,,,,,,,,,,,,,,,,,,,,,,,,,,,,,,,,,,,,,,,,,,,,,,,,,,,,,,,,,,,,,,,,,,,,,,,,,,,,,,,,,
Perkins_W44_1357,,"Boston, MA",[Untitled - Harrison Avenue],1886-06-21,,"Hunnewell, H.H.; Miller, Chas. E.; Warren, William",Harrison Avenue,"Lot plan showing lot labelled ""Contents 864 1/2 Sq. ft.",Location on Harrison Avenue is approximate.,,"Whitney, William H.",,1357-1571,,1 in = 8 ft,42.35215543,-71.0612,Survey Plan,1,,1,13.5 x 15,Blueprint,,,,,,,,,,,,,,,,,,,,,,,,,,,,,,,,,,,,,,,,,,,,,,,,,,,,,,,,,,,,,,,,,,,,,,,,,,,,,,,,,,,,,,,,,,,,,,,,,,,,,
Perkins_W44_1358_1-3,,"Boston, MA",Studies for Proposed Improvements No. 1 - No. 3,1886-07-01,,Boston & Albany Railroad,Aberdeen Street; Brighton Avenue; Ivy Street; Maitland Street; Miner Street; Mountain Street; Munson Street; St. Mary's Street; ,Set of three layouts for a triangular region along a proposed Commonwealth Avenue extension. Shows multiple blocks with lots and basic dimension; one plan lists tables. Also lists wastage % with corrections noted in red pencil.,"Commonwealth Avenue was not extended at this location; rather, Beacon Street was extended. One of the proposed streets approximates location of Park Drive.",,"Whitney, William H.",,1358-1572/1358-1574,,1 in = 80 ft,42.34786532,-71.1058,Survey Plan,3,,1,25 x 19,Blueprint,"Each sheet, 2 panels, taped. Tear.",,,,,,,,,,,,,,,,,,,,,,,,,,,,,,,,,,,,,,,,,,,,,,,,,,,,,,,,,,,,,,,,,,,,,,,,,,,,,,,,,,,,,,,,,,,,,,,,,,,,
Perkins_W44_1359_1-2,West End Land Co.,"Boston, MA",[Untitled - Intersection of Beacon Street and Brighton Avenue - Current and proposed],1886-09-03,"Stillings; West End Land Company; Wheatland, George Jr.; ",Boston & Albany Railroad,Beacon Street; Brighton Avenue,"Two plans showing intersection of two streets. One plan shows actual layout with owners' names and sf, the other shows proposed avenue that would double width of street.","Due to reconfiguration/renaming of streets, the intersection is at what is currently Beacon Street and Commonwealth Avenue, near Kenmore Square.",,"Whitney, William H.",,1359-1575/1359-1576,,1 in = 50 ft,42.34869436,-71.0986,Survey Plan,2,,1,27 x 13.5,Blueprint,"Each sheet, 2 panels, taped.",,,,,,,,,,,,,,,,,,,,,,,,,,,,,,,,,,,,,,,,,,,,,,,,,,,,,,,,,,,,,,,,,,,,,,,,,,,,,,,,,,,,,,,,,,,,,,,,,,,,
Perkins_W45_1401,,"Boston, MA",Studies for Proposed Improvements No. 4,1886-07-01,,Boston & Albany Railroad,Aberdeen Street; Brighton Avenue; Ivy Street; Maitland Street; Miner Street; Mountain Street; Munson Street St.; Mary's Street; ,Additional layout for a triangular region along a proposed Commonwealth Avenue extension. Shows multiple blocks with lots and basic dimension; one plan lists tables. Shows tree island and continuous alley of stables. Also lists wastage % which is compared to Plans no. 1 -3.,"Commonwealth Avenue was not extended at this location; rather, Beacon Street was extended. One of the proposed streets approximates location of Park Drive.",,"Whitney, William H.",,1401-1717,,1 in = 80 ft,42.34786532,-71.1058,Survey Plan,1,,1,25.5 x 19,Blueprint,"2 panels, taped. Crease. Hole.",,,,,,,,,,,,,,,,,,,,,,,,,,,,,,,,,,,,,,,,,,,,,,,,,,,,,,,,,,,,,,,,,,,,,,,,,,,,,,,,,,,,,,,,,,,,,,,,,,,,
Perkins_W45_1402,,"Boston, MA",[Untitled - Brighton Avenue at Essex Street,1886-08-10,,Boston & Albany Railroad,Brighton Avenue; Essex Street ,"Lot plan showing a 5,000 sq ft lot. Notation for a bridge.",The section shown of Brighton Avenue is now part of Commonwealth Avenue. Bridge was Commonwealth over the railroad. Property was the site of Allston Mills. Essex Street lead to what is now the Boston University Bridge.,,"Whitney, William H.",,1402-1718,,1 in = 30 ft,42.35094887,-71.1122,Survey Plan,1,,1,21.5 x 16,Blueprint,"2 panels, taped.",,,,,,,,,,,,,,,,,,,,,,,,,,,,,,,,,,,,,,,,,,,,,,,,,,,,,,,,,,,,,,,,,,,,,,,,,,,,,,,,,,,,,,,,,,,,,,,,,,,,
Perkins_W45_1403_1-11,,"Boston, MA",Studies showing Relation of Adams' Land to Different Plans of Extension of Commonwealth Avenue and Charles River Embankment - Nos. 1 - No. 11,1886-09-01,"Adams, Charles F. and J. Q.",Boston & Albany Railroad,[Baystate Road]; Beacon Street; Brighton Avenue; Charles River Embankment; Commonwealth Avenue; [Deerfield Street],"9 studies showing subdivision layouts for multiple blocks for townhouses. Plans show new streets, alleyways, and islands. Lots are roughly dimensioned. Show street waste in percent and s/f and gain or loss by study east of line A-B (approximately where Deerfield Street is). Some plans show widened Brighton Avenue (now Commonwealth Avenue west of Kenmore Square). Note on verso of ___ says ""For tracing see ""Portfolio of Tracings"".",Studies are extensions of studies done for the Baystate/Deerfield Street group of studies. The Adams' Land reference reflects ownership of lots by Charles F. and John Q. Adams. Final built layout is close to Study No. 11. The Adams were descendants of President John Quincy Adams and had other properties in Back Bay.,,Fuller & Whitney,,1403-1719/1403-1729,,1 in = 80 ft,42.34916124,-71.097,Survey Plan,11,,1,28 x 20,Blueprint,"Each sheet is 2 panels, taped. Edge damage. Sheet dimensions given for longest width or height.",,,,,,,,,,,,,,,,,,,,,,,,,,,,,,,,,,,,,,,,,,,,,,,,,,,,,,,,,,,,,,,,,,,,,,,,,,,,,,,,,,,,,,,,,,,,,,,,,,,,
Perkins_W45_1404,,"Boston, MA","Plan of Two Lots of Land, near Back Bay Park to be sold at auction on Monday, November 1, 1886 at 12 o'clock noon by L. Foster Morse, Auctioneer",1886-10-22,"Snelling, Samuel G. Estate.","Boston Water Power Co.; Gray, William; Kendall, J.B.; Mathews, N.",Astor Street [Burbank Street]; Back Bay Park; Boylston Street; Parker Street [Hemenway Street]; Rumford Road [Fenway]; Westland Entrance to Park [Westland Avenue].,"Lot plan showing 35,103 sf lot along unnamed 40 ft. Street (possibly Norway Street) and along 17106 sf lot along Parker (Hemenway]. Subtitle says per order Charles P. Greenough and Charles E. Raymond, Assignees of the Snelling Estate. Name and title of Morse is crossed out.",1884 Bromley Atlas shows that Snelling owned lots at what is now approx. 39 Hemenway and 38 Norway Streets. Morse was an auctioneer with offices at 56 Warren Street. Snelling was a merchant with Lowell Bleachery and Dye Works who was arrested in 1886 for embezzling funds and later convicted. ,,[Fuller & Whitney],,1404-1730,,1 in = 40 ft,42.3455375,-71.0891,Auctioneer's Plan,1,,1,20 x 28,Brownline print,"2 panels, taped. Crease. Tear.",,,,,,,,,,,,,,,,,,,,,,,,,,,,,,,,,,,,,,,,,,,,,,,,,,,,,,,,,,,,,,,,,,,,,,,,,,,,,,,,,,,,,,,,,,,,,,,,,,,,
Perkins_W45_1405,Bay State Road,"Boston, MA",[Untitled - Commonwealth Avenue - Beacon Entrance],1886-08-11,"Adams, Charles F. and J. Q.",Boston & Albany Railroad,Bay State Road; Back Street; Beacon Street; Beacon Entrance to Back Bay Park; Commonwealth Avenue; [Deerfield Road]; Hereford Street; Jersey Street [West Charlesgate]; Ipswich Street [East Charlesgate]; Marlborough Street; West Chester Street [Massachusetts Avenue]; West Newbury Street; Charles River,"Subdivision plan showing lots spread 8 blocks labelled A through H with square footages for each blook. Block D indicates ""sold to C.F. and J.Q. Adams."" (see 1403 set of studies)",Part of a series of plans for the Back Bay area that is now Baystate Road at Deerfield.,,Fuller & Whitney,,1405-1731,585,1 in = 100 ft,42.35012945,-71.0977,Survey Plan,1,,1,35 x 16,Blueprint,"2 panels, taped. Edge damage.",,,,,,,,,,,,,,,,,,,,,,,,,,,,,,,,,,,,,,,,,,,,,,,,,,,,,,,,,,,,,,,,,,,,,,,,,,,,,,,,,,,,,,,,,,,,,,,,,,,,
Perkins_W45_1406,Gray Estate,"Dorchester (Boston, MA)",Plan of Land in Dorchester between Bird St. Station and Blue Hill Avenue belonging to the Gray Estate and Estate of Jasper Cunningham showing proposed streets and lots.,1886-12-01,"Gray, Estate of; Cunningham, Jasper, estate of.",,Blue Hill Avenue; Brookford Street; Cherry Street [Dacia]; Dove Street; Hartford Street; Howard Avenue; Howard Street; Myrtle Street; Phipps Street; Quincy Street; Rand Street and Square; Sargent Street; Woodward Park Street,"Subdivision layout. Shows lots, some with building footprints. Red penciled annotations, one says ""heavy rock cutting."" Note on verso says ""For tracing see 'Portfolio of Tracings'"". 3 additional variants #1408_1-3","Gray estate related to William Gray Jr., president of the Massachusetts Horticultural Society. Part of the Cunningham Estate was eventually divided by Cunningham Street.",,"Whitney, William H.",,1406-1732,,1 in = 100 ft,42.31648,-71.0747,Survey Plan,4,,1,27 x 25,Blueprint,"Each sheet is 2 panels, taped. Edge damage. Tears. Sheet dimensions given for longest width or height.",,,,,,,,,,,,,,,,,,,,,,,,,,,,,,,,,,,,,,,,,,,,,,,,,,,,,,,,,,,,,,,,,,,,,,,,,,,,,,,,,,,,,,,,,,,,,,,,,,,,
Perkins_W45_1407,Back Bay Park West,"Boston, MA",Plan of Region West of Back Bay Park. Proposed Improvements.,1886-01-01,"Various; include Aspinwall Land Company; Biddle, Hayden, Brown, et al; Boston Water Power Co.; Boylston St. Land Co.; Burrage, William W., Trust; Chandler, J. W.; Dana, Charles B.; Dana, George B.; Gardner, Caleb, heirs of; Harvard College; Lincoln, W.H; Read, E.M.; Robinson, Thomas et al; Swan, W.S.; Tappen, William A.; Weld, Samuel; White, Warren; Whitney, Susannah, heirs of; ",Boston & Albany Railroad,Agassiz Road; Astor Place; Audubon Road [Park Drive]; Beacon Street; Brookline Avenue; Commonwealth Avenue; Ipswich Street (East Charlesgate); Jersey Street (West Charlesgate; Newbury Street; Parker Street; Riverdale Longwood Entrance; Rumford Road; West Chester Street; West Newbury Street; Westland Avenue; ,"Study for proposed improvements to a large subdivision (see others in this set). Shows new passages, streets, and waste calculations as well as grading. Shows dashed line for road between Audubon and Brookline Avenue that is now Boylston.",Little of the plan was developed until the 20th century; includes what is now Fenway Park.,,Fuller & Whitney,,1407-1733,,1 in = 200 ft,42.34543143,-71.0982,Survey Plan,1,,1,27 x 16.5,Blueprint,"2 panels, taped. Tear.",,,,,,,,,,,,,,,,,,,,,,,,,,,,,,,,,,,,,,,,,,,,,,,,,,,,,,,,,,,,,,,,,,,,,,,,,,,,,,,,,,,,,,,,,,,,,,,,,,,,
Perkins_W45_1408_1-3,Gray Estate,"Dorchester (Boston, MA)",Plan of Land in Dorchester between Bird St. Station and Blue Hill Avenue belonging to the Gray Estate and Estate of Jasper Cunningham showing proposed streets and lots.,1886-12-01,"Gray, Estate of; Cunningham, Jasper, estate of.",,Blue Hill Avenue; Brookford Street; Cherry Street [Dacia]; Dove Street; Hartford Street; Howard Avenue; Howard Street; Myrtle Street; Phipps Street; Quincy Street; Rand Street and Square; Sargent Street; Woodward Park Street,"3 variants of #1406. Shows lots, some with building footprints. Three sheets show street wastage calculations. Some sheets have red penciled annotations.","Gray estate related to William Gray Jr., president of the Massachusetts Horticultural Society. Part of the Cunningham Estate was eventually divided by Cunningham Street.",,"Whitney, William H.",,1408-1734/1408-1736,,1 in = 100 ft,42.31648,-71.0747,Survey Plan,4,,1,27 x 25,Blueprint,"Each sheet is 2 panels, taped. Edge damage. Tears. Sheet dimensions given for longest width or height.",,,,,,,,,,,,,,,,,,,,,,,,,,,,,,,,,,,,,,,,,,,,,,,,,,,,,,,,,,,,,,,,,,,,,,,,,,,,,,,,,,,,,,,,,,,,,,,,,,,,
Perkins_W46_1409_1-3,Bay State Road,"Boston, MA",[Untitled - 4 studies of Beacon and Brookline Intersection],1887-02-14,,Boston & Albany Railroad,[Baystate Road]; Beacon Street; Brookline Avenue; Charles River Embankment; Commonwealth Avenue; [Deerfield Street]; Kenmore Street; West Newbury Street,"4 studies showing subdivision layouts for multiple blocks for townhouses. Plans show new streets, alleyways, and islands. Lots are roughly dimensioned. ","Per various 1880s Bromley Atlases, various parcels on this block were owned by the Adams (see studies for Adams' land).",,"Whitney, William H.",,1409-1737/1409-1740,,1 in = 80 ft,42.3482355,-71.0981,Survey Plan,4,,1,17 x 16.5,Blueprint,"2 panels, separated.",,,,,,,,,,,,,,,,,,,,,,,,,,,,,,,,,,,,,,,,,,,,,,,,,,,,,,,,,,,,,,,,,,,,,,,,,,,,,,,,,,,,,,,,,,,,,,,,,,,,
Perkins_W46_1410,Andrews Estate,"Dorchester (Boston, MA)","Plan of House Lots on the William T. Andrews Estate, Dorchester.",1886-12-01,"Andrews, William T. ",,Clapp Place; Cottage Street; Dorchester Avenue; Mount Vernon Street; Pond Street,Subdivision plan showing five blocks comprising lots numbered 1 thru 103. Lots show sq. ft. and dimensions and 2 new unnamed roads and one right of way.,,,"Whitney, William H.",,1410-1741,,1 in = 50 ft,42.31933492,-71.0591,Survey Plan,1,,1,27 x 20,Blueprint,"2 panels, taped",,,,,,,,,,,,,,,,,,,,,,,,,,,,,,,,,,,,,,,,,,,,,,,,,,,,,,,,,,,,,,,,,,,,,,,,,,,,,,,,,,,,,,,,,,,,,,,,,,,,
Perkins_W46_1411,Gray Estate,"Dorchester (Boston, MA)","Streets to be graded. Proposed Streets on Estate of William Gray, Jr.",1887-02-23,"William Gray, Jr., Estate of",,Blue Hill Avenue; Brookford Street; Hartford Street; Howard Avenue; Howard Street; Maywood Street; Rand Street and Square; Sargent Street,"Specifications brochure containing cover page, 11 pages of handwritten specs, and plan for proposed streets No. 1 thru 4. Plan show street cuts. Verso of first page contains notice regarding instructions for delivery of bids and indication that plans and specifications may be seen at Whitney's Office. Verso of plan indicates ""For tracings see Portfolio of Tracings, same number.""","Gray estate related to William Gray Jr., president of the Massachusetts Horticultural Society. Part of the Cunningham Estate was eventually divided by Cunningham Street.",,"Whitney, William H.",,1411-1742,,1 in = 100 ft,42.31648,-71.0747,Specifications,6,2,1,15.5 x 14,Blueprint,Pages folded in half. Staple marks.,,,,,,,,,,,,,,,,,,,,,,,,,,,,,,,,,,,,,,,,,,,,,,,,,,,,,,,,,,,,,,,,,,,,,,,,,,,,,,,,,,,,,,,,,,,,,,,,,,,,
Perkins_W46_1412,,"West Roxbury (Boston, MA)",[Untitled - Cottage Avenue],1887-02-22,,"Shaw, Francis G., heirs; Standard Rubber Co.",Cottage Avenue [St. Teresa Avenue]; LaGrange Street,"Subdivision plan showing 9 lots of varying sizes. Building footprints, sq. ft and dimensions shown. Plan has no title; indicates it is a copy.","Per late 19th Century urban atlases, the property was owned by the Crosby family and known as Wildwood.",,"Whitney, William H.",,1412-1743,,1 in = 40 ft,42.27549349,-71.1518,Survey Plan,1,,1,26.5 x 21,Blueprint,Creases. Tears,,,,,,,,,,,,,,,,,,,,,,,,,,,,,,,,,,,,,,,,,,,,,,,,,,,,,,,,,,,,,,,,,,,,,,,,,,,,,,,,,,,,,,,,,,,,,,,,,,,,
Perkins_W46_1413,,"Boston, MA",[Untitled - Linden Park / Simmons Street],1887-05-05,,"Nichols, Elizabeth L.",Linden Park [defunct]; Simmons Street [defunct]; Stony Brook,"Subdivision plan showing 9 lots numbered 1 through 9. Sf and areas included. Shows ""Common Passage with Driveway 25-foot-wide. Dotted line annotated to say Sold to E. A. Nichols. Red penciled notations.",Subdivision shown in 1890 Bromley Atlas; land owned by Lawron family in highly industrial neighborhood. Now near Malcolm X Boulevard.,,"Whitney, William H.",,1413-1744,,1 in = 20 ft,42.33200526,-71.091,Survey Plan,1,,1,14.5 x 16,Blueprint,Edge damage.,,,,,,,,,,,,,,,,,,,,,,,,,,,,,,,,,,,,,,,,,,,,,,,,,,,,,,,,,,,,,,,,,,,,,,,,,,,,,,,,,,,,,,,,,,,,,,,,,,,,
Perkins_W46_1414,Bay State Road,"Boston, MA",[Untitled - Beacon Street and Baystate Road - Materials estimate],1887-05-26,,,Bay State Road; Back Street; Beacon Street; Commonwealth Avenue; [Deerfield Road]; Jersey Street [West Charlesgate]; Charles River,Document showing street layout and elevations with table of estimates for grading. Contains penciled annotations.,,,"Whitney, William H.",,1414-1745,585,Horiz: 1 in = 200 ft; Vert: 1 in = 4 ft,42.35012945,-71.0977,Specifications,1,,1,15.5 x 11.5,Blueprint,,,,,,,,,,,,,,,,,,,,,,,,,,,,,,,,,,,,,,,,,,,,,,,,,,,,,,,,,,,,,,,,,,,,,,,,,,,,,,,,,,,,,,,,,,,,,,,,,,,,,
Perkins_W46_1415,,"Boston, MA",[Untitled - Centre Street / Pynchon Street],1887-05-24,,,Centre Street; Highland Street; New Heath Street; Penryth Street [Nathanial Askia Way]; Pynchon Street [Rout 28].,Subdivision plan showing 44 numbered lots with sf/ft and areas.,Land originally owned by Hannah Dudley. ,,"Whitney, William H.",,1415-1746,,1 in = 50 ft,42.32551,-71.0971,Survey Plan,1,,1,25.5 x 13,Blueprint,"2 panels, taped. Seam damage.",,,,,,,,,,,,,,,,,,,,,,,,,,,,,,,,,,,,,,,,,,,,,,,,,,,,,,,,,,,,,,,,,,,,,,,,,,,,,,,,,,,,,,,,,,,,,,,,,,,,
Perkins_W46_1416,Bay State Road,"Boston, MA",[Untitled - Beacon Street and Baystate Road - RFP],1887-06-02,,,Bay State Road; Back Street; Beacon Street; Commonwealth Avenue; [Deerfield Road]; Jersey Street [West Charlesgate]; Charles River,"Request for proposal with handwritten text related to project and inset map with roads labeled A thru E. Instructions to bidders: ""Make your proposal thus...CTS per yard; If from Clarendon Street....CTS per yard."" showing street layout and elevations with table of estimates for grading. Contains penciled annotations.",Related to series of plans for the Back Bay area that is now Baystate Road at Deerfield,,"Whitney, William H.",,1416-1747,585,Horiz: 1 in = 200 ft; Vert: 1 in = 4 ft,42.35012945,-71.0977,Specifications,1,,1,15.5 x 13.4,Blueprint,,,,,,,,,,,,,,,,,,,,,,,,,,,,,,,,,,,,,,,,,,,,,,,,,,,,,,,,,,,,,,,,,,,,,,,,,,,,,,,,,,,,,,,,,,,,,,,,,,,,,
Perkins_W46_1417,Gray Estate,"Dorchester (Boston, MA)",[Untitled - Plan of Land in Dorchester between Blue Hill Avenue and Howard],1887-04-12,"[Gray, Estate of; Cunningham]",,Blue Hill Avenue; Brookford Street; Dacia Street; Dalmatia Street [Woodcliffe Street]; Damascus Street [Dewey Street]; Edgewood Street; Hartford Street; Howard Avenue; Myrtle Street; Rand Street; Sargent Street,"Subdivision plan showing 7 blocks of lots and 20-ft-wide passageway. Lots display dimensions and areas. Includes footprints of existing buildings. Several lots labelled ""sold."" penciled in notation. Contains stamp for L. Foster Morse at 56 Warrant Street.","L. Foster Morse was a Boston businessman and active in city development, worked in real estate in the 1880s.",,"Whitney, William H.",,1417-1748,,1 in = 100 ft,42.31648,-71.0747,Survey Plan,1,,1,22 x 18,Brownline on vellum,Edge damage.,,,,,,,,,,,,,,,,,,,,,,,,,,,,,,,,,,,,,,,,,,,,,,,,,,,,,,,,,,,,,,,,,,,,,,,,,,,,,,,,,,,,,,,,,,,,,,,,,,,,
Perkins_W46_1418,Bay State Road,"Boston, MA",[Untitled - Beacon Street and Baystate Road],1887-07-15,Boston & Roxbury Mill Corporation,,Bay State Road; Back Street; Beacon Street; Commonwealth Avenue; [Deerfield Road]; Jersey Street [West Charlesgate]; Charles River,Subdivision plan for one block showing 24 numbered lots with dimensions and square foot area.,Related to series of plans for the Back Bay area that is now Baystate Road at Deerfield,,"Whitney, William H.",,1418-1749,585,1 in = 50 ft,42.35019004,-71.0942,Survey Plan,1,,1,19.5 x 13,Blueprint,,,,,,,,,,,,,,,,,,,,,,,,,,,,,,,,,,,,,,,,,,,,,,,,,,,,,,,,,,,,,,,,,,,,,,,,,,,,,,,,,,,,,,,,,,,,,,,,,,,,,
Perkins_W46_1419,,"Manchester, VA","Plan of Land near Manchester, Virginia",1887-10-13,Chesterfield Land and Improvement Company,"Cabell, J. Grafton; Drewry, H. M.; English Company Coal Yard; Luckett, Amelia & Nannie; Mara Coal Yard; Mason, C. R.; McCance & Co. Shipyard; Mid Lothian Co.; Ordway, Albert; Richmond and Danville Railroad",James River; Morgan Street; Wadsworth Street.,"Subdivision plan showing lots numbered 1 through 13. Lots are labelled by acreage. Some indicate transactions; one has table of arable versus beach property. Shows outlines coal wharf, brick yard, distillery, steam boat wharf, and other structures. Note indicates water and recent filling of acres. ","The Chesterfield Land Co. was incorporated in 1871; one founder was Drewry, after which a street and an island was named. 1877 Beers Atlas shows many of the landmarks on the survey. https://lva.primo.exlibrisgroup.com/permalink/01LVA_INST/altrmk/alma990017362930205756",,Fuller & Whitney,,1419-1750,,1 in = 5 chains (330 feet),37.52059836,-77.4191,Survey Plan,1,,1,27 x 16.5,Blueprint,2 panels taped. Edge damage. Seam split.,,,,,,,,,,,,,,,,,,,,,,,,,,,,,,,,,,,,,,,,,,,,,,,,,,,,,,,,,,,,,,,,,,,,,,,,,,,,,,,,,,,,,,,,,,,,,,,,,,,,
Perkins_W46_1420,,"Humboldt Co., NV","Map of the Olompoli Tunnel and Mining Co.'s Properties, Humboldt Co., Nevada",Not identified,,Central Pacific Railway,Black Canyon; Eldorado Canyon; Olompoli Tunnel,"Layout of roads, mining sites, natural features. Overlaid by a grid which divides the area into numbered sections. Some areas labelled ""sold."" Indicates ""registered at Land Office Carson City.""",See USGS Report: https://pubs.usgs.gov/bul/0414/report.pdf,,"Garside, George W.",,1420-1751,,Scale not given,40.58607964,-118.243,Survey Plan,1,,1,19.5 x 17.5,Blueprint,Edge damage.,,,,,,,,,,,,,,,,,,,,,,,,,,,,,,,,,,,,,,,,,,,,,,,,,,,,,,,,,,,,,,,,,,,,,,,,,,,,,,,,,,,,,,,,,,,,,,,,,,,,
Perkins_W46_1421,,"Boston, MA",[Untitled - Lands along Charles River],1887-12-17,"Child, S.; Corey, Elijah; Craft, Susanna; Heath, Ebenezer; Mill Dam Company; Richards, A.; Walcutt Farm; White, Thomas; Whitney, E.",,,"Schematic plan showing Charles River Embankment with abutting landowners. Red pencil notations, which indicate for ""B & R Mill"" and ""line parallel with Harbor Line taken as ….""",,,"[Whitney, William H.]",,1421-1752,,1 in = 150 ft,,,Survey Plan,1,,1,29 X 11,Blueprint,"2 panels, taped.",,,,,,,,,,,,,,,,,,,,,,,,,,,,,,,,,,,,,,,,,,,,,,,,,,,,,,,,,,,,,,,,,,,,,,,,,,,,,,,,,,,,,,,,,,,,,,,,,,,,
Perkins_W46_1422,,"North End (Boston, MA)",[Untitled - Salem Street],1887-12-17,,"Bradless, Helen C.; Doherty, H.; Hartan; McKenna; Metcalf, M.; Parkinson; ","64, 66, 68 Salem Street","Plot plan showing footprint of two brick buildings; two wooden buildings; two sets of sheds; one privy. Perimeter measurements and area of 4,039 sq/ft.","Per 1888 Bromley Atlas, lots belonged to Mary and Martha Bancroft. ",,"Whitney, William H.",,1422-1753,,1 in = 8 ft,42.36340081,-71.0561,Survey Plan,1,,1,14 x 22.5,Blueprint,Edge damage.,,,,,,,,,,,,,,,,,,,,,,,,,,,,,,,,,,,,,,,,,,,,,,,,,,,,,,,,,,,,,,,,,,,,,,,,,,,,,,,,,,,,,,,,,,,,,,,,,,,,
Perkins_W46_1424-1425,Alvin Adams Estate Plans,"Watertown, MA","Alvin Adams Estate Plans Number Four showing farm lot [Schemes C,D]",1888-03-05,"Alvin Adams Estate, Trustees",,Mount Auburn Street; Nichols Avenue; School Street; Spruce Street,"Subdivision ""scheme"" plans C and D. Shows multiple blocks with street layouts; outline of existing buildings and whole area calculations. Building footprints on adjacent areas.","The estate was also known as ""Fountain Hill,"" then ""Fairlawn"". Alvin Adams was founder of a pioneer rail shipment company, Adams Express. Adams owned a townhouse at 222 Beacon Street, a Back Bay connection. See Wikipedia profile.",,Fuller & Whitney,,1424-1755/1425-1757,,1 in = 100 ft,42.3685568,-71.166,Survey Plan,2,,1,29 x 24,Blueprint,"Each sheet is 2 panels, taped. Tears.",,,,,,,,,,,,,,,,,,,,,,,,,,,,,,,,,,,,,,,,,,,,,,,,,,,,,,,,,,,,,,,,,,,,,,,,,,,,,,,,,,,,,,,,,,,,,,,,,,,,
Perkins_W47_1473-1481,MIT / Area 2,"Cambridge, MA",Plan of Lands in Cambridge Abutting on Charles River Embankment showing Proposed Streets - Study No. 1 thru Study No. 9,1888-02-01,Charles River Embankment Company,"Boston and Albany Railroad, Branch of",Albany Street; Brewery Street; Broadway; Chestnut Street; Harvard Bridge {Massachusetts Avenue Bridge]; Harvard Street; Hastings Square; Henry Street; [Main Street]; [Memorial Drive]; Pelham Street; Pioneer Street; Sidney; Sixth Street; sections of other streets ,"9 variants of a subdivision and street layout for the area of Cambridge along the Charles River Embankment. Shows standard dimensions and sq/ft. Includes sq ft and percent calculations for waste in streets and passageways (some calculations have been crossed out and revised). Some variants say ""Waste Corporation Ames and Southern Lands."" Study no. 9 contains box that states: ""This plan shows suggestions for the Layout out of the Lands of the Charles River Embankment Co. and Others. F. H. Viaux. Feb. 1888.""","Covers what is now the designated Area 2/MIT area of Cambridge, within Albany Street, Main Street, Memorial Drive. Following infill of marshland, various developers and MIT were interested in developing this area of Cambridge.",,"Whitney, William H.",,1473-1923/1481-1931,,1 in = 200 ft,42.3575002,-71.0927,Survey Plan,9,,1,41 x 15.5,Blueprint,"Each sheet is 3 panels, taped.",,,,,,,,,,,,,,,,,,,,,,,,,,,,,,,,,,,,,,,,,,,,,,,,,,,,,,,,,,,,,,,,,,,,,,,,,,,,,,,,,,,,,,,,,,,,,,,,,,,,
Perkins_W47_1482,Charles River Embankment,"Cambridge, MA",Suggestions for the Laying Out of the Lands of the Charles River Embankment Co. and Others.,1888-02-01,Charles River Embankment Company,"Boston and Albany Railroad, Branch of",Albany Street; Brewery Street; Broadway; Chestnut Street; Harvard Bridge {Massachusetts Avenue Bridge]; Harvard Street; Hastings Square; Henry Street; [Main Street]; [Memorial Drive]; Pelham Street; Pioneer Street; Sidney; Sixth Street; sections of other streets ,"Variants of item #1481-1931 (Study No. 9) crediting Viaux as creator and indicating ""from office of W.H. Whitney."" Shows street layout for the area of Cambridge along the Charles River Embankment. Shows standard dimensions and sq/ft. Includes sq ft and percent calculations for waste in streets and passageways. Note states: ""Waste Corporation Ames and Southern Lands.","Covers what is now the designated Area 2/MIT area of Cambridge, within Albany Street, Main Street, Memorial Drive. Following infill of marshland, various developers and MIT were interested in developing this area of Cambridge.",,"Viaux, Frederick H.; Whitney, William H. [From Office]",,1482-1932,,1 in = 200 ft,42.3575002,-71.0927,Survey Plan,1,,1,41 x 15.5,Blueprint,"Each sheet is 3 panels, taped.",,,,,,,,,,,,,,,,,,,,,,,,,,,,,,,,,,,,,,,,,,,,,,,,,,,,,,,,,,,,,,,,,,,,,,,,,,,,,,,,,,,,,,,,,,,,,,,,,,,,
Perkins_W47_1483,,"Boston, MA",[Untitled - Beacon and Hereford Streets],Not identified,Boston and Roxbury Mill Corporation,"Amory, Harcourt; Barr, Isaac T., Jr.; Blake, M.C.; Cabot, Samuel; Sears, Emily E.; Head, Charles; Higginson, George; Hodges, Richard M.; Matthews, Nathan, Jr.; Perkins, Charles E.; Pickman, Dudley L.; Quincy, H. P.; Saltonstall, W. G.; Simes, William",Beacon Street; Hereford Street; West Chester Park [Massachusetts Avenue],Plan showing two blocks of lots with lot widths. Show house numbers for Beacon Street from 402 to 409 [not exact to current numbering]. Street names are shown in red pencil.,"Appears to be a draft or snippet from a larger plan. Based on abutters shown as compared to Bromley atlases, appears to be c. 1888; previously much of the land was owned by Boston and Roxbury Mill Corp.",,"Whitney, William H.",,1483-1933,,Scale not given,42.35160021,-71.087,Survey Plan,1,,1,15.5 x 4,Blueprint,,,,,,,,,,,,,,,,,,,,,,,,,,,,,,,,,,,,,,,,,,,,,,,,,,,,,,,,,,,,,,,,,,,,,,,,,,,,,,,,,,,,,,,,,,,,,,,,,,,,,
Perkins_W47_1484-1486,,"Boston, MA",[Proposed Streets - Studies No. 1 - No. 3],1888-04-01,,Boston and Providence Railroad,Bryant Street; Columbus Avenue; Gainsborough Street; Grinnell Street {Defunct]; Huntington Avenue; Northampton Street; Rogers Avenue [Forsyth Street]; St. Botolph Street; Waldo Street [Defunct]; West Chester Park [Massachusetts Avenue]; Westfield Street; Whitman Street [Defunct],"3 studies of proposed street layouts. Shows select dimensions, passageways; and dashed outlines existing streets and lot boundaries. Red pencil notation: See plan 941, 1397, C-204.","In 1888, much of this section was used for railroad activities.",,"Whitney, William H.",,1484-1934/1486-1936,,1 in = 100 ft,42.33952401,-71.0894,Survey Plan,3,,1,26 x 16,Blueprint,"Each sheet is 2 panels, taped. Discoloration. Edge damage.",,,,,,,,,,,,,,,,,,,,,,,,,,,,,,,,,,,,,,,,,,,,,,,,,,,,,,,,,,,,,,,,,,,,,,,,,,,,,,,,,,,,,,,,,,,,,,,,,,,,
Perkins_W47_1487,,"Malden, MA","Copy of Plan of the Estate of Chas. M. Holmes, Malden Center, Mass.",1869-07-01,Charles M. Holmes Estate,,Cedar Street; Clifton Street; Holmes Street,"Subdivision plan showing 24 numbered lots, streets, footprints of mansion, barn, house, cottages, and sheds,, all contained within measured property outline. Some lots show sq. ft, others indicate ""sold."" Indicates plan was recorded in Middlesex Registry and comprised 10 acres or more. Indicates: Designed by Jos. H. Curtis, Civ. Eng.; Outline survey made in 1862 by G.F. Sargent.","1883 Walker Atlas of Malden shows that land had already been subdivided; street was named after Holmes. Estate spanned area within what is now Earl Avenue, Glen, Highland, Kenwood. The designer may have been Joseph Henry Curtis (1841-1928), who became a noted landscape designer. Albert F. Sargent was a Malden resident and town engineer.",,"Curtis, Joseph H.",,1487-1937,,1 in = 50 ft,42.4324979,-71.0782,Survey Plan,1,,1,19.5 x 15.5,Blueprint,Fading. Indications that original had many folds.,,,,,,,,,,,,,,,,,,,,,,,,,,,,,,,,,,,,,,,,,,,,,,,,,,,,,,,,,,,,,,,,,,,,,,,,,,,,,,,,,,,,,,,,,,,,,,,,,,,,
Perkins_W47_1488,Francis Estate,"Allston (Boston, MA)",Trustees of the Estate of E. Francis,1888-04-14,[Heirs of Ebenezer Francis],Boston and Albany Railroad,Ashford Street; Charles River,Plot plan showing estate land divided by railroad. Shows building footprint and outline of old cart road.,Boston urban atlases showed that the estate owned these lots until the late 1880s; now part of Boston University's campus. See surveys for other properties owned by the Ebenezer Francis Estate.,,"Whitney, William H.",,1488-1938,,1 in = 150 ft,42.35291473,-71.121,Survey Plan,1,,1,18.5 x 12.5,Blueprint,"2 panels, taped.",,,,,,,,,,,,,,,,,,,,,,,,,,,,,,,,,,,,,,,,,,,,,,,,,,,,,,,,,,,,,,,,,,,,,,,,,,,,,,,,,,,,,,,,,,,,,,,,,,,,
Perkins_W48_1489,West End Land Co.,"Boston, MA",[Untitled - Beacon Street & Commonwealth Avenue],1888-02-29,"Sears, Mrs. E.E.; West End Land Company","Adams, J.Q.; Bacon, J.A.; Ryan, Margaret J.; Stillings, S.",Beacon Street; Commonwealth Avenue,"Plot plan showing multiple lots alongside Beacon Street. Includes field notes, dimensions, areas. Contains set of red gridlines.","The West End Land Company, owned by Henry Whitney, was involved in projects to widen Commonwealth Avenue and establish street-cars.",,"Whitney, William H.",,1489-1939,,1 in = 50 ft,42.34869436,-71.0986,Survey Plan,1,,1,22 x 12,Ink and red pencil on vellum,Unevenly dimensioned. Tears.,,,,,,,,,,,,,,,,,,,,,,,,,,,,,,,,,,,,,,,,,,,,,,,,,,,,,,,,,,,,,,,,,,,,,,,,,,,,,,,,,,,,,,,,,,,,,,,,,,,,
Perkins_W48_1490,,"Boston, MA",[Proposed Streets - Study No. 4],1888-04-01,,Boston and Providence Railroad,Bryant Street; Columbus Avenue; Gainsborough Street; Grinnell Street {Defunct]; Huntington Avenue; Northampton Street; Rogers Avenue [Forsyth Street]; St. Botolph Street; Waldo Street [Defunct]; West Chester Park [Massachusetts Avenue]; Westfield Street; Whitman Street [Defunct],"4th in set of proposed street layouts. Shows select dimensions, passageways, and dashed outlines existing streets and lot boundaries.",,,"Whitney, William H.",,1490-1940,,1 in = 100 ft,42.33952401,-71.0894,Survey Plan,1,,1,26 x 16.5,Blueprint,"2 panels, taped.",,,,,,,,,,,,,,,,,,,,,,,,,,,,,,,,,,,,,,,,,,,,,,,,,,,,,,,,,,,,,,,,,,,,,,,,,,,,,,,,,,,,,,,,,,,,,,,,,,,,
Perkins_W48_1491-1493,Francis Estate,"Allston (Boston, MA)","Plan of portion of E. F. Francis Estate, Boston showing proposed streets. Study No. 1 - Study No. 3",1888-04-01,Heirs of Ebenezer Francis,"Boston and Albany Railroad; Boston Trotting Park; Kendall, J.B.; Morss, Charles A.",Ashford Street; Babcock Street; Brookline Street; Commonwealth Avenue; Essex Street; Gardner Street; Malvern Street; St. Paul Street; Charles River,3 studies for layout of streets between Commonwealth Avenue and railroad/Charles River. Includes calculations for waste in streets and passageways.,The Beacon Trotting Park was a premier sulky racing track. It was sold in the 1890s to the Boston & Albany Railroad.,,"Whitney, William H.",,1491-1941/1493-1943,,1 in = 150 ft,42.35210002,-71.1156,Survey Plan,3,,1,30 x 16.5,Blueprint,"Each sheet is 2 panels, taped. Discoloration. Edge damage.",,,,,,,,,,,,,,,,,,,,,,,,,,,,,,,,,,,,,,,,,,,,,,,,,,,,,,,,,,,,,,,,,,,,,,,,,,,,,,,,,,,,,,,,,,,,,,,,,,,,
Perkins_W48_1494,,"Boston, MA",[Untitled - Huntington - Railroad],1888-03-01,,Boston and Albany Railroad; Boston & Providence Railroad,Albemarle Street; Blackwood Street; Cumberland Street; Dartmouth Street; Durham Street; Follen Street; Gainsborough Street; Garrison Street; Harcourt Street; Huntington Avenue; Irvington Street [Defunct]; St. Botolph Street; Waldo Street; West Chester Park [Massachusetts Avenue]; West Newton Street; Whitman Street,"Plot plan showing of numbers, building footprints (decoratively shaded) and indicates as to whether the lot was sold. Red ink annotations show additional calculations and notebook references. Notation says additions in red about May 1, 1888. 6 copies made for Huntington Avenue Trustees.",,,"Whitney, William H.",,1494-1944,,1 in = 60 ft,42.34537603,-71.0802,Survey Plan,1,,1,45 x 15,Brownline on vellum,Buckling. Tears. A small section of the rear side is pasted to a print segment. Length shown reflects folding.,,,,,,,,,,,,,,,,,,,,,,,,,,,,,,,,,,,,,,,,,,,,,,,,,,,,,,,,,,,,,,,,,,,,,,,,,,,,,,,,,,,,,,,,,,,,,,,,,,,,
Perkins_W48_1495-1499,,"Boston, MA",[Untitled - Beacon and Dartmouth Streets - Studies No. 1 - no. 5],1888-05-01,,,Beacon Street; Dartmouth Street; Passageway [Public Alley 418],5 studies for layout of lots abutting a 16' wide passageway. Show dimensions.,,,"Whitney, William H.",,1495-1945/1499-1949,,1 in = 20 ft,42.35339637,-71.0792,Survey Plan,5,,1,14 x 16.5,Blueprint,,,,,,,,,,,,,,,,,,,,,,,,,,,,,,,,,,,,,,,,,,,,,,,,,,,,,,,,,,,,,,,,,,,,,,,,,,,,,,,,,,,,,,,,,,,,,,,,,,,,,
Perkins_W48_1500,,"Boston, MA",[Untitled - Gainsborough St. and Huntington Avenue],1888-05-12,"Murdoch, A. L.","Boston Water Power Co.; Edwards, James; Whitney, Henry M.",Falmouth Street [ St. Stephens Street]; Gainsborough Street; Huntington Avenue; [Private Alley 817],Lot plan showing one lot with sq. sf area as well as three lots with owners shown; 10-foot-wide passageway. Shows calculations in red pencil.,,,"Whitney, William H.",,1500-1950,,1 in = 30 ft,42.34148641,-71.0874,Survey Plan,1,,1,23 x 16,Blueprint,2 panels taped. Edge damage. Seam split.,,,,,,,,,,,,,,,,,,,,,,,,,,,,,,,,,,,,,,,,,,,,,,,,,,,,,,,,,,,,,,,,,,,,,,,,,,,,,,,,,,,,,,,,,,,,,,,,,,,,
Perkins_W48_1501,Belvedere / Cambria / Dalton Streets,"Boston, MA",[Untitled - Belvedere / Cambria Street],1888-05-23,,Boston & Albany Railroad,Belvidere Street; Bothnia Street [St. Cecelia Street]; Boylston Street; Cambria Street; Dalton Street; Scotia Street; West Chester Park [Massachusetts Avenue],"Subdivision plan showing four blocks of lots. Lots are numbered and show dimensions and sf/ft. Some lots are labelled ""sold."" Shows the railroad going under Boylston Street.",Later version of plan series for this section of Boston.,,"Whitney, William H.",,1501-1951,"66, 67",1 in = 60 ft,42.3468423,-71.0852,Survey Plan,1,,1,15 x 16,Blueprint,,,,,,,,,,,,,,,,,,,,,,,,,,,,,,,,,,,,,,,,,,,,,,,,,,,,,,,,,,,,,,,,,,,,,,,,,,,,,,,,,,,,,,,,,,,,,,,,,,,,,
Perkins_W48_1502,Belvedere / Cambria / Dalton Streets,"Boston, MA",[Untitled - Belvedere / Cambria Street/Westland Street - Plan No. 1],1888-05-23,,Boston & Albany Railroad,Belvidere Street; Bothnia Street [St. Cecelia Street]; Boylston Street; Cambria Street; Dalton Street; Scotia Street; West Chester Park [Massachusetts Avenue],"Subdivision plan showing four blocks of lots. Lots are numbered and show dimensions and sf/ft. Some lots are labelled ""sold."" Shows the railroad going under Boylston Street. A newspaper clipping dated 1888-08-10 has been glued to the lower left-hand corner; titled ""Gain in Back Bay Lands."" Indicates that the seller was Boston Water Power Company. ",Later version of plan series for this section of Boston.,,"Whitney, William H.",,1502-1952,"66, 67",1 in = 60 ft,42.3468423,-71.0852,Survey Plan,1,,1,18 x 18,Brownline on trace,Buckling. Creases. Tears.,,,,,,,,,,,,,,,,,,,,,,,,,,,,,,,,,,,,,,,,,,,,,,,,,,,,,,,,,,,,,,,,,,,,,,,,,,,,,,,,,,,,,,,,,,,,,,,,,,,,
Perkins_W48_1503,,"Boston, MA",[Untitled - Caledonia Street - Astor Street - Plan No. 2],1888-05-31,,,Astor Street [Burbank Street]; Caledonia Street [Norway Street]; Parker Street [Hemenway Street]; West Chester Park [Massachusetts Avenue]; Westland Entrance to Park [Westland Avenue].,Subdivision plan showing three blocks of lots. Lots are numbered and show dimensions and sf/ft. Two lots are shaded red. ,,,"Whitney, William H.",,1503-1953,59-58,1 in = 60 ft,42.3455375,-71.0891,Survey Plan,1,,1,20 x 28,Brownline on trace,Buckling. Creases. Tears.,,,,,,,,,,,,,,,,,,,,,,,,,,,,,,,,,,,,,,,,,,,,,,,,,,,,,,,,,,,,,,,,,,,,,,,,,,,,,,,,,,,,,,,,,,,,,,,,,,,,
Perkins_W48_1504,,"Boston, MA",[Untitled - Parker St. / Back Bay Park],1888-06-01,,"Boston Water Power Co.; Webber, J.P.",Back Bay Park [The Fens]; Boylston Street; Caledonia Street [Norway Street]; Parker Street [Hemenway Street]; [Public Alley 901],"Lot plan showing 3 lots surrounded by what I snow Public Alley 901, a 16-foot-wide passageway. Two areas, labelled A and B, are carved out of the central section. Shows dimensions and sq/ft.",,,"Whitney, William H.",,1504-1954,,1 in = 60 ft,42.34558904,-71.0896,Survey Plan,1,,1,13.5 x 15,Blueprint,,,,,,,,,,,,,,,,,,,,,,,,,,,,,,,,,,,,,,,,,,,,,,,,,,,,,,,,,,,,,,,,,,,,,,,,,,,,,,,,,,,,,,,,,,,,,,,,,,,,,
Perkins_W48_1505,Charles River Embankment,"Cambridge, MA",[Untitled - The Esplanade],1888-05-09,,"Ames, F.L.; Boston & Albany Railroad; Charles River Embankment Company; Porter, Harriet A.; Souther, Charles A.",Albany Street; Esplanade [Memorial Drive]; Harvard Bridge [Massachusetts Bridge]; Osborn Street; Portland Street; Smart Street; Charles River,"Street layout showing 90-foot-wide ""Avenue"" from Main Street to Harvard Bridge at Charles River. Shows shoreline of marshland prior to the fill-in for MIT Campus; also harbor lines between railway and Esplanade. A small section has been labelled A and B and colorized with notation: Line of release to Charles River Embankment Co. by Ames and others.",See other plans for the Charles River Esplanade.,,"Whitney, William H.",,1505-1955,,1 in = 200 ft,42.3575002,-71.0927,Survey Plan,1,,1,13 x 16,Blueprint,,,,,,,,,,,,,,,,,,,,,,,,,,,,,,,,,,,,,,,,,,,,,,,,,,,,,,,,,,,,,,,,,,,,,,,,,,,,,,,,,,,,,,,,,,,,,,,,,,,,,
Perkins_W48_1506,,"Boston, MA",[Untitled - Caledonia Street - Astor Street - Plan No. 3],1888-06-01,,"Webber, J.P.",Astor Street [Burbank Street]; Back Bay Park [The Fens]; Boylston Street; Caledonia Street [Norway Street]; Haviland Street; Parker Street [Hemenway Street]; [Public Alley 901],"Lot plan showing 3 blocks of lots numbered 1 thru 53, surrounded by what I snow Public Alley 901, a 16-foot-wide passageway. Shows dimensions and sq/ft. Has decorative approach to rendering of adjacent parkland. Contains penciled notes about subsequent revisions.",,,"Whitney, William H.",,1506-1956,59-58,1 in = 60 ft,42.34558904,-71.0896,Survey Plan,1,,1,13.5 x 15,Brownline on trace,Buckling. Creases. Taping. Tears.,,,,,,,,,,,,,,,,,,,,,,,,,,,,,,,,,,,,,,,,,,,,,,,,,,,,,,,,,,,,,,,,,,,,,,,,,,,,,,,,,,,,,,,,,,,,,,,,,,,,
Perkins_W48_1507,,"Cambridge, MA",[Untitled - Copy of Cambridge subdivision plan],1888-07-19,,,Berkshire Street; Cambridge Street; Lincoln Street; Oxford Street; Plymouth Street; Portland Street [Cardinal Medeiros Avenue]; Webster Avenue; Willow Street; Windsor Street; York Street,"Subdivision plan showings showing 11 blocks of lots. Some blocks are numbered (2 thru 14) and also labelled in non-sequential order A, B, C, or D. Display dimensions and sq/ft. Notation in red pencil: ""Copy of Plan of subdivision dated Feb 4 1988 corrected by additions in and under date of May 19 1888. With additions of this date.",Per 1886 Hopkins Atlas this area was the Estate of Mary G. P. Binney,,"Whitney, William H.",,1507-1957,,1 in = 100 ft,42.369415,-71.0914,Survey Plan,1,,1,18.5 x 15,Blueprint,2 panels taped. Edge damage. Fold. Seam split.,,,,,,,,,,,,,,,,,,,,,,,,,,,,,,,,,,,,,,,,,,,,,,,,,,,,,,,,,,,,,,,,,,,,,,,,,,,,,,,,,,,,,,,,,,,,,,,,,,,,
Perkins_W48_1508,Alvin Adams Estate Plans,"Watertown, MA","Streets to be graded at Mt. Auburn and School Streets, Watertown Mass",1888-06-07,"Alvin Adams Estate, Trustees",,Mount Auburn Street; School Street; [Adams Avenue],"Specifications brochure containing cover page, 10 pages of handwritten specs, and survey plan. Verso says ""No. 1."" Contains plan showing new streets no. 1 and 2 [now Adams Avenue] with cutting and grading calculations and materials estimates in cubic yards. Brochure cover contains instructions for submitting bids.","The estate was also known as ""Fountain Hill,"" then ""Fairlawn"". Alvin Adams was founder of a pioneer rail shipment company, Adams Express. Adams owned a townhouse at 222 Beacon Street, a Back Bay connection. See Wikipedia profile.",,"Whitney, William H.",,1508-1958,,1 in = 100 ft,42.37087912,-71.1659,Specifications,10,,1,21.5 x 16.5,Blueprint,Pages folded in half. Staple marks. Survey plan is taped to end pages.,,,,,,,,,,,,,,,,,,,,,,,,,,,,,,,,,,,,,,,,,,,,,,,,,,,,,,,,,,,,,,,,,,,,,,,,,,,,,,,,,,,,,,,,,,,,,,,,,,,,
Perkins_W48_1509-1512,Francis Estate,"Allston (Boston, MA)","Proposed Streets, Beacon Trotting Park. Studies No. 1 - No. 4",1888-08-08,Heirs of Ebenezer Francis,"Boston & Albany Railroad; Brookline Gas Light Co.; Colby, Patrick; Colgan, James; Hill, Charles F.; Kendall, J. B., estate of",Ashford Street; Cambridge Street; Charles River; access to Commonwealth Avenue at Babcock Street across Francis Estate.,"4 studies for layout of streets between Cambridge Street and railroad/Charles River. Some plans show land extending over river bank. Shows street and block dimensions.; placement of tree, rendered shoreline. Streets with annotations say: Access Francis Estate to Commonwealth Ave. at Babcock Street; Across Francis estate and B. & A. R.R. to Pleasant Street at Commonwealth Ave. Also along over to Cottage Farm bridge at Cambridge.",The Beacon Trotting Park was a premier sulky racing track. It was sold in the 1890s to the Boston & Albany Railroad.,,"Whitney, William H.",,1509-1959/1512-1962,,1 in = 80 ft,42.35210002,-71.1156,Survey Plan,4,,1,36 x 28.5,Blueprint,"Each sheet is 2 panels, taped. Edge damage. Dimensions are for largest sheet.",,,,,,,,,,,,,,,,,,,,,,,,,,,,,,,,,,,,,,,,,,,,,,,,,,,,,,,,,,,,,,,,,,,,,,,,,,,,,,,,,,,,,,,,,,,,,,,,,,,,
Perkins_W49_1513-1518,,"Boston, MA",Beacon Street Lands: New Plans to Date,1888-08-15,Multiple; every lot owner is listed for dozens of lots. Largest lot owned by Boston and Roxbury Mill Corp.,Boston & Albany Railroad [including Newton Circuit]; Boston & Roxbury Mill Corporation,"Beacon Street Lands outlined by Plan H: Beacon Street, Charlesgate West, Newbury Street West Chester Park [Massachusetts Avenue]; Plan I: Beacon Street, Brookline Avenue, Commonwealth Avenue, Kenmore Street, West Newbury Street; Plan R: Beacon Street, Brookline Avenue, Commonwealth Avenue; Plan S: Boston and Albany Railroad, Beacon Street east of Miner and Arundel Streets; Plan T: Beacon Street between Aberdeen and St. Mary's.","Set of updated plans of Beacon Street Lands (see Back Bay Collection) for offering. Includes cover sheet announcement which contains key plans for sheets H, I, R, S, T, and prices for various plan formats. Plans show - where known - owners, sq ft areas, lot dimensions. Sections are numbered to key to detailed plans; these relate to the numbering shown on Fuller & Whitney's comprehensive plans of Back Bay (1881 - 1886).",,,"Whitney, William H.",,1513-1963/1518-1967,,1 in = 100 ft; 1 in 80 ft,42.34882623,-71.0972,Auctioneer's Plan,6,,1,14 x 16,Blueprint,Cover sheet is 5.5 x 10 inches.,,,,,,,,,,,,,,,,,,,,,,,,,,,,,,,,,,,,,,,,,,,,,,,,,,,,,,,,,,,,,,,,,,,,,,,,,,,,,,,,,,,,,,,,,,,,,,,,,,,,
Perkins_W49_1519,,"Cambridge, MA","Plan of Land in East Cambridge to be sold at Public Auction Tuesday, Sept. 11, 1888 at 2 o'clock pm by Holbrook and Fox, Auctioneers, Boston",1888-08-16,,,Berkshire Street; Cambridge Street; Lincoln Street; Oxford Street; Portland Street [Cardinal Medeiros Avenue]; Webster Avenue; Willow Street; York Street,"Lot plan showing three blocks comprising 49 lots for sale: blocks labelled No.1A, No. 7A, No. 13A. Lots display s/f and dimensions. Note says: Large numbers on blocks refer to plan by William H. Whitney, dated Feb. 4, 1888. Decorative typeface and border.",,,"Whitney, William H.",,1519-1968,,1 in = 50 ft,42.369415,-71.0914,Auctioneer's Plan,1,,1,25 x 21,Brownline on vellum,"2 panels, taped. Edge damage. Creases. Tear.",,,,,,,,,,,,,,,,,,,,,,,,,,,,,,,,,,,,,,,,,,,,,,,,,,,,,,,,,,,,,,,,,,,,,,,,,,,,,,,,,,,,,,,,,,,,,,,,,,,,
Perkins_W49_1520,Francis Estate,"Allston (Boston, MA)","Plan of portion of E. F. Francis Estate, Boston showing proposed streets. Study No. 4",1888-04-01,Heirs of Ebenezer Francis,"Boston and Albany Railroad; Boston Trotting Park; Kendall, J.B.; Morss, Charles A.",Ashford Street; Babcock Street; Brookline Street; Commonwealth Avenue; Essex Street; Gardner Street; Malvern Street; St. Paul Street; Charles River,1 study for layout of streets between Commonwealth Avenue and railroad/Charles River. Includes calculations for waste in streets and passageways. See other studies.,The Beacon Trotting Park was a premier sulky racing track. It was sold in the 1890s to the Boston & Albany Railroad.,,"Whitney, William H.",,1520-1969,,1 in = 150 ft,42.35210002,-71.1156,Survey Plan,1,,1,29.5 x 16,Blueprint,,,,,,,,,,,,,,,,,,,,,,,,,,,,,,,,,,,,,,,,,,,,,,,,,,,,,,,,,,,,,,,,,,,,,,,,,,,,,,,,,,,,,,,,,,,,,,,,,,,,,
Perkins_W49_1521,,"Cambridge, MA","Copy of Plan Dated Feb. 4, 1888 showing subdivision of May 19, 1888 with additions.",1888-09-17,Various members of the Binney and the Brinton families.,,Berkshire Street; Cambridge Street; Lincoln Street; Oxford Street; Plymouth Street; Portland Street [Cardinal Medeiros Avenue]; Webster Avenue; Willow Street; Windsor Street; York Street,"Subdivision plan showings showing 11 blocks of lots. Some blocks are numbered (2 thru 14) and also labelled in non-sequential order A, B, C, or D. Several blocks contain building footprints. Owners are listed for each lot.",Per 1886 Hopkins Atlas this area was the Estate of Mary G. P. Binney. The Binneys and Brintons were linked by marriage.,,"Whitney, William H.",,1521-1970,,1 in = 100 ft,42.369415,-71.0914,Survey Plan,1,,1,18.5 x 19.5,Blueprint,"2 panels, taped. Creases.",,,,,,,,,,,,,,,,,,,,,,,,,,,,,,,,,,,,,,,,,,,,,,,,,,,,,,,,,,,,,,,,,,,,,,,,,,,,,,,,,,,,,,,,,,,,,,,,,,,,
Perkins_W49_1522,Francis Estate,"Allston (Boston, MA)","Plan of portion of E. F. Francis Estate, Boston showing proposed streets. Study No.5",1888-04-01,Heirs of Ebenezer Francis,"Boston and Albany Railroad; Boston Trotting Park; Kendall, J.B.; Morss, Charles A.",Ashford Street; Babcock Street; Brookline Street; Commonwealth Avenue; Essex Street; Gardner Street; Malvern Street; St. Paul Street; Charles River,1 study for layout of streets between Commonwealth Avenue and railroad/Charles River. Includes calculations for waste in streets and passageways. See other studies.,The Beacon Trotting Park was a premier sulky racing track. It was sold in the 1890s to the Boston & Albany Railroad.,,"Whitney, William H.",,1522-1971,,1 in = 150 ft,42.35210002,-71.1156,Survey Plan,1,,1,29.5 x 16,Blueprint,Discoloration. Buckling. Edge damage.,,,,,,,,,,,,,,,,,,,,,,,,,,,,,,,,,,,,,,,,,,,,,,,,,,,,,,,,,,,,,,,,,,,,,,,,,,,,,,,,,,,,,,,,,,,,,,,,,,,,
Perkins_W49_1523,Huntington Street Lands,"Boston, MA",Huntington Street Lands: New Plans to Date,1888-10-01,,Boston & Albany Railroad [including Newton Circuit]; Boston & Roxbury Mill Corporation,"Huntington Street Lands outlined by Copley Square, Gainsborough Street, Huntington Avenue.","Cover sheet announcement for new plans. Contains key plans for sheets D, J, K, M, N, O as well as prices for various plan formats. Description: ""Our complete series of plans of Back Bay show every estate to date. We now propose to issue on order a portion of the series, showing lands along and near Huntington Ave. from Copley Sq. to Gainsborough St. There will be six plans showing locality according to the marginal plan. The six plans will be delivered in a folio or combined so as to form one mural or roll. Order single one by the appropriate letter.""",,,"Whitney, William H.",,1523-1971,,Scale not given,42.34882623,-71.0972,Auctioneer's Plan,1,,1,10 x 6,Blueprint,Cover sheet is 5.5 x 10 inches.,,,,,,,,,,,,,,,,,,,,,,,,,,,,,,,,,,,,,,,,,,,,,,,,,,,,,,,,,,,,,,,,,,,,,,,,,,,,,,,,,,,,,,,,,,,,,,,,,,,,
Perkins_W49_1524,Bay State Road,"Boston, MA",[Untitled - Commonwealth Avenue - Beacon Entrance],1888-10-01,,Boston & Albany Railroad,Bay State Road; Back Street; Beacon Street; Beacon Entrance to Back Bay Park; Commonwealth Avenue; [Deerfield Road]; Hereford Street; Jersey Street [West Charlesgate]; Ipswich Street [East Charlesgate]; Marlborough Street; West Chester Street [Massachusetts Avenue]; West Newbury Street; Charles River,"Subdivision plan showing lots spread 8 blocks; select blocks labelled A B, E, H. Square footages shown for each block. Two blocks labelled ""sold.""",Part of a series of plans for the Back Bay area that is now Baystate Road at Deerfield.,,"Whitney, William H.",,1524-1972,"584, 585",1 in = 100 ft,42.35012945,-71.0977,Survey Plan,1,,1,35 x 16,Blueprint,"3 panels, taped. Edge damage.",,,,,,,,,,,,,,,,,,,,,,,,,,,,,,,,,,,,,,,,,,,,,,,,,,,,,,,,,,,,,,,,,,,,,,,,,,,,,,,,,,,,,,,,,,,,,,,,,,,,
Perkins_W49_1525,Francis Estate,"Allston (Boston, MA)","Plan of portion of E. F. Francis Estate, Boston showing proposed streets. Study No.6",1888-04-01,Heirs of Ebenezer Francis,"Boston and Albany Railroad; Boston Trotting Park; Kendall, J.B.; Morss, Charles A.",Ashford Street; Babcock Street; Brookline Street; Commonwealth Avenue; Essex Street; Gardner Street; Malvern Street; St. Paul Street; Charles River,1 study for layout of streets between Commonwealth Avenue and railroad/Charles River. Includes calculations for waste in streets and passageways. See other studies. Features notes in red pencil.,The Beacon Trotting Park was a premier sulky racing track. It was sold in the 1890s to the Boston & Albany Railroad.,,"Whitney, William H.",,1525-1973,,1 in = 150 ft,42.35210002,-71.1156,Survey Plan,1,,1,29.5 x 16,Blueprint,Edge damage. Discoloration.,,,,,,,,,,,,,,,,,,,,,,,,,,,,,,,,,,,,,,,,,,,,,,,,,,,,,,,,,,,,,,,,,,,,,,,,,,,,,,,,,,,,,,,,,,,,,,,,,,,,
Perkins_W49_1526-1531,,"Newton Highlands, MA",Land at Eliot Newton. Proposed Streets. Study No. 1 thru Study No. 6,1888-11-01,,Boston and Albany Railroad; Eliot Station.,Boylston Street; Erie Street; Lincoln Street; William Street; Woodward Street; Sudbury River Conduit.,Studies for layout of streets. Shows percentage calculation for wastage in streets east of railroad. Plan 6 shows subdivision layout.,"Eliot in plan set title refers to Eliot rail station, now on the MBTA Green ""D"" line.",,"Whitney, William H.",,1526-1974/1531-1979,,1 in = 80 ft,42.31949544,-71.2165,Survey Plan,6,,1,24.5 x 18.5,Blueprint,Edge damage. Study No. 6 is bound to plan #1532-1980,,,,,,,,,,,,,,,,,,,,,,,,,,,,,,,,,,,,,,,,,,,,,,,,,,,,,,,,,,,,,,,,,,,,,,,,,,,,,,,,,,,,,,,,,,,,,,,,,,,,
Perkins_W49_1532,,"Boston, MA","Plan showing subdivision of lots 67, 620 and others with additions showing owners names to date",1888-10-01,"Multiple; includes Adams, J.Q.; Braman, C.D.; Edwards, Jacob; Eldrige, J.T.; Gray, William; Gregory, F.W.; Peabody & Otis; Whitney, H. M.; Wilkins, Sam F; Williams, John J.; Work, Joseph;",Boston & Albany Railroad,Belvidere Street; Caledonia Street [Defunct]; Cambria Street; Cromwell Street [Saint Germain]; Dalton Street; Dundee; Falmouth Street; Scotia Street; West Chester Park [Massachusetts Avenue],"Subdivision plans showing owners' names, lot s/f, and dimensions. Small plan shows Lot 618 rotated.",,,"Whitney, William H.",,1532-1980,"L, 66, 67, 68, 618, 621",1 in = 80 ft,42.3468423,-71.0852,Survey Plan,1,,1,13.5 x 16.5,Blueprint,Edge damage. Is attached to plan # 1531-1979.,,,,,,,,,,,,,,,,,,,,,,,,,,,,,,,,,,,,,,,,,,,,,,,,,,,,,,,,,,,,,,,,,,,,,,,,,,,,,,,,,,,,,,,,,,,,,,,,,,,,
Perkins_W49_1533,,"Boston, MA","Plan showing subdivision of lots 61, 43, 44, & 45 with additions showing owners names to date",1888-10-01,"Multiple; includes Daniels, H. E.; Dexter, F. Gordon; Fiske, George M.; Gray, William; Kendall, Frederick; Matthews, Nathan; Taylor, John; Webber, John P.;",Boston & Albany Railroad; Boston Water Power Co.,Boylston Street; Haviland Street; Mumford Road; Newbury Street; Parker Street [Hemenway Street]; Rumford Road; West Chester Park [Massachusetts Avenue],"Subdivision plans showing owners' names, lot s/f, and dimensions. Some streets show street address numbers (since renumbered).",,,"Whitney, William H.",,1533-1981,"P, 44, 45, 60, 61, 64, 622",1 in = 80 ft,42.34630406,-71.0892,Survey Plan,1,,1,13.5 x 16.5,Blueprint,Edge damage.,,,,,,,,,,,,,,,,,,,,,,,,,,,,,,,,,,,,,,,,,,,,,,,,,,,,,,,,,,,,,,,,,,,,,,,,,,,,,,,,,,,,,,,,,,,,,,,,,,,,
Perkins_W49_1534-1536,West End Land Co.,"Brookline, MA",Proposed House Lots in Brookline. Study No. 1 thru Study No. 3,1888-11-27,West End Land Company.,"Clark; Wood, William B., Estate; Stevenson",Beacon Street; Prospect Street [Mason Terrace],Trio of proposed subdivisions. Plans show some dimensions. Beacon Street shows lines and markings presumably for streetcar (Green Line).,"Ownership determined from urban atlases; the company was owned by H. M. Whitney, major investor in Back Bay and also in Brookline along Beacon Street.",,"Whitney, William H.",,1534-1982/1536-1984,,1 in = 60 ft,42.34047602,-71.131,Survey Plan,3,,1,20 x 15.5,Blueprint,Creases. Folds.,,,,,,,,,,,,,,,,,,,,,,,,,,,,,,,,,,,,,,,,,,,,,,,,,,,,,,,,,,,,,,,,,,,,,,,,,,,,,,,,,,,,,,,,,,,,,,,,,,,,
Perkins_W49_1537-1539,West End Land Co.,"Brookline, MA",Proposed House Lots in Brookline. Study No. 1 thru Study No. 3,1888-11-23,West End Land Company.,,Beacon Street; Road No. 8 [Garrison Road]; Sullivan Road [Rawson Road]; Tappen Road; Winthrop Road,Trio of proposed subdivisions. Plans show some dimensions. Beacon Street shows lines and markings presumably for streetcar (Green Line).,"Ownership determined from urban atlases; the company was owned by H. M. Whitney, major investor in Back Bay and also in Brookline along Beacon Street.",,"Whitney, William H.",,1537-1985/1539-1987,,1 in = 60 ft,42.3382797,-71.1376,Survey Plan,3,,1,16 x 14,Blueprint,Edge damage. Creases. Folds.,,,,,,,,,,,,,,,,,,,,,,,,,,,,,,,,,,,,,,,,,,,,,,,,,,,,,,,,,,,,,,,,,,,,,,,,,,,,,,,,,,,,,,,,,,,,,,,,,,,,
Perkins_W49_1540,Francis Estate,"Boston, MA","Plan of Park Lot, Francis Farm in Roxbury, showing proposed streets and house lots.",1884-03-01,Heirs of Ebenezer Francis,,Francis Street; Huntington Avenue; Longwood Avenue; Tremont Street; Wigglesworth Street,Subdivision plan showing lots spread out over multiple blocks. Includes dimensions and footprints of buildings.,"The Francis family sold the land to Harvard Medical School in 1900. Although the plan title says ""Roxbury,"" the location legally Is Boston.",,Fuller & Whitney,,1540-1988,"639, 650",1 in = 100 ft,42.33733848,-71.1071,Survey Plan,1,,1,23.5 x 16,Blueprint,Edge damage. Crease.,,,,,,,,,,,,,,,,,,,,,,,,,,,,,,,,,,,,,,,,,,,,,,,,,,,,,,,,,,,,,,,,,,,,,,,,,,,,,,,,,,,,,,,,,,,,,,,,,,,,
Perkins_W50_1552,,"Boston, MA",[Untitled - Longwood Entrance at Brookline Avenue],1888-12-03,,"Binney and Brinton, E. I. Browne Tr.; Boston Water Power Co.; Candler, J.W.; City of Boston; Graffam, P.; Lincoln, W. H.;",Brookline Avenue; Longwood Entrance; Maple Avenue {Pilgrim Avenue]; Riverdale,"Plan showing intersection of streets, canal and Muddy River. Showings detailed measurements for midpoint of river. Red penciled notation says ""Rec 1856-64"", which is the unindexed Suffolk Registry Plan no.",,Suffolk Unindexed Plan Bk/Pg 1856/64,"Whitney, William H.",,1552-2031,,1 in = 60 ft,42.34289728,-71.1031,Survey Plan,1,,1,16.5 x 14,Blueprint,,,,,,,,,,,,,,,,,,,,,,,,,,,,,,,,,,,,,,,,,,,,,,,,,,,,,,,,,,,,,,,,,,,,,,,,,,,,,,,,,,,,,,,,,,,,,,,,,,,,,
Perkins_W50_1553,,"Boston, MA",[Untitled - Longwood Entrance at Brookline Avenue],1888-12-05,,"Boston Water Power Co.; Candler, J.W.; City of Boston; Graffam, P.; Harvard College; Lincoln, W. H.;",Longwood Entrance; Great Creek; Muddy River,"Plan showing intersection of creek and Muddy River. Showings detailed measurements for midpoint of river. Red penciled notation says ""Rec 439-48, 339-45, 1856-70"", which are the unindexed Suffolk Registry Plan numbers. Note on verso states: Copy of this plan made for BWP Co. Dec 16 1896 and found in folio.",,Suffolk Unindexed Plan Bk/Pg 1856/70; 1856/71; 1856/77,"Whitney, William H.",,1553-2032,,1 in = 60 ft,42.34289728,-71.1031,Survey Plan,1,,1,16.5 x 14,Blueprint,Edge damage.,,,,,,,,,,,,,,,,,,,,,,,,,,,,,,,,,,,,,,,,,,,,,,,,,,,,,,,,,,,,,,,,,,,,,,,,,,,,,,,,,,,,,,,,,,,,,,,,,,,,
Perkins_W50_1554,,"Newton Highlands, MA",Land at Eliot Newton. Proposed Streets. Study No. 7,1888-11-01,,Boston and Albany Railroad; Eliot Station.,Boylston Street; Erie Street; Lincoln Street; William Street; Woodward Street; Sudbury River Conduit.,Studies for layout of streets. Shows percentage calculation for wastage in streets east of railroad. Lots show select dimensions.,"Eliot in plan set title refers to Eliot rail station, now on the MBTA Green ""D"" line.",,"Whitney, William H.",,1554-2033,,1 in = 80 ft,42.31949544,-71.2165,Survey Plan,1,,1,26 x 20,Blueprint,Creases.,,,,,,,,,,,,,,,,,,,,,,,,,,,,,,,,,,,,,,,,,,,,,,,,,,,,,,,,,,,,,,,,,,,,,,,,,,,,,,,,,,,,,,,,,,,,,,,,,,,,
Perkins_W50_1555,Ellis Estate,"Roxbury (Boston, MA)",[Untitled - Thornton Street at Ellis Street],1889-01-05,"Ellis, Maria M., estate of",,"Ellis Street; [Fulda Street]; Thornton Street, ","Subdivision plan showing 12 numbered lots, number 21 thru 28, with 4 of these lots divided into two lots labelled with letters. Shows sf and dimensions. Unnamed 40' wide street. Note states: Lot numbers refer to plan of Fuller and Whitney dated Sept. 5, 1884.",,,"Whitney, William H.",,1555-2034,,1 in = 40 ft,42.3231539,-71.0924,Survey Plan,1,,1,13.5 x 11.5,Blueprint,,,,,,,,,,,,,,,,,,,,,,,,,,,,,,,,,,,,,,,,,,,,,,,,,,,,,,,,,,,,,,,,,,,,,,,,,,,,,,,,,,,,,,,,,,,,,,,,,,,,,
Perkins_W50_1556,Charles River Embankment,"Cambridge, MA",Plan showing operations of the Massachusetts Dredging Co. under contract with the Charles River Embankment Company in Charles River Basin prosecuted under the direction of the Harbor and Land Commissioners of the Commonwealth of Massachusetts.,1889-02-01,Charles River Embankment Company,"Boston and Albany Railroad, Branch of. Smith's wharf.",Albany Street; Allston Street; Harvard Bridge {Massachusetts Avenue Bridge]; Harvard Street; Main Street; Reardon Street; Talbot Street; Washington Square; Waverly Street; sections of other streets. Charles River. ,Plan showing outline of area of work by the dredging company. Note made by Whitney states: I respectfully report that pumping began Jan. 23 at A and delivery at B. The excavation is to about seven feet below mean low water. Forty-three hours of pumping time have been made to date. The levees are in process of creation along the lines marked CCCCC and DDDDD.,The Massachusetts State Archives contains documents related to the progress of this project.,,"Whitney, William H.",,1556-2035,,1 in = 200 ft,42.3575002,-71.0927,Survey Plan,1,,1,26 x 21,Blueprint,Tears.,,,,,,,,,,,,,,,,,,,,,,,,,,,,,,,,,,,,,,,,,,,,,,,,,,,,,,,,,,,,,,,,,,,,,,,,,,,,,,,,,,,,,,,,,,,,,,,,,,,,
Perkins_W50_1557,MIT / Area 2,"Cambridge, MA",[Untitled - Pacific and Sidney Streets],1889-02-02,,"Boston and Albany Railroad, Branch of; Ames, F.L.; Allen, W.E.; Barnard Trust; Dana, A.T.; Landerkin; Otis, Trustees; Woodman; Young",Auburn Street; Blanche Street; Franklin Street; Harvard Bridge {Massachusetts Avenue Bridge]; [Main Street]; Pacific Street; Sidney Street; Smart Street,Subdivision plan showing Lots No. 1 thru No 3. Shows sf and dimensions. One lot contains note: Conveyed according to red figures).,,,"Whitney, William H.",,1557-2036,,1 in = 80 ft,42.36062282,-71.1002,Survey Plan,1,,1,27 x 23,Blueprint,Edge damage. Creases.,,,,,,,,,,,,,,,,,,,,,,,,,,,,,,,,,,,,,,,,,,,,,,,,,,,,,,,,,,,,,,,,,,,,,,,,,,,,,,,,,,,,,,,,,,,,,,,,,,,,
Perkins_W50_1558,MIT / Area 2,"Cambridge, MA","[Untitled - Main, State, and Smart Streets]",1889-02-04,,"Boston and Albany Railroad, Branch of; Barnard Trust; Barrett, M.C.; Dana, Richard Henry, heirs.; Landerkin; Larson; Nash, S.; Otis, Trustees; Pear, I.S.; Woodman; Young",Harvard Bridge {Massachusetts Avenue Bridge]; [Main Street]; State Street; Smart Street; Village Street [Defunct],"Subdivision plan showing Lots No. A, B, C, D. Contain sf and dimensions.",,,"Whitney, William H.",,1558-2037,,1 in = 80 ft,42.36203928,-71.098,Survey Plan,1,,1,20 x 13,Blueprint,,,,,,,,,,,,,,,,,,,,,,,,,,,,,,,,,,,,,,,,,,,,,,,,,,,,,,,,,,,,,,,,,,,,,,,,,,,,,,,,,,,,,,,,,,,,,,,,,,,,,
Perkins_W50_1559,Ellis Estate,"Roxbury (Boston, MA)",[Untitled - Highland Street Subdivision],1889-02-08,"Ellis, Maria M., estate of",,[Fulda Street]; Highland Street,"Subdivision plans showing 11 lot layout abutting passageway or right of way. Lots are Numbered 5-7; 11-14; some lots are subdivided into lots labelled A-F. Show sf and dimensions. Note states: Lot numbers in red are taken from of Fuller and Whitney dated Sept. 5, 1884.","Per 1882 Hopkins Atlas, land owned by Mary J. Ellis. Later passed to heirs of Maria Ellis",,"Whitney, William H.",,1559-2038,,1 in = 30 ft,42.3231539,-71.0924,Survey Plan,1,,1,16 x 14,Blueprint,,,,,,,,,,,,,,,,,,,,,,,,,,,,,,,,,,,,,,,,,,,,,,,,,,,,,,,,,,,,,,,,,,,,,,,,,,,,,,,,,,,,,,,,,,,,,,,,,,,,,
Perkins_W50_1560,Charles River Embankment,"Cambridge, MA",Plan showing operations of the Massachusetts Dredging Co. under contract with the Charles River Embankment Company in Charles River Basin prosecuted under the direction of the Harbor and Land Commissioners of the Commonwealth of Massachusetts.,1889-03-01,Charles River Embankment Company,"Boston and Albany Railroad, Branch of. Smith's wharf.",Albany Street; Allston Street; Harvard Bridge {Massachusetts Avenue Bridge]; Harvard Street; Main Street; Reardon Street; Talbot Street; Washington Square; Waverly Street; sections of other streets. Charles River. ,"Plan showing outline of area of work by the dredging company. Note made by Whitney states: Report for month of February, 1889. The outline of excavation to date shown by lines AAAA. The depth of excavations shown by figures within the lines AAA and show depth below mean low water. Material is delivered at B. No progress on levees during the month except at B. 84 hours pumping.",The Massachusetts State Archives contains documents related to the progress of this project.,,"Whitney, William H.",,1560-2039,,1 in = 200 ft,42.3575002,-71.0927,Survey Plan,1,2,1,28 x 21.5,Blueprint,Loss. Seam damage. Tears.,,,,,,,,,,,,,,,,,,,,,,,,,,,,,,,,,,,,,,,,,,,,,,,,,,,,,,,,,,,,,,,,,,,,,,,,,,,,,,,,,,,,,,,,,,,,,,,,,,,,
Perkins_W51_1561,,"Boston, MA",Copy of Part of plan marked as follows,1889-03-09,,,Bumstead Lane [St. Alphonsus]; Conant Street [Defunct]; Huntington Avenue; Longwood Avenue; Whitney Street,"Subdivision plan showing lots 1 thru 23 plus additional lot. Lots contain sf and dimensions. Several lots have red x marks. Various red-penciled marks, including one that says 1867-321.","Appears to be an updated of a plan by surveyor G. A. Wetherbee done 10/15/1884. Per Bromley Atlases, land owned by Abraham Folsom heirs.",Suffolk Unindexed Plan Bk/Pg 1867/321,"Whitney, William H./Wetherbee, G. A.",,1561-2040,,1 in = 16 ft,42.33596546,-71.1005,Survey Plan,1,2,1,21.5 x 28.5,Blueprint,Damaged binding. Edge damage.,,,,,,,,,,,,,,,,,,,,,,,,,,,,,,,,,,,,,,,,,,,,,,,,,,,,,,,,,,,,,,,,,,,,,,,,,,,,,,,,,,,,,,,,,,,,,,,,,,,,
Perkins_W51_1562-1563,Francis Estate,"Boston, MA",[Untitled - Commonwealth Avenue - Plan No. 1 - Plan No. 2],Not identified,,Cousins,Commonwealth Avenue; Essex Street; St. Mary's Street; Avon Street; Charles River,Two studies showing proposed street layouts. Select dimensions; Shows outline of sewer and dock. Lists percentage of waste in streets and passageways.,Abuts Ebenezer Francis land.,,"Whitney, William H.",,1562-2041/1563-2042,,1 in = 80 ft,42.35121194,-71.1071,Survey Plan,1,,1,30 x 15,Blueprint,Creases. Folds.,,,,,,,,,,,,,,,,,,,,,,,,,,,,,,,,,,,,,,,,,,,,,,,,,,,,,,,,,,,,,,,,,,,,,,,,,,,,,,,,,,,,,,,,,,,,,,,,,,,,
Perkins_W51_1564,Charles River Embankment,"Cambridge, MA",Plan showing operations of the Massachusetts Dredging Co. under contract with the Charles River Embankment Company in Charles River Basin prosecuted under the direction of the Harbor and Land Commissioners of the Commonwealth of Massachusetts.,1889-04-01,Charles River Embankment Company,"Boston and Albany Railroad, Branch of. Smith's wharf.",Albany Street; Allston Street; Harvard Bridge {Massachusetts Avenue Bridge]; Harvard Street; Main Street; Reardon Street; Talbot Street; Washington Square; Waverly Street; sections of other streets. Charles River. ,"Plan showing outline of area of work by the dredging company. Note made by Whitney states: Report for month of Month, 1889. The outline of excavation to date shown by lines AAAA. The depth of excavation is shown by figures within the lines AAA and show depth below mean low water. Material is delivered at B. New levee commenced at CCC. Old levees at DDD were partially swept away by waves. 47 1/2 hours pumping. ",The Massachusetts State Archives contains documents related to the progress of this project.,,"Whitney, William H.",,1564-2043,,1 in = 200 ft,42.3575002,-71.0927,Survey Plan,1,2,1,28.5 x 22.5,Blueprint,Creases. Folds.,,,,,,,,,,,,,,,,,,,,,,,,,,,,,,,,,,,,,,,,,,,,,,,,,,,,,,,,,,,,,,,,,,,,,,,,,,,,,,,,,,,,,,,,,,,,,,,,,,,,
Perkins_W51_1565,Riverbank Improvement Company,"Boston, MA",Proposed Sea Wall and Bulkhead enclosing flats to be filled,1889-03-26,"Francis, Ebenezer, Est.; (Cotting, Browne, Stockton, Bowditch, Trustees]","Boston and Roxbury Mill Corp.; Cousens, H. and G.E.",Commonwealth Avenue; Essex Street; St. Mary's Street; Avon Street; Charles River,Plans and sections of sea wall and bulkhead on the Charles River alongside Commonwealth Avenue. Features red and grey penciled-in notes. Note on verso indicates recorded in Suffolk Registry.,"The drawing probably was prepared for a license application granted by the Board of Harbor and Land Commissioners; petition number 1158, ranted April 18, 1889. ",Suffolk Unindexed Plan Bk/Pg 1884/584,"Whitney, William H.",,1565-2014,,1 in = 80 ft; Details: 1 in = 4 ft,42.35121194,-71.1071,Engineering Drawing,1,3,1,32.5 x 23,Blueprint,Edge damage. Loss. Seam damage.,,,,,,,,,,,,,,,,,,,,,,,,,,,,,,,,,,,,,,,,,,,,,,,,,,,,,,,,,,,,,,,,,,,,,,,,,,,,,,,,,,,,,,,,,,,,,,,,,,,,
Perkins_W51_1566,,"Boston, MA",[Untitled - Falmouth and Huntington Ave.],1890-06-27,"Murdoch, A. L.; Walker, Benjamin","Boston Water Power Co.; Edwards, James; Whitney, Henry M.",Falmouth Street [St. Stephens]; Gainsborough Street; Huntington Avenue; Public Alleyway 234,Plot plan showing one lot backed by 10-foot-wide passage way. Red penciled notations indicate corrections and additional information. Indicates lot sold and recorded in Suffolk Registry. Shows sf and dimensions.,,Suffolk Unindexed Plan Bk/Pg 1945/116,"Whitney, William H.",,1566-2045,,1 in = 30 ft,42.34102401,-71.088,Survey Plan,1,2,1,23 x 16,Blueprint,Tears.,,,,,,,,,,,,,,,,,,,,,,,,,,,,,,,,,,,,,,,,,,,,,,,,,,,,,,,,,,,,,,,,,,,,,,,,,,,,,,,,,,,,,,,,,,,,,,,,,,,,
Perkins_W51_1567,Francis Estate,"Boston, MA",[Untitled - Requests for Proposal for Building of Sea Wall],1889-03-26,"Francis, Ebenezer, Est",,,"Specifications brochure containing 8 pages of handwritten specs. Contains information on sea wall excavation, foundation, masonry, ballast, and bulkhead. Brochure cover contains instructions for submitting bids. Extensive penciled-in notes on verso sides.",Is related to proposed sea wall drawing (#1565-2014),,"Whitney, William H.",,1567-2046,,Not applicable,42.35121194,-71.1071,Specifications,8,,1,16 x 14,Blueprint,Pages folded in half and stapled. ,,,,,,,,,,,,,,,,,,,,,,,,,,,,,,,,,,,,,,,,,,,,,,,,,,,,,,,,,,,,,,,,,,,,,,,,,,,,,,,,,,,,,,,,,,,,,,,,,,,,
Perkins_W51_1568,Charles River Embankment,"Cambridge, MA",Plan showing operations of the Massachusetts Dredging Co. under contract with the Charles River Embankment Company in Charles River Basin prosecuted under the direction of the Harbor and Land Commissioners of the Commonwealth of Massachusetts.,1889-05-01,Charles River Embankment Company,"Boston and Albany Railroad, Branch of. Smith's wharf.",Albany Street; Allston Street; Harvard Bridge {Massachusetts Avenue Bridge]; Harvard Street; Main Street; Reardon Street; Talbot Street; Washington Square; Waverly Street; sections of other streets. Charles River. ,Plan showing outline of area of work by the dredging company. Contains monthly report [handwritten paragraph] by Whitney on the progress of work.,The Massachusetts State Archives contains documents related to the progress of this project.,,"Whitney, William H.",,1568-2047,,1 in = 200 ft,42.3575002,-71.0927,Survey Plan,1,,1,28 x 21,Blueprint,Edge damage. Fading. Seam damage. Tears.,,,,,,,,,,,,,,,,,,,,,,,,,,,,,,,,,,,,,,,,,,,,,,,,,,,,,,,,,,,,,,,,,,,,,,,,,,,,,,,,,,,,,,,,,,,,,,,,,,,,
Perkins_W51_1569,,"Boston, MA",[Untitled - Huntington Avenue - Oxford Hotel],1889-05-10,Hotel Oxford,Boston and Albany Railroad,Huntington Avenue,"Plot plan showing building footprint of Hotel Oxford. Footprint contains corners labelled with letters, which indicates where and when wall was plumbed. These points are reflected in a table showing measurements tracked by dates (April 1887 thru April 1889), with a remarks column, penciled comments on front and rear.","The Hotel Oxford was a hotel for travelers, located at Copley Square. See ",,"Whitney, William H.",,1569-2048,88-83,1 in = 30 ft,42.34865178,-71.0786,Survey Plan,1,,1,23 x 11.5,Blueprint,,,,,,,,,,,,,,,,,,,,,,,,,,,,,,,,,,,,,,,,,,,,,,,,,,,,,,,,,,,,,,,,,,,,,,,,,,,,,,,,,,,,,,,,,,,,,,,,,,,,,
Perkins_W51_1570,Charles River Embankment,"Cambridge, MA",Plan showing operations of the Massachusetts Dredging Co. under contract with the Charles River Embankment Company in Charles River Basin prosecuted under the direction of the Harbor and Land Commissioners of the Commonwealth of Massachusetts.,1889-06-01,Charles River Embankment Company,"Boston and Albany Railroad, Branch of. Smith's wharf.",Albany Street; Allston Street; Harvard Bridge {Massachusetts Avenue Bridge]; Harvard Street; Main Street; Reardon Street; Talbot Street; Washington Square; Waverly Street; sections of other streets. Charles River. ,Plan showing outline of area of work by the dredging company. Contains monthly report [handwritten paragraph] by Whitney on the progress of work.,The Massachusetts State Archives contains documents related to the progress of this project.,,"Whitney, William H.",,1570-2049,,1 in = 200 ft,42.3575002,-71.0927,Survey Plan,1,,1,27 x 23,Blueprint,Edge damage. Fading. Seam damage. Tears.,,,,,,,,,,,,,,,,,,,,,,,,,,,,,,,,,,,,,,,,,,,,,,,,,,,,,,,,,,,,,,,,,,,,,,,,,,,,,,,,,,,,,,,,,,,,,,,,,,,,
Perkins_W52_1591,,"Boston, MA",[Untitled - Falmouth Street],1889-06-13,,"Boston Water Power Co.; Edwards, Jas.; Sumner, Eben",Falmouth Street [St. Stephens]; [Public Alley 234],Plan showing one 18599 sf lot bordered on each side by 10 feet wide passage way. Note says: Traced from Plan 1393.,,,"Whitney, William H.",,1591-2122,,1 in = 30 ft,42.34196906,-71.0874,Survey Plan,1,,1,12.5 x 16,Blueprint,,,,,,,,,,,,,,,,,,,,,,,,,,,,,,,,,,,,,,,,,,,,,,,,,,,,,,,,,,,,,,,,,,,,,,,,,,,,,,,,,,,,,,,,,,,,,,,,,,,,,
Perkins_W52_1592,Charles River Embankment,"Cambridge, MA",Plan showing operations of the Massachusetts Dredging Co. under contract with the Charles River Embankment Company in Charles River Basin prosecuted under the direction of the Harbor and Land Commissioners of the Commonwealth of Massachusetts.,1889-07-01,Charles River Embankment Company,"Boston and Albany Railroad, Branch of. Smith's wharf.",Albany Street; Allston Street; Harvard Bridge {Massachusetts Avenue Bridge]; Harvard Street; Main Street; Reardon Street; Talbot Street; Washington Square; Waverly Street; sections of other streets. Charles River. ,Plan showing outline of area of work by the dredging company. Contains monthly report [handwritten paragraph] by Whitney on the progress of work.,The Massachusetts State Archives contains documents related to the progress of this project.,,"Whitney, William H.",,1592-2123,,1 in = 200 ft,42.3575002,-71.0927,Survey Plan,1,2,1,27 x 21,Blueprint,Edge damage. Fading. Seam damage. Tears.,,,,,,,,,,,,,,,,,,,,,,,,,,,,,,,,,,,,,,,,,,,,,,,,,,,,,,,,,,,,,,,,,,,,,,,,,,,,,,,,,,,,,,,,,,,,,,,,,,,,
Perkins_W52_1593,Francis Estate,"Boston, MA",[Specifications of labor to be performed in filling flats and marsh land of the Trustees under the will of Ebenezer Francis extending from Commonwealth Avenue....],1889-03-26,"Francis, Ebenezer, Est",,,"Specifications brochure containing 6 pages of handwritten specs and two survey plans. One plan shows subdivision layout of blocks between Commonwealth Avenue and Charles River and between Essex Street and Heath [Scale: 1 in = 100 ft]; the other plan shows layout of parts of Back Bay and Allston at Charles River, showing dredging grounds No. 1 and No. 2. [Scale: 1 in = 800 ft]; contains two tables of estimates. Contains instructions for submitting bids. ",,,"Whitney, William H.",,1593-2124,,Not applicable,42.35121194,-71.1071,Specifications,4,,1,15.5 x 14.5,Blueprint,Pages folded in half. Staple marks.,,,,,,,,,,,,,,,,,,,,,,,,,,,,,,,,,,,,,,,,,,,,,,,,,,,,,,,,,,,,,,,,,,,,,,,,,,,,,,,,,,,,,,,,,,,,,,,,,,,,
Perkins_W52_1594,Charles River Embankment,"Boston, MA",[Specifications of material to be furnished and labor to be performed in building a Dam or Bulkhead and Sluiceways for the Charles Power Embankment Company....],1889-07-17,Charles River Embankment Company,,,Specifications brochure containing 4 pages of handwritten specs. Includes sections on The Bulkhead and Grading & Turf Levee.,,,"Whitney, William H.",,1594-2125,,Not applicable,42.3575002,-71.0927,Specifications,2,,1,16 x 14.5,Blueprint,Pages folded in half. Staple marks.,,,,,,,,,,,,,,,,,,,,,,,,,,,,,,,,,,,,,,,,,,,,,,,,,,,,,,,,,,,,,,,,,,,,,,,,,,,,,,,,,,,,,,,,,,,,,,,,,,,,
Perkins_W52_1595,Charles River Embankment,"Cambridge, MA",Plan showing operations of the Massachusetts Dredging Co. under contract with the Charles River Embankment Company in Charles River Basin prosecuted under the direction of the Harbor and Land Commissioners of the Commonwealth of Massachusetts.,1889-08-01,Charles River Embankment Company,"Boston and Albany Railroad, Branch of. Smith's wharf.",Albany Street; Allston Street; Harvard Bridge {Massachusetts Avenue Bridge]; Harvard Street; Main Street; Reardon Street; Talbot Street; Washington Square; Waverly Street; sections of other streets. Charles River. ,Plan showing outline of area of work by the dredging company. Contains monthly report [handwritten paragraph] by Whitney on the progress of work.,The Massachusetts State Archives contains documents related to the progress of this project.,,"Whitney, William H.",,1595-2126,,1 in = 200 ft,42.3575002,-71.0927,Survey Plan,1,2,1,27.5 x 21.5,Blueprint,Edge damage. Fading. Seam damage. Tears.,,,,,,,,,,,,,,,,,,,,,,,,,,,,,,,,,,,,,,,,,,,,,,,,,,,,,,,,,,,,,,,,,,,,,,,,,,,,,,,,,,,,,,,,,,,,,,,,,,,,
Perkins_W52_1596,,"Boston, MA",[Untitled - Fairfield Street at Beacon],1889-07-01,,,Beacon Street; Fairfield Street; [Public Alley 416],Plot plan showing No. 351 Fairfield with building footprint and property dimensions and sf of 3356.,The house was built in 1870 but foreclosed upon and resold in 1889.,,"Whitney, William H.",,1596-2127,,1 in = 8 ft,42.35234186,-71.0837,Survey Plan,1,,1,10 x 12.5,Blueprint,,,,,,,,,,,,,,,,,,,,,,,,,,,,,,,,,,,,,,,,,,,,,,,,,,,,,,,,,,,,,,,,,,,,,,,,,,,,,,,,,,,,,,,,,,,,,,,,,,,,,
Perkins_W52_1597,West End Land Co.,"Brookline, MA",Plan of House Lots in Brookline belonging to the West End Land Co. Plan No. 4.,1889-06-18,West End Land Company.,,Beacon Street; Road No. 8 [Garrison Road]; Sullivan Road [Rawson Road]; Tappen Road; Winthrop Road,"Subdivision plan showing 20 numbered lots divided by 16-foot-wide passageway. Shows dimensions and sf for each lot. Printed by Heliotype Printing Co. Boston. Bottom area covered by pasted-on newspaper clipping article titled ""Big Land Sale: Valuable property of the ""West End Land Company"" sold by auction; clipping indicates this subdivision of one of four subdivisions and purchasers and prices are listed.",,,"Whitney, William H.",,1597-2128,,1 in = 50 ft,42.3382797,-71.1376,Auctioneer's Plan,1,,1,20 x 15.5,Brownline on vellum,,,,,,,,,,,,,,,,,,,,,,,,,,,,,,,,,,,,,,,,,,,,,,,,,,,,,,,,,,,,,,,,,,,,,,,,,,,,,,,,,,,,,,,,,,,,,,,,,,,,,
Perkins_W52_1598-1602,West End Land Co.,"Boston, MA",[Untitled - 5 studies of Beacon St. at Commonwealth - Study No. 1 thru No. 5],1889-09-06,West End Land Company.,Boston and Albany Railroad; Brookline Branch Railroad,[Baystate Road]; Beacon Street; Brookline Avenue; Charles River Embankment; Commonwealth Avenue; [Deerfield Street]; Kenmore Street; West Newbury Street,"5 studies showing subdivision layouts for multiple blocks of lots at intersection of Beacon Street and Commonwealth. Lots are roughly dimensioned. Studies vary as to whether they include stables, green islands. Wastage calculations are shown in red ink on 3 studies.",,,"Whitney, William H.",,1598-2129/1602-2133,"I, 752",1 in = 80 ft,42.34875867,-71.0981,Survey Plan,5,,1,27 x 17,Blueprint,"2 panels, taped. Edge damage.",,,,,,,,,,,,,,,,,,,,,,,,,,,,,,,,,,,,,,,,,,,,,,,,,,,,,,,,,,,,,,,,,,,,,,,,,,,,,,,,,,,,,,,,,,,,,,,,,,,,
Perkins_W52_1603,Charles River Embankment,"Cambridge, MA",Plan showing operations of the Massachusetts Dredging Co. under contract with the Charles River Embankment Company in Charles River Basin prosecuted under the direction of the Harbor and Land Commissioners of the Commonwealth of Massachusetts.,1889-09-01,Charles River Embankment Company,"Boston and Albany Railroad, Branch of. Smith's wharf.",Albany Street; Allston Street; Harvard Bridge {Massachusetts Avenue Bridge]; Harvard Street; Main Street; Reardon Street; Talbot Street; Washington Square; Waverly Street; sections of other streets. Charles River. ,Plan showing outline of area of work by the dredging company. Contains monthly report [handwritten paragraph] by Whitney on the progress of work.,The Massachusetts State Archives contains documents related to the progress of this project.,,"Whitney, William H.",,1603-2134,,1 in = 200 ft,42.3575002,-71.0927,Survey Plan,1,,1,28 x 22.5,Blueprint,"2 panels, taped. Edge damage. Fading. Folds. Seam damage.",,,,,,,,,,,,,,,,,,,,,,,,,,,,,,,,,,,,,,,,,,,,,,,,,,,,,,,,,,,,,,,,,,,,,,,,,,,,,,,,,,,,,,,,,,,,,,,,,,,,
Perkins_W52_1604,Alvin Adams Estate Plans,"Watertown, MA","Streets to be graded at Mt. Auburn and School Streets, Watertown Mass",1889-09-18,"Alvin Adams Estate, Trustees",,Boylston Street; Chauncy Street; Mount Auburn Street; School Street Extension; [Adams Avenue]; Winthrop Street,Specifications brochure containing 6 pages of handwritten specs and survey plan. Verso of plan features label with project title and bid submittal instructions. Plan shows measurements for cuts and fills and note regarding grading.,"The estate was also known as ""Fountain Hill,"" then ""Fairlawn"". Alvin Adams was founder of a pioneer rail shipment company, Adams Express. Adams owned a townhouse at 222 Beacon Street, a Back Bay connection. See Wikipedia profile.",,"Whitney, William H.",,1604-2135,,1 in = 100 ft,42.36907586,-71.1666,Specifications,4,,1,16 x 13.5,Blueprint,Pages folded in half. Staple marks. Survey plan is taped to fold of another page. Content of 1 page trimmed off at left edge.,,,,,,,,,,,,,,,,,,,,,,,,,,,,,,,,,,,,,,,,,,,,,,,,,,,,,,,,,,,,,,,,,,,,,,,,,,,,,,,,,,,,,,,,,,,,,,,,,,,,
Perkins_W52_1605,Francis Estate,"Boston, MA",[Specifications of labor to be performed in filling flats and marsh land of the Trustees under the will of Ebenezer Francis extending from Commonwealth Avenue....],1889-07-11,"Francis, Ebenezer, Est",,Beacon Street; Brookline Street; Commonwealth Avenue; Main Street (Cambridge); Charles River and peripheral streets.,"Specifications brochure containing 6 pages of handwritten specs and two survey plans. One plan shows subdivision layout of blocks between Commonwealth Avenue and Charles River and between Essex Street and Heath [Scale: 1 in = 100 ft]; the other plan shows layout of parts of Back Bay and Allston at Charles River, showing dredging grounds No. 1 and No. 2. [Scale: 1 in = 800 ft]; contains table of estimates for quantities related to dredging and instructions for submitting bids. ",,,"Whitney, William H.",,1605-2136,,Various,42.35121194,-71.1071,Specifications,4,,1,15.5 x 13.5,Blueprint,Pages folded in half. Staple marks.,,,,,,,,,,,,,,,,,,,,,,,,,,,,,,,,,,,,,,,,,,,,,,,,,,,,,,,,,,,,,,,,,,,,,,,,,,,,,,,,,,,,,,,,,,,,,,,,,,,,
Perkins_W52_1606,Charles River Embankment,"Cambridge, MA",Plan showing operations of the Massachusetts Dredging Co. under contract with the Charles River Embankment Company in Charles River Basin prosecuted under the direction of the Harbor and Land Commissioners of the Commonwealth of Massachusetts.,1889-10-01,Charles River Embankment Company,"Boston and Albany Railroad, Branch of. Smith's wharf.",Albany Street; Allston Street; Harvard Bridge [Massachusetts Avenue Bridge]; Harvard Street; Main Street; Reardon Street; Talbot Street; Washington Square; Waverly Street; sections of other streets. Charles River. ,Plan showing outline of area of work by the dredging company. Contains monthly report [handwritten paragraph] by Whitney on the progress of work.,The Massachusetts State Archives contains documents related to the progress of this project.,,"Whitney, William H.",,1606-2137,,1 in = 200 ft,42.3575002,-71.0927,Survey Plan,1,,1,27 x 21,Blueprint,"2 panels, seamed. Edge damage. Fading. Seam damage. Tears.",,,,,,,,,,,,,,,,,,,,,,,,,,,,,,,,,,,,,,,,,,,,,,,,,,,,,,,,,,,,,,,,,,,,,,,,,,,,,,,,,,,,,,,,,,,,,,,,,,,,
Perkins_W52_1607,West End Land Co.,"Boston, MA",[Untitled - Study of Beacon St. at Commonwealth - Study No. 6],1889-09-06,West End Land Company.,Boston and Albany Railroad; Brookline Branch Railroad,[Baystate Road]; Beacon Street; Brookline Avenue; Charles River Embankment; Commonwealth Avenue; [Deerfield Street]; Kenmore Street; West Newbury Street,Study showing subdivision layouts for two blocks of lots at intersection of Beacon Street and Commonwealth. Lots are roughly dimensioned. Includes 60-foot-wide road and 16-foot-wide passageway. Includes street wastage calculations.,,,"Whitney, William H.",,1607-2138,"I, 752",1 in = 80 ft,42.34875867,-71.0981,Survey Plan,1,,1,27.5 x 16.5,Blueprint,"2 panels, seamed. Edge damage.",,,,,,,,,,,,,,,,,,,,,,,,,,,,,,,,,,,,,,,,,,,,,,,,,,,,,,,,,,,,,,,,,,,,,,,,,,,,,,,,,,,,,,,,,,,,,,,,,,,,
Perkins_W52_1608-1612,Boston Harbor Wharves,"South Boston Waterfront (Boston, MA)",[Untitled - 5 studies of Central Wharf and India Street at Atlantic Avenue - Study No. 1 thru No. 5],1889-10-22,Proprietors of Central Wharf; Proprietors of India Wharf,,Atlantic Avenue; Bread Street [Franklin Street]; Central Wharf [Milk Street]; Custom House Street; India Street; Wharf Street,"5 studies showing subdivision layouts for multiple blocks of lots, separated by streets and/or passageways. Lots are roughly dimensioned. Studies 4 and 5 show a large lot assigned to Proprietors of Central Wharf.","Block is the site of the current Grain Exchange Building. Has a connection to H.M. Whitney, major property owner in Back Bay.",,"Whitney, William H.",,1608-2139/1612-2143,,1 in = 40 ft,42.35840914,-71.0525,Survey Plan,5,,1,23.5 x 16,Blueprint,"Each sheet is 2 panels, seamed. Edge damage. Loss.",,,,,,,,,,,,,,,,,,,,,,,,,,,,,,,,,,,,,,,,,,,,,,,,,,,,,,,,,,,,,,,,,,,,,,,,,,,,,,,,,,,,,,,,,,,,,,,,,,,,
Perkins_W53_1624,Francis Estate,"Boston, MA",[To accompany ______ under Will of Ebenezer Francis],1889-11-14,"Francis, Ebenezer, Est",Heath,Beacon Street; Brookline Bridge [Boston University Bridge]; Commonwealth Avenue; Commonwealth Flats {Charlesgate]; Grand Junction Railroad Bridge; Harvard Bridge [Massachusetts Avenue Bridge]; Charles River and peripheral streets.,"Layout of Francis estate land at harbor line along Charles River. Contains two grid of bathymetric data points at harbor and ""Commonwealth Flats"" west of Harvard Bridge. Drawing is signed by 3 commissioners. ",,,"[Whitney, William H.]",,1624-2186,,1 in = 2000 ft,42.35121194,-71.1071,Survey Plan,1,,1,35.5 x 21.5,Blueprint,"Multiple panels, seamed. Edge damage.",,,,,,,,,,,,,,,,,,,,,,,,,,,,,,,,,,,,,,,,,,,,,,,,,,,,,,,,,,,,,,,,,,,,,,,,,,,,,,,,,,,,,,,,,,,,,,,,,,,,
Perkins_W53_1625-1633,MIT / Area 2,"Cambridge, MA",Proposed Street [Dana Marsh] - Studies no. 1 thru No. 9,1889-11-29,,"Boston and Albany Railroad, Branch of.",Albany Street; Allston Street; Auburn Street; Erie Street; Fort Washington Park; Franklin Street; Green Street; Harvard Bridge {Massachusetts Avenue Bridge]; Harvard Street; Hamilton Street; Main Street; Pacific Street; Pilgrim Street; Reardon Street; Sidney Street; State Street; Talbot Street; Washington Square; Waverly Street; sections of other streets. Charles River. ,9 studies showing alternative street layouts. Shows select dimensions for block dimensions and street widths. Dashed lines indicate existing property lot boundaries. Provides sf ft and % calculations for waste in streets of area designated as Dana March Lot.,"The Dana family of Cambridge owned substantial land throughout Cambridge, including the Cambridgeport area. This area was being reclaimed from Marsh.",,"Whitney, William H.",,1625-2187/1633-2195,,1 in = 200 ft,42.36084575,-71.0997,Survey Plan,9,,1,21 x 14.5,Blueprint,"Each sheet is 2 panels, seamed. Edge damage.",,,,,,,,,,,,,,,,,,,,,,,,,,,,,,,,,,,,,,,,,,,,,,,,,,,,,,,,,,,,,,,,,,,,,,,,,,,,,,,,,,,,,,,,,,,,,,,,,,,,
Perkins_W53_1634,Gray Estate,"Dorchester (Boston, MA)",[Untitled - Subdivision Plan Brookford Street],1889-11-09,"[Gray, Estate of; Cunningham]",,Brookford Street,"Subdivision plan showing 3 blocks of lots spread over 20 lots, a new unnamed street and passageway. Lots display dimensions and areas. Includes footprints of existing buildings. ",Unnamed streets may be forerunners of what are now Dromey and Judson Streets.,,"Whitney, William H.",,1634-2196,,1 in = 30 ft,42.31648,-71.0747,Survey Plan,1,,1,19.5 x 15.5,Blueprint,,,,,,,,,,,,,,,,,,,,,,,,,,,,,,,,,,,,,,,,,,,,,,,,,,,,,,,,,,,,,,,,,,,,,,,,,,,,,,,,,,,,,,,,,,,,,,,,,,,,,
Perkins_W53_1635,Francis Estate,"Boston, MA","Plan showing Excavations in Charles River Basin under the permit to Francis Trs. Dated Nov. 14, 1889 by the Harbor and Land Commissioners of the Commonwealth of Massachusetts.",1889-11-14,"Francis, Ebenezer, Est",Heath,Beacon Street; Brookline Bridge [Boston University Bridge]; Commonwealth Avenue; Commonwealth Flats [Charlesgate]; Grand Junction Railroad Bridge; Harvard Bridge [Massachusetts Avenue Bridge]; Charles River and peripheral streets.,"Layout of Francis estate land at harbor line along Charles River. Contains sections that are indicated by marks AAAA and BBBBB. Notation: Report of Inspection for Months of August, September, October and November 1889. The outlines of excavations in both areas are marked AAAA and the figures show depths of new surface below mean low water. The filling has been on flats of the Francis Trustees within the lines BBBB.",Variant of 1624-2186. Relates to Charles River Embankment dredging project. The estate asked permission to construct a sea wall. Also relates to widening of Commonwealth Avenue.,,"[Whitney, William H.]",,1635-2197,,1 in = 2000 ft,42.35121194,-71.1071,Survey Plan,1,,1,35 x 23.5,Blueprint,"Multiple panels, seamed. Edge damage.",,,,,,,,,,,,,,,,,,,,,,,,,,,,,,,,,,,,,,,,,,,,,,,,,,,,,,,,,,,,,,,,,,,,,,,,,,,,,,,,,,,,,,,,,,,,,,,,,,,,
Perkins_W53_1636,,"Boston, MA",[Untitled - Falmouth and Gainsborough],1889-12-26,,,Falmouth Street [St. Stephen]; Gainsborough Street,"Street layout with two lots containing sf calculations and dimensions as well as outline of two 10-foot-wide passages. Notation: Traced from 1613,",,,"Whitney, William H.",,1636-2198,"D, 57",1 in = 30 ft,42.34202942,-71.0875,Survey Plan,1,,1,13 x 13,Blueprint,,,,,,,,,,,,,,,,,,,,,,,,,,,,,,,,,,,,,,,,,,,,,,,,,,,,,,,,,,,,,,,,,,,,,,,,,,,,,,,,,,,,,,,,,,,,,,,,,,,,,
Perkins_W53_1637,Charles River Embankment,"Cambridge, MA",Plan of Land in Cambridge layout the land of the Charles River Embankment Company and Others.,1889-02-01,Charles River Embankment Company,"Boston and Albany Railroad, Branch of",Broadway; Harvard Bridge [Massachusetts Avenue Bridge]; Harvard Street; [Main Street]; The Esplanade [Memorial Drive]; Sixth Street; Third Street; sections of other streets ,"Layout of planned area for reclaimed land along Cambridge side of Charles River, showing streets, rotaries and ""The Esplanade."" Contains dimensions of blocks and street widths. Notation: All streets sixty feet wide are fixed by their centre lines being on the centre of circles into which they pass. Red pencil markings contain edits to title that would indicate that the plan was made from the design of Viaux by Whitney.","Covers what is now the designated Area 2/MIT area of Cambridge, within Albany Street, Main Street, Memorial Drive. Following infill of marshland, various developers and MIT were interested in developing this area of Cambridge. Variant of plan was included in a Cambridge Atlas. See info on Viaux archives: https://hollisarchives.lib.harvard.edu/repositories/11/resources/7848",,"Viaux, Frederick H.",,1637-2199,,1 in = 150 ft,42.3575002,-71.0927,Survey Plan,1,,1,50 x 21,Blueprint,"4 panels, seamed. Edge damage.",,,,,,,,,,,,,,,,,,,,,,,,,,,,,,,,,,,,,,,,,,,,,,,,,,,,,,,,,,,,,,,,,,,,,,,,,,,,,,,,,,,,,,,,,,,,,,,,,,,,
Perkins_W53_1638,West End Land Co.,"Boston, MA",[Untitled - Study of Beacon St. at Commonwealth - Study No. 7],1889-09-06,West End Land Company.,Boston and Albany Railroad; Brookline Branch Railroad,[Baystate Road]; Beacon Street; Brookline Avenue; Charles River Embankment; Commonwealth Avenue; [Deerfield Street]; Kenmore Street; West Newbury Street,Study showing subdivision layouts for two blocks of lots at intersection of Beacon Street and Commonwealth. Lots are roughly dimensioned. Includes 16-foot-wide passageway. Includes street wastage calculations. Alternative date of Feb. 15 1890 penciled in red.,,,"Whitney, William H.",,1638-2200,"I, 752",1 in = 80 ft,42.34875867,-71.0981,Survey Plan,1,,1,26.5 x 16.5,Blueprint,"2 panels, seamed and taped. Edge damage.",,,,,,,,,,,,,,,,,,,,,,,,,,,,,,,,,,,,,,,,,,,,,,,,,,,,,,,,,,,,,,,,,,,,,,,,,,,,,,,,,,,,,,,,,,,,,,,,,,,,
Perkins_W53_1639,Alvin Adams Estate Plans,"Watertown, MA","Fairlawn, Watertown",1889-01-01,"Alvin Adams Estate, Trustees",Union Market Station; United States Arsenal Grounds; Watertown Fitchburg Railroad,Adams Avenue; Arsenal Street; Cedar Street; Franklin Street; Mount Auburn Street; Nichols Avenue; North Beacon Street; Prospect Street; Putnam Street; School Street; Spruce Street; adjacent streets,"Cover sheet and subdivision plan for house lots at Alvin Adams Fairlawn estate. Shows the subdivision in the context of south-central Watertown. Cover sheet summarizes the advantages of the town and location. Includes 2 lots with built houses. Interested parties can contact Edward L. Adams of 54 Devonshire Street or through a broker. Printed by Heliotype Printing Co., Boston. penciled-in markups. Drawing scale doesn't not reflect printed reduction factor. The property name Fairlawn in printed in decorative type on verso.",,,"Whitney, William H.",,1639-2201,,1 in = 100 ft,42.36850312,-71.1679,Brochure,1,,1,16 x 10,Print on paper,Single sheet intended to be folded. Edge damage.,,,,,,,,,,,,,,,,,,,,,,,,,,,,,,,,,,,,,,,,,,,,,,,,,,,,,,,,,,,,,,,,,,,,,,,,,,,,,,,,,,,,,,,,,,,,,,,,,,,,
Perkins_W53_1640,,"Cambridge, MA","[Untitled - Cambridge, Lincoln, Oxford, and Portland Streets]",1890-04-11,,,Berkshire Street; Cambridge Street; Lincoln Street; Oxford Street; Portland Street [Cardinal Medeiros Avenue]; Webster Avenue,Lot plan showing two blocks comprising 8 lots. Two lots display s/f and dimensions and are referenced by 1889 plans. A different lot shows building footprints. Red penciled in date.,,,"Whitney, William H.",,1640-2202,,1 in = 100 ft,42.369415,-71.0914,Survey Plan,1,,1,15.5 x 13.5,Blueprint,,,,,,,,,,,,,,,,,,,,,,,,,,,,,,,,,,,,,,,,,,,,,,,,,,,,,,,,,,,,,,,,,,,,,,,,,,,,,,,,,,,,,,,,,,,,,,,,,,,,,
Perkins_W53_1641,Francis Estate,"Boston, MA",[Specifications of labor to be performed in filling the flats and marsh land of Horace Cousins extending from the Northerly side of Commonwealth Avenue in Boston to a bulkhead which is to be erected south of the harbor line....],1890-04-18,"Cousens, Horace; Francis, Ebenezer, Est",,Commonwealth Avenue,"Specifications brochure containing 3 pages of handwritten specs. Describes filling, engineer, time, and proposal process. ",The Cousins brothers had property abutting Francis' land at Commonwealth Avenue and Essex Street.,,"Whitney, William H.",,1641-2203,,Not applicable,42.35121194,-71.1071,Specifications,2,,1,16 x 14,Blueprint,Pages folded in half. Edge damage. Staple marks.,,,,,,,,,,,,,,,,,,,,,,,,,,,,,,,,,,,,,,,,,,,,,,,,,,,,,,,,,,,,,,,,,,,,,,,,,,,,,,,,,,,,,,,,,,,,,,,,,,,,
Perkins_W53_1642,West End Land Co.,"Boston, MA",[Untitled - Study of Beacon St. at Commonwealth - Study No. 8],1889-09-06,West End Land Company.,Boston and Albany Railroad; Brookline Branch Railroad,[Baystate Road]; Beacon Street; Brookline Avenue; Charles River Embankment; Commonwealth Avenue; [Deerfield Street]; Kenmore Street; West Newbury Street,Study showing subdivision layouts for three blocks of lots at intersection of Beacon Street and Commonwealth. Lots are roughly dimensioned. Includes 16-foot-wide passageway. Includes street wastage calculations. ,,,"Whitney, William H.",,1642-2204,"I, 752",1 in = 80 ft,42.34875867,-71.0981,Survey Plan,1,,1,26 x 16.5,Blueprint,"2 panels, seamed. Edge damage.",,,,,,,,,,,,,,,,,,,,,,,,,,,,,,,,,,,,,,,,,,,,,,,,,,,,,,,,,,,,,,,,,,,,,,,,,,,,,,,,,,,,,,,,,,,,,,,,,,,,
Perkins_W53_1643,,"Boston, MA",Bay Back Fens,1890-05-06,,"Aspinwall Land Company; Boston Water Power Co.; Tappan, William J.",Back Bay Fens; Muddy River,"Lot layout showing two lots with dimensions and s/f. Muddy River shows lines of low tide and threads of eastern and western channels as surveyed in 1873. Back Bay Fens are indicated as ""formerly called Park"". Note on verso indicates that this was a new tracing done 02/02/1891.",Comparison of owners with 19th century urban atlases suggests that map was probably created in the 1880s. Tappan and Aspinwall co-owned parts of this area in the 1870s; they were prominent in Brookline and intermarried.,,"Whitney, William H.",,1643-2205,"29, 28, 30",1 in = 60 ft,42.34229237,-71.0991,Survey Plan,1,,1,15.5 x 14,Blueprint,,,,,,,,,,,,,,,,,,,,,,,,,,,,,,,,,,,,,,,,,,,,,,,,,,,,,,,,,,,,,,,,,,,,,,,,,,,,,,,,,,,,,,,,,,,,,,,,,,,,,
Perkins_W53_1644,Francis Estate,"Boston, MA","Plan showing Excavations in Charles River Basin under the permit to Francis Trs. Dated Nov. 14, 1889 by the Harbor and Land Commissioners of the Commonwealth of Massachusetts.",1890-06-01,"Francis, Ebenezer, Est",Heath,Beacon Street; Brookline Bridge [Boston University Bridge]; Commonwealth Avenue; Commonwealth Flats [Charlesgate]; Grand Junction Railroad Bridge; Harvard Bridge [Massachusetts Avenue Bridge]; Charles River and peripheral streets.,"Layout of Francis estate land at harbor line along Charles River. Contains sections that are indicated by marks AAAA and BBBBB. Notation: Report of Inspection for Months of December 1890; January, February, March, April and May, 1890. The outlines of excavations in both areas are marked AAAA and the figures show depths of new surface below mean low water. The filling has been on flats of the Francis Trustees within the lines BBBB.",Variant of 1624-2186. Relates to Charles River Embankment dredging project. The estate asked permission to construct a sea wall. Also relates to widening of Commonwealth Avenue.,,"[Whitney, William H.]",,1644-2206,,1 in = 2000 ft,42.35121194,-71.1071,Survey Plan,1,,1,38 x 24,Blueprint,"Multiple panels, seamed. Edge damage. Seam damage.",,,,,,,,,,,,,,,,,,,,,,,,,,,,,,,,,,,,,,,,,,,,,,,,,,,,,,,,,,,,,,,,,,,,,,,,,,,,,,,,,,,,,,,,,,,,,,,,,,,,
Perkins_W53_1645,Riverbank Improvement Company,"Boston, MA",[Specifications of labor to be performed and masonry to be furnished in building a Sea Wall for the Riverbank Embankment Company….],1890-06-06,Riverbank Improvement Company,,Commonwealth Avenue,"Specifications brochure containing 4 pages of handwritten specs for building of sea wall. Describes excavation, masonry, ballast, time, bond, payments, and engineer.","See 1645.5-2208 for plan. The Riverbank Improvement Company developed land on the north side of Commonwealth and on Bay State Road. The owner, C.E. Heath, a neighbor of E. Francis, in 1890 applied for a license to build a sea wall and fill in flats. Charles Adams was an owner. ",,"Whitney, William H.",,1645-2207,800,Not applicable,42.35121194,-71.1071,Specifications,2,,1,17 x 14.5,Blueprint,Pages folded in half. Edge damage. Staple marks.,,,,,,,,,,,,,,,,,,,,,,,,,,,,,,,,,,,,,,,,,,,,,,,,,,,,,,,,,,,,,,,,,,,,,,,,,,,,,,,,,,,,,,,,,,,,,,,,,,,,
Perkins_W53_1645.5,Riverbank Improvement Company,"Boston, MA",Proposed Sea Wall containing flats to be filled by Riverbank Improvement Company,1890-06-16,Riverbank Improvement Company,,Commonwealth Avenue; Avon Street; Charles River,Plans and sections of sea wall and bulkhead on the Charles River alongside Commonwealth Avenue. Note on verso indicates recorded in Suffolk Registry.,See 1645-2207 for specifications.,,"Whitney, William H.",,1645.5-2208,800,1 in = 80 ft; Details: 1 in = 4 ft,42.35121194,-71.1071,Engineering Drawing,1,2,1,25 x 14.5,Blueprint,Edge damage.,,,,,,,,,,,,,,,,,,,,,,,,,,,,,,,,,,,,,,,,,,,,,,,,,,,,,,,,,,,,,,,,,,,,,,,,,,,,,,,,,,,,,,,,,,,,,,,,,,,,
Perkins_W54_1681,Riverbank Improvement Company,"Boston, MA",Proposed Sea Wall containing flats to be filled by Riverbank Improvement Company,1890-06-16,Riverbank Improvement Company,,Commonwealth Avenue; Avon Street; Charles River,"Plans and sections of sea wall and bulkhead on the Charles River alongside Commonwealth Avenue. Contains handwritten text: No. 1276 Approved by Harbor and Land Comm. July 17, 1890 along with signatures.",See 1645-2207 for specifications.,,"Whitney, William H.",,1681-2330,800,1 in = 80 ft; Details: 1 in = 4 ft,42.35121194,-71.1071,Engineering Drawing,1,2,1,24.5 x 14.5,Blueprint,Edge damage. Creases.,,,,,,,,,,,,,,,,,,,,,,,,,,,,,,,,,,,,,,,,,,,,,,,,,,,,,,,,,,,,,,,,,,,,,,,,,,,,,,,,,,,,,,,,,,,,,,,,,,,,
Perkins_W54_1682,Brookline Gas Light Company,"Allston (Boston, MA)",Proposed Sea Wall and Platform enclosing flats to be filled by The Brookline Gas Light Co.,1890-05-01,Brookline Gas Light Co.,"Pratt, Isaac, Jr.; Jordon, E.D.;",Beacon Park; Cambridge Street; Charles River,"Site plan with inset of plan and section at 1"" = 4 ft. Area of proposed filling shown along with water depth and line of railroad pile platform. Contains handwritten text: No. 1278 Approved by Harbor and Land Comm. July 17, 1890 along with signatures.",See 1645-2207 for specifications. Area abuts the former Boston Trotting Park. ,,"Whitney, William H.",,1682-2331,,1 in = 30 ft; Details: 1 in = 4 ft,42.35583418,-71.131,Engineering Drawing,1,4,1,29.5 x 24,Blueprint,Edge damage. Substantial seam tear.,,,,,,,,,,,,,,,,,,,,,,,,,,,,,,,,,,,,,,,,,,,,,,,,,,,,,,,,,,,,,,,,,,,,,,,,,,,,,,,,,,,,,,,,,,,,,,,,,,,,
Perkins_W54_1683,Riverbank Improvement Company,"Boston, MA",[Specifications of labor to be performed in filling flats and marsh lands of the Riverbank Embankment Company from Commonwealth Avenue in the City of Boston],1890-08-20,Riverbank Improvement Company,,Commonwealth Avenue,"Specifications brochure containing 4 pages of handwritten specs for filling flats. Describes filling, surfacing and grading, streets, time, and engineer and estimates and bond.","See 1645.5-2208 for plan. The Riverbank Improvement Company developed land on the north side of Commonwealth and on Bay State Road. The owner, C.E. Heath, a neighbor of E. Francis, in 1890 applied for a license to build a sea wall and fill in flats. Charles Adams was an owner. ",,"Whitney, William H.",,1683-2332,800,Not applicable,42.35121194,-71.1071,Specifications,2,,1,16 x 13.5,Blueprint,Pages folded in half. Edge damage. Staple marks.,,,,,,,,,,,,,,,,,,,,,,,,,,,,,,,,,,,,,,,,,,,,,,,,,,,,,,,,,,,,,,,,,,,,,,,,,,,,,,,,,,,,,,,,,,,,,,,,,,,,
Perkins_W54_1684,,"Boston, MA",Plan of Land of Dr. Augustus Shurtleff,1890-08-28,"Shurtleff, Augustine","Dana, Charles B. and George N.; Hobart, F.A.; Nickerson, Albert, W.; White, Warren, et al., heirs (Whitney, Augustus A., Trustee);",Back Bay Park [The Fens]; Boylston Street; [Private Alley 906],Lot plan showing extent of Shurtleff property. Dashed lines indicate boundary of proposed extension of Boylston Street as well as foundries of creek and ditch.,Dr. Shurtleff was doctor in Boston and Brookline. https://www.findagrave.com/memorial/84199125/augustine-shurtleff,,"[Whitney, William H.]",,1684-2333,,1 in = 100 ft,42.34371961,-71.0956,Survey Plan,1,,1,10 x 9,Blueprint,,,,,,,,,,,,,,,,,,,,,,,,,,,,,,,,,,,,,,,,,,,,,,,,,,,,,,,,,,,,,,,,,,,,,,,,,,,,,,,,,,,,,,,,,,,,,,,,,,,,,
Perkins_W54_1685-1696,Riverbank Improvement Company,"Boston, MA",Studies for Developing the Land of the Riverbank Improvement Company in the City of Boston. No. 2 thru 13.,1890-09-01,Riverbank Improvement Company,Boston and Albany Railroad,Bay State Road; Beacon Street; Brookline Avenue; Commonwealth Avenue; Essex Street; St. Mary's Street; Charles River,"Set of 12 studies showing proposed street layouts (Study no. 1 is not included). Plans show street layout; some contain outlines of small lots or building footprint and display dimensions. Studies 12 and 13 show sf of lots and are numbered. All show street wastage calculations. Verso of Study 13 contains note: Plan adopted by R Co. Nov. 29, 1890.",,,"Whitney, William H.",,1685-2334/1696-2345,"585,798, 800",1 in = 150 ft,42.35121194,-71.1071,Survey Plan,12,,1,42 x14.5,Blueprint,"3 sheets, taped or seamed. Creases. Edge damage. Folds. Seam damage. Panel separation. Tear. Dimensions shown are for largest sheet extent.",,,,,,,,,,,,,,,,,,,,,,,,,,,,,,,,,,,,,,,,,,,,,,,,,,,,,,,,,,,,,,,,,,,,,,,,,,,,,,,,,,,,,,,,,,,,,,,,,,,,
Perkins_W54_1698,Alvin Adams Estate Plans,"Watertown, MA","Plan of House Lots at Fairlawn, Watertown belonging to Estate of Alvin Adams",1890-09-01,"Alvin Adams Estate, Trustees",Union Market Station; United States Arsenal Grounds; Watertown Fitchburg Railroad,Adams Avenue; Arsenal Street; Cedar Street; Franklin Street; Mount Auburn Street; Nichols Avenue; North Beacon Street; Prospect Street; Putnam Street; School Street; Spruce Street; adjacent streets,"Subdivision plan for house lots at Alvin Adams Fairlawn estate. Over 200 lots display dimensions and sf. Shows the subdivision in the context of south-central Watertown. Title information displayed in decorative type and contains note: Plan subject to change. Includes key plan of Watertown and indicator of distance to Boston City Hall. Printed by Heliotype Printing Co., Boston. ",See 1639-2201 for related brochure. Compare to layout on Stadley Atlas of 1898.,,"Whitney, William H.",Heliotype Printing Co.,1698-2346,,1 in = 100 ft,42.36850312,-71.1679,Survey Plan,1,,1,29 x 25.5,Brownline on vellum,Edge damage. Folds. Tear.,,,,,,,,,,,,,,,,,,,,,,,,,,,,,,,,,,,,,,,,,,,,,,,,,,,,,,,,,,,,,,,,,,,,,,,,,,,,,,,,,,,,,,,,,,,,,,,,,,,,
Perkins_W54_1699,Brookline Gas Light Company,"Allston (Boston, MA)",[Proposed Sea Wall and Platform enclosing flats to be filled by The Brookline Gas Light Co. - not legible] ,1890-09-18,Brookline Gas Light Co.,"Jordon, E.D.;",Beacon Park; Cambridge Street; Charles River,"Specifications brochure containing 10 pages of handwritten specs for building of sea wall and bulkhead plus 3 pages of plans and sections. Scope a wharf. Describes supplemental proposals, excavation, levee, foundation, masonry, ballast, time, payments, and engineer.","In spring of 1890, the Brookline Gas Light Company filed an application for a license to build a sea-wall and pile platform and to fill solid on Charles River.",,"Whitney, William H.",,1699-2347,,1 in = 100 ft; Details: 1 in = 4 ft,42.35583418,-71.131,Specifications,7,2,1,17 x 14,Blueprint,Pages folded in half. Edge damage. Staple marks.,,,,,,,,,,,,,,,,,,,,,,,,,,,,,,,,,,,,,,,,,,,,,,,,,,,,,,,,,,,,,,,,,,,,,,,,,,,,,,,,,,,,,,,,,,,,,,,,,,,,
Perkins_W55_1700,Riverbank Improvement Company,"Boston, MA",Studies for Developing the Land of the Riverbank Improvement Company in the City of Boston. No.14,1890-09-01,Riverbank Improvement Company,Boston and Albany Railroad,Bay State Road; Beacon Street; Brookline Avenue; Commonwealth Avenue; Essex Street; St. Mary's Street; Charles River,Study of proposed street layouts and lots; addition to 13 studies previously compiled. Plan shows sf of lots which are numbered. Shows street wastage calculations and contains note: S Areas are approximate.,,,"Whitney, William H.",,1700-2348,"585,798, 800",1 in = 150 ft,42.35121194,-71.1071,Survey Plan,1,3,1,35.5 x 14,Blueprint,"3 sheets, taped or seamed. Seam damage. Tears.",,,,,,,,,,,,,,,,,,,,,,,,,,,,,,,,,,,,,,,,,,,,,,,,,,,,,,,,,,,,,,,,,,,,,,,,,,,,,,,,,,,,,,,,,,,,,,,,,,,,
Perkins_W55_1701,West End Land Co.,"Boston, MA",Plan of Land of the Huntington Ave. and St. Botolph's St. Land Trust.,1890-10-25,Huntington Ave. and St. Botolph's St. Land Trust [Winslow Warran Trust],Old Colony Railroad [proposed lessees]; West End Street Railway,Gainsborough Street; Huntington Street; St. Botolph's Street; Old Town Way [Defunct],"Street layout showing three blocks, which display dimensions and sf. Two lots are separated by 16' wide passageway. Plan shows pale outlines of original lots.",,,"Whitney, William H.",,1701-2349,"D, 57, 684, 685",1 in = 50 ft,42.34098931,-71.0864,Survey Plan,1,2,1,20 x 15.5,Blueprint,,,,,,,,,,,,,,,,,,,,,,,,,,,,,,,,,,,,,,,,,,,,,,,,,,,,,,,,,,,,,,,,,,,,,,,,,,,,,,,,,,,,,,,,,,,,,,,,,,,,,
Perkins_W55_1702,Riverbank Improvement Company,"Boston, MA",[Untitled - Commonwealth Avenue between Essex St. and Bay State Road],1890-11-18,,Boston and Albany Railroad,Bay State Road; Beacon Street; Brookline Avenue; Commonwealth Avenue; Essex Street; Mountfort Street; St. Mary's Street; Charles River,Study of proposed street layouts and lots. Lots show approximate dimensions and SF. Covers extent of other Riverbank improvement plans with addition of blocks south of Commonwealth Avenue.,,,"Whitney, William H.",,1702-2350,"585,798, 800",1 in = 150 ft,42.35121194,-71.1071,Survey Plan,1,3,1,34.5 x 14,Blueprint,"3 sheets, taped or seamed. Crease.",,,,,,,,,,,,,,,,,,,,,,,,,,,,,,,,,,,,,,,,,,,,,,,,,,,,,,,,,,,,,,,,,,,,,,,,,,,,,,,,,,,,,,,,,,,,,,,,,,,,
Perkins_W55_1703,,"Boston, MA",[Untitled - Beacon Street and Mountfort Street],1890-11-18,,Boston and Albany Railroad,Arundel Street; Audubon Street [Park Drive]; Avon Street; Beacon Street; Ivy Street [Buswell Street]; Mountfort Street; St. Mary Street,"Street layout showing seven blocks of lots, some labelled with letters. Some lots show dimensions and sf. Includes 16-foot-wide private alley.",,,"Whitney, William H.",,1703-2351,740 - 784,1 in = 100 ft,42.34732955,-71.1055,Survey Plan,1,2,1,23.5 x 16.5,Blueprint,Edge damage.,,,,,,,,,,,,,,,,,,,,,,,,,,,,,,,,,,,,,,,,,,,,,,,,,,,,,,,,,,,,,,,,,,,,,,,,,,,,,,,,,,,,,,,,,,,,,,,,,,,,
Perkins_W55_1704,Francis Estate,"Boston, MA",Plan showing Excavations in Charles River Basin under the permit to C. H. Heath Tr. & Riverbank Improvement Company. Dated July 17 1890 by the Harbor and Land Commissioners of the Commonwealth of Massachusetts.,1891-01-08,"Adams (formerly); Francis, Ebenezer (formerly); Heath, C. E.; Riverbank Improvement Co. ",,Beacon Street; Brookline Bridge [Boston University Bridge]; Commonwealth Avenue; Charles River and peripheral streets.,"Layout of Francis estate/Heath land at harbor line along Charles River. Contains sections that are indicated by marks AAAA and BBBBB. Notation: Report of Inspection for Months of October, November, and December 1890. Dashed lines show depths of and where mud has been removed.",Relates to Charles River Embankment dredging project.,,"[Whitney, William H.]",,1704-2352,"585,798, 800",1 in = 2000 ft,42.35121194,-71.1071,Survey Plan,1,,1,27.5 x 19.5,Blueprint,"Multiple panels, seamed. Seam damage.",,,,,,,,,,,,,,,,,,,,,,,,,,,,,,,,,,,,,,,,,,,,,,,,,,,,,,,,,,,,,,,,,,,,,,,,,,,,,,,,,,,,,,,,,,,,,,,,,,,,
Perkins_W55_1705,Francis Estate,"Boston, MA","Plan showing Excavations in Charles River Basin under the permit to Francis Trs., dated Nov. 14 1889 by the Harbor and Land Commissioners of the Commonwealth of Massachusetts.",1891-01-09,"Francis, Ebenezer, heirs; Heath, C. E.",,Beacon Street; Brookline Bridge [Boston University Bridge]; Charlesgate Commonwealth Avenue; Harvard Bridge; Charles River and peripheral streets.,"Layout of Francis estate/Heath land at harbor line along Charles River. Contains sections that are indicated by marks AAAA and BBBBB. Notation: Report of Inspection for Months of June, July, August, November, and December 1890. Dashed lines show depths of and where mud has been removed. Lists quantity filled in cubic yards for the year 1890.",Relates to Charles River Embankment dredging project.,,"[Whitney, William H.]",,1705-2353,"585,798, 800",1 in = 2000 ft,42.35121194,-71.1071,Survey Plan,1,,1,35 x 21,Blueprint,"Multiple panels, seamed. Seam damage.",,,,,,,,,,,,,,,,,,,,,,,,,,,,,,,,,,,,,,,,,,,,,,,,,,,,,,,,,,,,,,,,,,,,,,,,,,,,,,,,,,,,,,,,,,,,,,,,,,,,
Perkins_W55_1706,,"Boston, MA",Copy of Plan at Harbor Commissioner's. L-19-8,1891-01-09,"Adams (formerly); Francis, Ebenezer (formerly); Heath, C. E.; Riverbank Improvement Co. ",,Commonwealth Avenue; Harvard Bridge;,"Tracing of plan showing Excavations of Charles River Embankment. Shows lot layout and Harvard Bridge measurements. Notation: To accompany license to Chas. H. Trustee and Riverbank Co. Jan. 9, 1890. Lists harbor signatories. ","Per 1890 Annual Report of Harbor and Land Commission, license granted in July 1890.",,"[Whitney, William H.]",,1706-2354,,1 in = 2000 ft,42.35121194,-71.1071,Survey Plan,1,,1,17 x 16,Pencil on trace,Edge damage.,,,,,,,,,,,,,,,,,,,,,,,,,,,,,,,,,,,,,,,,,,,,,,,,,,,,,,,,,,,,,,,,,,,,,,,,,,,,,,,,,,,,,,,,,,,,,,,,,,,,
Perkins_W55_1707,,"Boston, MA",Bay Back Fens,1890-05-06 (Copied 1891-02-04),,"Aspinwall Land Company; Boston Water Power Co.; Tappan, William J.",Back Bay Fens; Muddy River,"Lot layout showing two lots with dimensions and s/f. Muddy River shows lines of low tide and threads of eastern and western channels as surveyed in 1873. Back Bay Fens are indicated as ""formerly called Park"". Note on verso indicates that this was a copy done 02/04/1891.",Comparison of owners with 19th century urban atlases suggests that map was probably created in the 1880s. Tappan and Aspinwall co-owned parts of this area in the 1870s; they were prominent in Brookline and intermarried.,,"Whitney, William H.",,1707-2355,"29, 28, 30",1 in = 60 ft,42.34229237,-71.0991,Survey Plan,1,,1,16.5 x 14.5,Blueprint,Edge damage.,,,,,,,,,,,,,,,,,,,,,,,,,,,,,,,,,,,,,,,,,,,,,,,,,,,,,,,,,,,,,,,,,,,,,,,,,,,,,,,,,,,,,,,,,,,,,,,,,,,,
Perkins_W55_1708,MIT / Area 2,"Cambridge, MA",Plan of Land in Cambridge belonging to the Cambridge Field Company,1891-02-16,Cambridge Field Company,"Boston and Albany Railroad, Branch of; Ames, F.L.; Allen, W.E.; Barnard Trust; Dana, A.T.; Landerkin; Otis, Trustees; Woodman; Young",Albany Street; Auburn Street; Blanche Street; Brookline Street; Decatur Street; Erie Street; Franklin Street; Green Street; Hamilton Street; Harvard Bridge {Massachusetts Avenue Bridge]; Main Street; Pacific Street; Pilgrim Street; Sidney Street; Smart Street; State Street; Village Street [Defunct]; Windsor Street,"Subdivision plan showing street layout with four lots highlight, with sf. Shows dashed lines representing proposed street extensions.","1894 Bromley Atlas shows that the Cambridge Field Co. owned most of this area, which previously had belonged to Dana.",,"Whitney, William H.",,1708-2356,,1 in = 200 ft,42.36062282,-71.1002,Survey Plan,1,,1,16 x 12.5,Blueprint,,,,,,,,,,,,,,,,,,,,,,,,,,,,,,,,,,,,,,,,,,,,,,,,,,,,,,,,,,,,,,,,,,,,,,,,,,,,,,,,,,,,,,,,,,,,,,,,,,,,,
Perkins_W55_1709,,"Brookline, MA",[Untitled - Brookline Avenue at Aspinwall Avenue],1891-02-03,,"Boston Water Power Co.; Downer, Nancy M.; Hall, John R.; House of the Good Shepherd; ",Aspinwall Avenue; Brookline Avenue; Riverdale,"Plan showing rough layout of roads and lots and the Boston/Brookline border, including an ""old boundary line.""",,,"Whitney, William H.",,1709-2357,,1 in = 30 ft,42.33502924,-71.1118,Survey Plan,1,4,1,26 x 20.5,Blueprint,Edge damage. Tear.,,,,,,,,,,,,,,,,,,,,,,,,,,,,,,,,,,,,,,,,,,,,,,,,,,,,,,,,,,,,,,,,,,,,,,,,,,,,,,,,,,,,,,,,,,,,,,,,,,,,
Perkins_W55_1710,Ellis Estate,"Roxbury (Boston, MA)",[Untitled - Fulda Street Subdivision],1889-03-02,"Ellis, Maria M., estate of","Dennison Manufacturing Co.; McDonald, William; Ritchie [Formerly",Fulda Street,"Subdivision plan showing 3 lots labelled A-C. Show sf and dimensions. Note states: Line between Lots 6 and 7 shown on Fuller and Whitney plan dated Sept. 5, 1884.",Successor to broader subdivision layouts done before Fulda Street was laid out in 1889.,,"Whitney, William H.",,1710-2358,,1 in = 20 ft,42.3231539,-71.0924,Survey Plan,1,,1,13.5 x 12,Blueprint,,,,,,,,,,,,,,,,,,,,,,,,,,,,,,,,,,,,,,,,,,,,,,,,,,,,,,,,,,,,,,,,,,,,,,,,,,,,,,,,,,,,,,,,,,,,,,,,,,,,,
Perkins_W55_1711,West End Land Co.,"Boston, MA",[Untitled - Study of Beacon St. at Commonwealth - Study No. 9],1891-01-11,West End Land Company.,Boston and Albany Railroad; Brookline Branch Railroad,[Baystate Road]; Beacon Street; Brookline Avenue; Charles River Embankment; Commonwealth Avenue; [Deerfield Street]; Kenmore Street; West Newbury Street,Study showing subdivision layouts for three blocks of lots with proposed street at intersection of Beacon Street and Commonwealth. Lots are roughly dimensioned. Includes 16-foot-wide passageways. Includes street wastage calculations. Based on plan originally drawn 1889-09-06.,Proposed new street is now Blandford Mall.,,"Whitney, William H.",,1711-2359,"I, 752",1 in = 80 ft,42.34875867,-71.0981,Survey Plan,1,,1,25.5 x 16.5,Blueprint,"2 panels, seamed. Edge damage.",,,,,,,,,,,,,,,,,,,,,,,,,,,,,,,,,,,,,,,,,,,,,,,,,,,,,,,,,,,,,,,,,,,,,,,,,,,,,,,,,,,,,,,,,,,,,,,,,,,,
Perkins_W55_1712,,"Boston, MA",[Untitled - Mountfort Street],1891-06-03,"Wheatland, George, Jr.",Boston and Albany Railroad,Mountfort Street,"Subdivision plan showing 7 lots, numbered 55 through 67 (odd numbers only) with detailed footprints of townhouses, dimensions, sf, and wall boundaries; Backed by 15 ft. wide passageway. Note says ""Made from 1728; see calc 421-78; notes 14-8-14.",,,"Whitney, William H.",,1712-2360,787-788,1 in = 20 ft,42.34807785,-71.1038,Survey Plan,1,,1,15.5 x 11.5,Blueprint,Edge damage.,,,,,,,,,,,,,,,,,,,,,,,,,,,,,,,,,,,,,,,,,,,,,,,,,,,,,,,,,,,,,,,,,,,,,,,,,,,,,,,,,,,,,,,,,,,,,,,,,,,,
Perkins_W55_1713,,"Boston, MA",[Untitled - Boylston Street at West Chester Park],1891-06-12,,"Boston Iron Company, formerly; Braman, G.R.W.; Boston and Albany Railroad; Gregory, F.W., Trust; ""City Abutment""",Boylston Street; West Chester Park [Massachusetts Avenue],"Subdivision plan showing six lots, four of which display area and sf. Handwritten notes in red pencil.",,,"Whitney, William H.",,1713-2361,625,1 in = 20 ft,42.34745796,-71.0876,Survey Plan,1,,1,14 x 16.5,Blueprint,Edge damage.,,,,,,,,,,,,,,,,,,,,,,,,,,,,,,,,,,,,,,,,,,,,,,,,,,,,,,,,,,,,,,,,,,,,,,,,,,,,,,,,,,,,,,,,,,,,,,,,,,,,
Perkins_W55_1714,Huntington Street Lands,"Boston, MA",[Untitled - Huntington Ave./Westland Ave. - Plan No. 2],1891-0428,"Ellis, T., formerly; Mercantile Land Company; Moore, Dr. Ira L.; Moore & Tirrell, formerly; Porter, A.S.",,Batavia Street [Symphony Road]; Bryant Street [Forsyth Street]; Camden Street [Defunct]; Falmouth Street [Defunct]; Parker Street [Hemenway]; West Chester Park [Westland Avenue]; Westland Avenue,Street layout showing four lots with dimensions and sf and City of Boston Right of Way to the Fenway. Shows footprint of block of townhouses trees and water at Back Bay Fens.,Print is very faded; seems rotated version of other plans in set.,,"Whitney, William H.",,1714-2362,"D, 56, 57, 677, 680-684,",1 in = 60 ft,42.34170648,-71.0893,Survey Plan,1,,1,33.5 x 18,Brownline on trace,"2 panels, seamed. Edge damage. Creases. Tears.",,,,,,,,,,,,,,,,,,,,,,,,,,,,,,,,,,,,,,,,,,,,,,,,,,,,,,,,,,,,,,,,,,,,,,,,,,,,,,,,,,,,,,,,,,,,,,,,,,,,
Perkins_W55_1715,,"Boston, MA",[Untitled - Caledonia Street - Astor Street - Plan No. 1],1891-05-23,,"Moore, Ann, heirs; Healy, Carrie E.",Astor Street [Burbank Street]; Caledonia Street [Norway Street]; Parker Street [Hemenway Street]; West Chester Park [Massachusetts Avenue]; Westland Entrance to Park [Westland Avenue].,Subdivision plan showing three blocks of lots. Two lots are labelled A and B; others numbered 1 thru 20. Lots show dimensions and sf/ft. Notes reference plans 1740 and 1766.,,,"Whitney, William H.",,1715-2363,59-58,1 in = 60 ft,42.3455375,-71.0891,Survey Plan,1,,1,18 x 15.5,Brownline on trace,Buckling. Creases.,,,,,,,,,,,,,,,,,,,,,,,,,,,,,,,,,,,,,,,,,,,,,,,,,,,,,,,,,,,,,,,,,,,,,,,,,,,,,,,,,,,,,,,,,,,,,,,,,,,,
Perkins_W55_1716,West End Land Co.,"Boston, MA",[Untitled - Study of Beacon St. at Commonwealth - Study No. 10],1891-06-23,West End Land Company.,Boston and Albany Railroad; Brookline Branch Railroad,[Baystate Road]; Beacon Street; Brookline Avenue; Charles River Embankment; Commonwealth Avenue; [Deerfield Street]; Kenmore Street; West Newbury Street,Study showing subdivision layouts for two blocks of lots with proposed street at intersection of Beacon Street and Commonwealth. Lots are roughly dimensioned. Includes 50-foot-wide passageway. Includes street wastage calculations. Based on plan originally drawn 1889-09-06.,Proposed new street is now Blandford Mall.,,"Whitney, William H.",,1716-2364,"I, 752",1 in = 80 ft,42.34875867,-71.0981,Survey Plan,1,,1,25.5 x 16.5,Blueprint,"2 panels, seamed. Edge damage.",,,,,,,,,,,,,,,,,,,,,,,,,,,,,,,,,,,,,,,,,,,,,,,,,,,,,,,,,,,,,,,,,,,,,,,,,,,,,,,,,,,,,,,,,,,,,,,,,,,,
Perkins_W55_1717,West End Land Co.,"Boston, MA",[Untitled - Study of Beacon St. at Commonwealth - Study No. 11],1891-06-22,West End Land Company.,Boston and Albany Railroad; Brookline Branch Railroad,[Baystate Road]; Beacon Street; Brookline Avenue; Charles River Embankment; Commonwealth Avenue; [Deerfield Street]; Kenmore Street; West Newbury Street,Study showing subdivision layouts for three blocks of lots with proposed street at intersection of Beacon Street and Commonwealth. Lots are roughly dimensioned. Includes 50-foot-wide passageway. Includes street wastage calculations. Based on plan originally drawn 1889-09-06.,,,"Whitney, William H.",,1717-2365,"I, 752",1 in = 80 ft,42.34875867,-71.0981,Survey Plan,1,,1,26 x 16,Blueprint,"2 panels, seamed. Seam damage.",,,,,,,,,,,,,,,,,,,,,,,,,,,,,,,,,,,,,,,,,,,,,,,,,,,,,,,,,,,,,,,,,,,,,,,,,,,,,,,,,,,,,,,,,,,,,,,,,,,,
Perkins_W55_1718,Gray Estate,"Dorchester (Boston, MA)","Plan of Land in Gray Estate to be sold at Auction, July 7 at 3 O'Clock, P. M. on the Premises",1891-06-16,"Gray, Estate of; Cunningham","Cunningham, Jasper",Blue Hill Avenue; Dacia Street; Dalmatia Street [Woodcliffe Street]; Danube Street]; Dewey Street; Howard Avenue; Maywood Street,"Subdivision plan showing 3 blocks of lots, numbered 56 thru 96 and 20-ft-wide passageway. Lots display dimensions and areas. Includes lines of tracks along Blue Hill Avenue. Foster Morse is listed as auctioneer.","Per urban atlases, passageway was named Glenwood Street; now defunct. L. Foster Morse was a Boston businessman and active in city development, worked in real estate in the 1880s.",,"Whitney, William H.",,1718-2366,,1 in = 50 ft,42.31648,-71.0747,Auctioneer's Plan,1,,1,22 x 16,Brownline on vellum,Edge damage. Creases.,,,,,,,,,,,,,,,,,,,,,,,,,,,,,,,,,,,,,,,,,,,,,,,,,,,,,,,,,,,,,,,,,,,,,,,,,,,,,,,,,,,,,,,,,,,,,,,,,,,,
Perkins_W55_1719-1724,,"Boston, MA",[Untitled - Commonwealth Avenue between Essex St. and Bay State Road Studies. Plans A thru F],1891-01-01,,,Avon Street; Bay State Road; Beacon Street; Brookline Avenue; Commonwealth Avenue; Essex Street; St. Mary's Street; Charles River,"6 studies, labelled A thru F, for layout of streets, blocks, and passageways. Lots show approximate dimensions and SF. Includes calculations for waste in streets.",Production year date not explicit; inferred from proximity to similar plans.,,"Whitney, William H.",,1719-2367/1724-2367,"585, 798-801",1 in = 150 ft,42.35121194,-71.1071,Survey Plan,6,2,1,28.5 x 11,Blueprint,"Sheets vary in size; dimensions shown for largest, smallest is 14 x 7"". All but smallest are multiple panels, seamed. Variable condition. Edge damage.",,,,,,,,,,,,,,,,,,,,,,,,,,,,,,,,,,,,,,,,,,,,,,,,,,,,,,,,,,,,,,,,,,,,,,,,,,,,,,,,,,,,,,,,,,,,,,,,,,,,
Perkins_W56_1761-1763,,"Boston, MA",[Untitled - Commonwealth Avenue between Essex St. and Bay State Road Studies. Plans G thru I],1891-09-25,,"Boston and Albany Railroad; Boston & Roxbury Mill Corp.; Cousens, Horace",Avon Street; Bay State Road; Beacon Street; Brookline Avenue; Commonwealth Avenue; Essex Street; St. Mary's Street; Charles River,"3 studies, labelled G thru I, for layout of streets, blocks, and passageways. Lots show approximate dimensions and SF. Sheet G has some labels in red pencil. Vertical streets running between Charles River and Commonwealth Avenue are labelled A thru F. Sheet I shows vertical grade heights above ""city line.""",Production date is inferred from red pencil notation on Sheet I.,,"Whitney, William H.",,1761-2533/1763-2535,"585, 798-801",Horiz: 1 in = 150 ft; Vert: 1 in = 20 ft,42.35121194,-71.1071,Survey Plan,3,2,1,28 x 16.5,Blueprint,"Sheets vary in size; dimensions shown for largest, smallest is 27 x 12"". Variable condition. Edge damage. Creases. Tears.",,,,,,,,,,,,,,,,,,,,,,,,,,,,,,,,,,,,,,,,,,,,,,,,,,,,,,,,,,,,,,,,,,,,,,,,,,,,,,,,,,,,,,,,,,,,,,,,,,,,
Perkins_W56_1764,,"Watertown, MA",[Untitled - Mt. Auburn between Arlington and Prentiss Streets],1891-10-01,,"Coffin, Dorcas",Arlington Street; Mount Auburn Street; Prentiss Street,Subdivision plan showing lots numbered 1 thru 9. Lots show dimensions and sf. Streets show widths.,,,"Whitney, William H.",,1764-2536,,1 in = 50 ft,42.37240927,-71.1562,Survey Plan,1,,1,13.5 x 11.5,Blueprint,,,,,,,,,,,,,,,,,,,,,,,,,,,,,,,,,,,,,,,,,,,,,,,,,,,,,,,,,,,,,,,,,,,,,,,,,,,,,,,,,,,,,,,,,,,,,,,,,,,,,
Perkins_W56_1765,,"Boston, MA",[Untitled - Waldo and Whitman Streets],1891-10-17,,Boston Providence Railroad (Old Colony R.R. Lessee),Camden Street; Gainsborough Street; Waldo Street; Whitman Street; West Chester Park [Massachusetts Avenue],Lot plan showing lots No. 1 and 2 abutting railroad line and bordered by passageways.,"Per Bromley Atlases, during the 1890s, land owned by Old Colony Railroad.",,"Whitney, William H.",,1765-2537,615-617,1 in = 60 ft,42.34088906,-71.0842,Survey Plan,1,,1,15 x 7.5,Blueprint,Creases.,,,,,,,,,,,,,,,,,,,,,,,,,,,,,,,,,,,,,,,,,,,,,,,,,,,,,,,,,,,,,,,,,,,,,,,,,,,,,,,,,,,,,,,,,,,,,,,,,,,,
Perkins_W56_1766,,"Boston, MA",[Untitled - Caledonia Street - Astor Street - Plan No. 1],1891-10-10,,"Moore, Ann, heirs; Healy, Carrie E.",Astor Street [Burbank Street]; Caledonia Street [Norway Street]; Parker Street [Hemenway Street]; West Chester Park [Massachusetts Avenue]; Westland Entrance to Park [Westland Avenue].,Subdivision plan showing three blocks of lots. One block is labelled Block A and B; lots are numbered 1 thru 33; one labelled sold. Lots show dimensions and sf/ft. ,,,"Whitney, William H.",,1766-2538,59-58,1 in = 60 ft,42.3455375,-71.0891,Survey Plan,1,,1,18 x 16.5,Brownline on trace,Edge damage. Buckling. Lower right-hand corner torn off and taped to sheet.,,,,,,,,,,,,,,,,,,,,,,,,,,,,,,,,,,,,,,,,,,,,,,,,,,,,,,,,,,,,,,,,,,,,,,,,,,,,,,,,,,,,,,,,,,,,,,,,,,,,
Perkins_W56_1767,Huntington Street Lands,"Boston, MA",[Untitled - Parker Street/Westland Ave. - Plan No. 2],1891-10-24,"Ellis, T., formerly; Mercantile Land Company; Moore, Dr. Ira L.; Moore & Tirrell, formerly; Porter, A.S.",,Batavia Street [Symphony Road]; Bryant Street [Forsyth Street]; Camden Street [Defunct]; Falmouth Street [Defunct]; Fenway; Parker Street [Hemenway]; West Chester Park [Westland Avenue]; Westland Avenue,"Subdivision plan showing two sets of lots bordered by 10-foot-wide passageways. One lot labelled A. Other lots numbered 1 thru 106. Lots show dimensions and sf. One lot is right of way for City of Boston from Parker to Fenway. Red penciled notation on Parker Street says ""Hemenway.""",,,"Whitney, William H.",,1767-2539,"D, 44-48; 56-57",1 in = 60 ft,42.34170648,-71.0893,Survey Plan,1,,1,34 x 20,Brownline on trace,"2 panels, seamed. Edge damage. Buckling.",,,,,,,,,,,,,,,,,,,,,,,,,,,,,,,,,,,,,,,,,,,,,,,,,,,,,,,,,,,,,,,,,,,,,,,,,,,,,,,,,,,,,,,,,,,,,,,,,,,,
Perkins_W56_1768,,"Boston, MA",[Untitled - Commonwealth Avenue between Essex St. and Bay State Road Studies. Plan J],1891-10-10,,"Boston and Albany Railroad; Boston & Roxbury Mill Corp.; Cousens, Horace",Avon Street; Bay State Road; Beacon Street; Brookline Avenue; Commonwealth Avenue; Essex Street; St. Mary's Street; Charles River,"1 study, labelled J, for layout of streets, blocks, and passageways. Lots show approximate dimensions and SF. Sheet G has some labels in red pencil. Vertical streets running between Charles River and Commonwealth Avenue are labelled A thru F and have notations in red pencil showing prospective street names.",,,"Whitney, William H.",,1768-2540,"585, 798-801",1 in = 150 ft,42.35121194,-71.1071,Survey Plan,1,3,1,29 x 11 .5,Blueprint,,,,,,,,,,,,,,,,,,,,,,,,,,,,,,,,,,,,,,,,,,,,,,,,,,,,,,,,,,,,,,,,,,,,,,,,,,,,,,,,,,,,,,,,,,,,,,,,,,,,,
Perkins_W56_1769,Francis Estate,"Boston, MA",[Untitled - Cousins Dock Bulkhead Design],1891-12-10,,Cousins,Bay State Road; Chilmark Street [Defunct],"Plans, elevations, and details for construction and installation of a bulkhead at Cousens Dock. Details attachment of new construction at old wall. Includes dimensions, elevations, materials.","Horace Cousens had a coal dock at this location; in the early 1900s, it was involved in a debate regarding a potential dam construction. https://www.google.com/books/edition/Report_of_the_Committee_on_Charles_River/Ur0LAAAAYAA Previously, Cousens had petitioned to build a sea wall and flats at this location.",,"Whitney, William H.",,1769-2541,,Plan: 1 in = 30 ft; Details/Elevations: 1 in = 4 ft,42.35138561,-71.1083,Engineering Drawing,1,,1,28.5 x 21,Blueprint,"2 panels, seamed. Edge damage. Loss.",,,,,,,,,,,,,,,,,,,,,,,,,,,,,,,,,,,,,,,,,,,,,,,,,,,,,,,,,,,,,,,,,,,,,,,,,,,,,,,,,,,,,,,,,,,,,,,,,,,,
Perkins_W56_1770-1771,West End Land Co.,"Boston, MA",[Untitled - Study of Beacon St. at Commonwealth - Studies No. 12 and No. 13],1891-12-01,West End Land Company.,Boston and Albany Railroad; Brookline Branch Railroad,Blandford Street [Blandford Mall]; [Baystate Road]; Beacon Street; Brookline Avenue; Charles River Embankment; Commonwealth Avenue; Cummington Street [Cummington Mall]; [Deerfield Street]; Kenmore Street; West Newbury Street,Study showing subdivision layouts for three blocks of lots with proposed street at intersection of Beacon Street and Commonwealth. Lots are roughly dimensioned. Includes passageways. Includes street wastage calculations. Proposed new streets Blandford and Cummington Streets; Blandford is edged by labels A through E displaying SF percentages.,,,"Whitney, William H.",,1770-2542/1771-2543,"I, 752",1 in = 80 ft,42.34875867,-71.0981,Survey Plan,1,,1,26 x 16,Blueprint,"2 panels, seamed. Seam damage.",,,,,,,,,,,,,,,,,,,,,,,,,,,,,,,,,,,,,,,,,,,,,,,,,,,,,,,,,,,,,,,,,,,,,,,,,,,,,,,,,,,,,,,,,,,,,,,,,,,,
Perkins_W56_1772,Francis Estate,"Boston, MA","Plan showing Excavations in Charles River Basin under the permit to Francis Trs., dated Nov. 14 1889 by the Harbor and Land Commissioners of the Commonwealth of Massachusetts.",1892-01-11,"Francis, Ebenezer, heirs; Heath, C. E.",,Beacon Street; Brookline Bridge [Boston University Bridge]; Charlesgate Commonwealth Avenue; Harvard Bridge; Charles River and peripheral streets.,Layout of Francis estate/Heath land at harbor line along Charles River. Contains sections that are indicated by marks AAAA and BBBBB and grid of excavation points. Notation: Report of Inspection for Months of June [thru] December 1891. Dashed lines show depths of and where mud has been removed. Lists quantity filled in cubic yards for the year 1890.,Relates to Charles River Embankment dredging project.,,"[Whitney, William H.]",,1772-2544,"585,798, 800",1 in = 2000 ft,42.35121194,-71.1071,Survey Plan,1,,1,34.5 x 19.5,Blueprint,"Multiple panels, seamed. Edge damage. Discoloration. Tears.",,,,,,,,,,,,,,,,,,,,,,,,,,,,,,,,,,,,,,,,,,,,,,,,,,,,,,,,,,,,,,,,,,,,,,,,,,,,,,,,,,,,,,,,,,,,,,,,,,,,
Perkins_W56_1773,Francis Estate,"Boston, MA","Plan showing Excavations in Charles River Basin under the permit to C. E. Heath Tr. & Riverbank Improvement Co.., dated July 17 1890 by the Harbor and Land Commissioners of the Commonwealth of Massachusetts.",1892-01-11,"Francis, Ebenezer, heirs; Heath, C. E.; Adams, formerly.",,Beacon Street; Brookline Bridge [Boston University Bridge]; Commonwealth Avenue; Charles River and peripheral streets.,"Layout of Francis estate/Heath land at harbor line along Charles River. Contains sections that are indicated by marks AAAA and BBBBB and grid of excavation points. Notation: Report of Inspection for Months of July, August and October1891. Dashed lines show depths of and where mud has been removed. Lists quantity filled in cubic yards.",Relates to Charles River Embankment dredging project.,,"[Whitney, William H.]",,1773-2545,"585,798, 800",1 in = 2000 ft,42.35121194,-71.1071,Survey Plan,1,,1,29 x 20,Blueprint,"Multiple panels, seamed. Seam damage.",,,,,,,,,,,,,,,,,,,,,,,,,,,,,,,,,,,,,,,,,,,,,,,,,,,,,,,,,,,,,,,,,,,,,,,,,,,,,,,,,,,,,,,,,,,,,,,,,,,,
Perkins_W56_1774,,Texas,Map of the Pan American R.R. and its connections.,Not identified,,,"State of Texas, USA","Map of the State of Texas showing the railroad network with lines highlighted. Some lines contain additional dots for railway station locations and 4 lines are colored in red. Displays major features, county lines, towns, and bordering states/territories as well as Medico and the Gulf of Mexico. Decorative title. No scale or date. Verso shows stamp: Adams, B. P. Paper","The Pan American R.R. was started c. 1891 by a group of Boston investors who sought to build a railroad line from Victoria Texas to Rio de Janeiro, Brazil but ran out of money. Compare map to Cram's 1890s railroad maps.",,None provided,,1774-2546,,"1:2,150,000",31.72374324,-99.5113,Map,1,,1,16.5 x 19.5,Blueprint,"2 panels, seamed. Edge damage. Loss.",,,,,,,,,,,,,,,,,,,,,,,,,,,,,,,,,,,,,,,,,,,,,,,,,,,,,,,,,,,,,,,,,,,,,,,,,,,,,,,,,,,,,,,,,,,,,,,,,,,,
Perkins_W56_1775,,"Lynn, MA",[Untitled - Ocean Street Property],1892-03-03,"Allen, F.D.; Robbins, Royal E.","Appleton, Nathan; Prescott, W.H.; Reed, B.R.",Ocean Street; Red Rock Street; Atlantic Ocean,"Plot plan of 162,418 sf lot with footprints of three buildings, located between street and beach and flats. Displays plot dimensions and boundary markings.",The plan was filed in the Southern Essex Registry.,Southern Essex Plan Bk/Pg 1350/600,"Whitney, William H.",,1775-2547,,1 in = 50 ft,42.46398277,-70.9286,Survey Plan,1,,1,13 X 23,Blueprint,,,,,,,,,,,,,,,,,,,,,,,,,,,,,,,,,,,,,,,,,,,,,,,,,,,,,,,,,,,,,,,,,,,,,,,,,,,,,,,,,,,,,,,,,,,,,,,,,,,,,
Perkins_W56_1776,Gray Estate,"Dorchester (Boston, MA)","Plan of Land in Gray Estate to be sold at Auction, April 12, 1892 at 3 O'clock, P. M. on the Premises",1892-03-31,"Gray, Estate of",,Blue Hill Avenue; Brookford Street; Danube Street; Dewey Street; Hartford Street; Howard Avenue; Maywood Street; Sargent Street,"Subdivision plan showing 2 blocks of lots, numbered 1 thru 23y. Lots display dimensions and areas. One lot shown as sold. Several adjacent lots show footprints of houses. L. Foster Morse is listed as auctioneer.","Per urban atlases, passageway was named Glenwood Street; now defunct. L. Foster Morse was a Boston businessman and active in city development, worked in real estate in the 1880s.",,"Whitney, William H.",,1776-2548,,1 in = 50 ft,42.31648,-71.0747,Auctioneer's Plan,1,2,1,22 x 16,Brownline on vellum,Edge damage. Seam damage.,,,,,,,,,,,,,,,,,,,,,,,,,,,,,,,,,,,,,,,,,,,,,,,,,,,,,,,,,,,,,,,,,,,,,,,,,,,,,,,,,,,,,,,,,,,,,,,,,,,,
Perkins_W56_1777,,"Boston, MA",[Untitled - Mount Vernon and Pinckney Streets],(1892-08-18),,,Louisburg Square; Mount Vernon Street; Pinckney Street; Walnut Street; Willow Street,"Subdivision plan showing layout of lots along with cul-de-sac and building footprints and street numbers. Titled ""Exhibit M."" Verso features stamp: Aug 16 filed.",,,"Whitney, William H.",,1777-2549,,1 in = 40 ft,42.35861702,-71.0669,Survey Plan,1,,1,23.5 x 10.5,Blueprint,Buckling.,,,,,,,,,,,,,,,,,,,,,,,,,,,,,,,,,,,,,,,,,,,,,,,,,,,,,,,,,,,,,,,,,,,,,,,,,,,,,,,,,,,,,,,,,,,,,,,,,,,,
Perkins_W56_1778,Francis Estate,"Boston, MA",[Untitled - Boston and Albany Railroad at Charles Embankment],1892-06-25,,Beacon Trotting Park; Boston & Albany Railroad; Commonwealth Avenue; Essex Street,Charles River,"Plan showing path of railroad alongside river. Shows building footprints, boundaries of creek, and low water line (surveyed as of 1887). Lists sf of adjacent lot. Note indicated made from R-1367. Red pencil notation relating to R.R. letter of 01/21/1895.",The Beacon Trotting Park was a premier sulky racing track. It was sold in the 1890s to the Boston & Albany Railroad.,,"Whitney, William H.",,1778-2550,,1 in = 80 ft,42.35210002,-71.1156,Survey Plan,1,,1,40 x 13,Blueprint,"2 panels, seamed. Buckling.",,,,,,,,,,,,,,,,,,,,,,,,,,,,,,,,,,,,,,,,,,,,,,,,,,,,,,,,,,,,,,,,,,,,,,,,,,,,,,,,,,,,,,,,,,,,,,,,,,,,
Perkins_W56_1779,Francis Estate,"Allston (Boston, MA)",[Untitled - Boston and Albany Railroad at Charles Embankment - Cambridge Street],1892-07-02,,"Boston & Albany Railroad; Brookline Gaslight Co.; Francis, Ebenezer, estate of;",Cambridge Street; North Harvard Street; Charles River Embankment,"Lot plan showing 2,752.255 sf lot alongside two smaller parcels annotated as being shown on 1892 maps. Includes harbor lines, fences, and other boundaries. Notations indicate surveyed in 1888 and references other plans and sources.",,,"Whitney, William H.",,1779-2551,,1 in = 80 ft,42.35522066,-71.1234,Survey Plan,1,,1,39.5 x 27,Blueprint,"4 panels, seamed. Folds.",,,,,,,,,,,,,,,,,,,,,,,,,,,,,,,,,,,,,,,,,,,,,,,,,,,,,,,,,,,,,,,,,,,,,,,,,,,,,,,,,,,,,,,,,,,,,,,,,,,,
Perkins_W56_1780,Francis Estate,"Boston, MA","Plan showing Excavations in Charles River Basin under the permit to Francis Trs., dated Nov. 14 1889 by the Harbor and Land Commissioners of the Commonwealth of Massachusetts.",1892-08-01,"Francis, Ebenezer, heirs; Heath, C. E.; Adams, formerly.",,Beacon Street; Brookline Bridge [Boston University Bridge]; Commonwealth Avenue; Grand Junction Railroad Bridge; Harvard Bridge [Massachusetts Avenue Bridge]; ; Charles River and peripheral streets.,"Layout of Francis estate/Heath land at harbor line along Charles River. Contains grid of excavation points. Notation: Final report of dredging to July 1, 1892. Indicates the dredging ceased in January, 1892. Contains red penciled outlines sketched on grid as well as note.",Relates to Charles River Embankment dredging project.,,"[Whitney, William H.]",,1780-2552,"585,798, 800",1 in = 2000 ft,42.35121194,-71.1071,Survey Plan,1,,1,35 x 18.5,Blueprint,"Multiple panels, seamed. Tears at seams. Edge mildly ripped.",,,,,,,,,,,,,,,,,,,,,,,,,,,,,,,,,,,,,,,,,,,,,,,,,,,,,,,,,,,,,,,,,,,,,,,,,,,,,,,,,,,,,,,,,,,,,,,,,,,,
Perkins_W56_1780.5,MIT / Area 2,"Cambridge, MA",[Untitled - Pacific and Main Streets],1892-08-10,,"Boston and Albany Railroad, Branch of; ",Auburn Street; Blanche Street; Franklin Street; Goff Street [Purrington Street]; Harvard Bridge {Massachusetts Avenue Bridge]; Landsdowne Street; [Main Street]; Osborn Street; Pacific Street; Sidney Street; Smart Street; Village Street [Defunct]; Winsor Street,"Subdivision plan showing Lots No. 1 thru No 235 spread over 8 blocks plus 3 large lots labelled I, J, K. Shows sf and dimensions. One lot contains note: Conveyed according to red figures.",,,"Whitney, William H.",,1780.5-2553,,1 in = 60 ft,42.36062282,-71.1002,Survey Plan,1,4,1,32 x 23,Blueprint,Edge damage. Creases. Discoloration. Tears. Upper left corner torn off.,,,,,,,,,,,,,,,,,,,,,,,,,,,,,,,,,,,,,,,,,,,,,,,,,,,,,,,,,,,,,,,,,,,,,,,,,,,,,,,,,,,,,,,,,,,,,,,,,,,,
Perkins_W57_1794,,"Allston (Boston, MA)","[Untitled - Specifications for Gardner Street, Brighton]",1892-08-16,,"Dexter Estate; Francis, Ebenezer, estate of",Gardner Street; Malvern Street,"Specifications brochure containing 6 pages of handwritten specs for labor and materials for grading and finishing street extension. Describes materials, tasks, time, payments, and engineer. Includes within text outline in cross section (scale: 1"" = 8 feet.","Prior to the 1890s, the east end of Gardner Street ended at Marlvern.",,"Whitney, William H.",,1794-2625,,Not applicable,42.35345626,-71.126,Specifications,3,,1,15 x 14,Blueprint,Pages folded in half. Edge damage. Discoloration. Tears. Staple marks.,,,,,,,,,,,,,,,,,,,,,,,,,,,,,,,,,,,,,,,,,,,,,,,,,,,,,,,,,,,,,,,,,,,,,,,,,,,,,,,,,,,,,,,,,,,,,,,,,,,,
Perkins_W57_1795,Fussell Farm,"Jamaica Plain (Boston, MA)",[Untitled - Fussell Farm],1892-09-06,,,Atwood Avenue [Evergreen Street]; Day Street,"Lot or subdivision plan showing various lots with building footprints. Shows outline of driveway or road. One lot is labelled ""20 ft. strip added to Court."" Shows outline of road with notation: Proposed St. To Riverdale Parkway.",May be related to Fussell Farm plans. Outlined road may have become Bynner Street.,,"Whitney, William H.",,1795-2626,,1 in = 40 ft,42.32211837,-71.1099,Survey Plan,1,,1,29.5 x 12.5,Blueprint,"Multiple panels, seamed.",,,,,,,,,,,,,,,,,,,,,,,,,,,,,,,,,,,,,,,,,,,,,,,,,,,,,,,,,,,,,,,,,,,,,,,,,,,,,,,,,,,,,,,,,,,,,,,,,,,,
Perkins_W57_1796,Fussell Farm,"Jamaica Plain (Boston, MA)",[Untitled - Proposed Street to Riverdale Parkway],1892-09-17,,"Ebergard; Marle, A.F.G.; Noone Michael; Wagner, Mary A.",Atwood Avenue [Evergreen Street]; Day Street,"Lot or subdivision plan showing various lots with building footprints. Shows outline of driveway or road. One lot is labelled ""20 ft. strip added to Court."" Shows outline of road with notation in red ink: Proposed St. To Riverdale Parkway.",May be related to Fussell Farm plans. Outlined road may have become Bynner Street.,,"Whitney, William H.",,1796-2627,,1 in = 40 ft,42.32211837,-71.1099,Survey Plan,1,,1,26.5 x 13,Brownline on vellum,"Multiple panels, seamed.",,,,,,,,,,,,,,,,,,,,,,,,,,,,,,,,,,,,,,,,,,,,,,,,,,,,,,,,,,,,,,,,,,,,,,,,,,,,,,,,,,,,,,,,,,,,,,,,,,,,
Perkins_W57_1797,,"Boston, MA",Bay Back Fens,1892-10-31,,"Aspinwall Land Company; Boston Water Power Co.; Robinson, T., et al, trustees; Tappan, William J.",Back Bay Fens; Muddy River,"Lot layout showing three lots, designated as ""Flats"" as well as lots belonging to Aspinwall and Tappen, designated as ""marsh,"" all with dimensions and s/f. Displays lines for edge of marsh and old ditch. Red pencil note says see 568-75. Note on verso refers to historical note regarding Colony Ordinances of 1641-47, Mass. Reports Vol. 157 pg. 24.","Comparison of owners with 19th century urban atlases suggests that map was probably created in the 1880s. Tappan and Aspinwall co-owned parts of this area in the 1870s; they were prominent in Brookline and intermarried. Based on verso note, may have been involved in a case, Tappan vs. Water Power Co., which addressed the boundaries of streams [Massachusetts Reports Vol. 157, https://www.google.com/books/edition/Massachusetts_Reports/EhEQAAAAYAAJ]",,"Whitney, William H.",,1797-2628,"29, 28, 30",1 in = 60 ft,42.34229237,-71.0991,Survey Plan,1,,1,20 x 13.5,Blueprint,"Multiple panels, seamed.",,,,,,,,,,,,,,,,,,,,,,,,,,,,,,,,,,,,,,,,,,,,,,,,,,,,,,,,,,,,,,,,,,,,,,,,,,,,,,,,,,,,,,,,,,,,,,,,,,,,
Perkins_W57_1798,Bay State Road,"Boston, MA",[Untitled - Commonwealth Avenue - Beacon Entrance],1892-01-25,Boston & Roxbury Mill Corporation,Boston & Albany Railroad,Bay State Road; Back Street; Beacon Street; Commonwealth Avenue; [Deerfield Road]; Hereford Street; Kenmore Street; Raleigh Street; West Charlesgate; East Charlesgate; West Chester Street [Massachusetts Avenue]; Charles River,"Subdivision plan/presentation drawing showing 5 blocks containing lots, some of which indicate ""Sold"" others show sf. Select blocks labelled A B, C, E, H. Plan is described as a ""sketch"" on verso, which is extract from the Boston & Roxbury Mill's Annual Meeting report, which includes financial summary containing table of sf for each block with $ values as well as other assets. Displays stamp indicating: Dividend check of $4.50 enclosed.",Part of a series of plans for the Back Bay area that is now Baystate Road at Deerfield.,,"Whitney, William H.",,1798-2629,"584, 585",Scale not given,42.35012945,-71.0977,Survey Plan,1,,2,17.5 x 11,Lithograph,,,,,,,,,,,,,,,,,,,,,,,,,,,,,,,,,,,,,,,,,,,,,,,,,,,,,,,,,,,,,,,,,,,,,,,,,,,,,,,,,,,,,,,,,,,,,,,,,,,,,
Perkins_W57_1799,West Chester Park at Commonwealth and Newbury,"Boston, MA",[Untitled - Newbury Street at West Chester Park],1892-12-09,"Whitney, William H.","Boston and Albany Railroad; City of Boston; Whitwell, Henry",Newbury Street; West Chester Park [Massachusetts Avenue],Subdivision plan showing lots numbered 1 -11 divided by a passageway. Lots show sf and dimensions.,,,[Fuller & Whitney],,1799-2630,41,1 in = 20 ft,42.34810553,-71.0884,Survey Plan ,1,,1,12.5 x 14.5,Blueprint,"Multiple panels, seamed",,,,,,,,,,,,,,,,,,,,,,,,,,,,,,,,,,,,,,,,,,,,,,,,,,,,,,,,,,,,,,,,,,,,,,,,,,,,,,,,,,,,,,,,,,,,,,,,,,,,
Perkins_W57_1800,,"Boston, MA",[Fenway at Parker Street],1893-02-14,Fenway Land Company,,Fenway: Parker Street [Hemenway]; Back Bay Fens [Forsyth Way],"Lot plan showing 1 triangular lot with sf and dimensions. Title block indicates ""made from Plan 1680"" and copied Mar. 27, 1893.",,,"Whitney, William H.",,1800-2631,48?,1 in = 40 ft,42.3401,-71.0915,Survey Plan,1,,1,9 x 13,Blueprint,,,,,,,,,,,,,,,,,,,,,,,,,,,,,,,,,,,,,,,,,,,,,,,,,,,,,,,,,,,,,,,,,,,,,,,,,,,,,,,,,,,,,,,,,,,,,,,,,,,,,
Perkins_W57_1804,Francis Estate,"Boston, MA",[Untitled - Bulkhead and Wharf Design - Cambridge Street],1893-04-03,,Boston & Albany Railroad; Colby Estate,Cambridge Street; Charles River; Bridge [River Street],"Plans, elevations, and details for construction and installation of a bulkhead of new wharf and old wall. Includes lot plan; key plan; detail plan of pilings, and sections. Details attachment of new construction at old wall. Includes dimensions, elevations, materials, and water lines.","Per Urban atlases, land had been owned by Isaac Pratt, may have been sold to Brookline Gas Co. [see other plans]",,"Whitney, William H.",,1804-2635,,Plans: 1 in = 8 ft; 1 in = 50 ft; 1 in = 100 ft; Sections: 1 in = 4 ft,42.36118053,-71.1175,Engineering Drawing,2,,1,9.5 x 15,Blueprint,,,,,,,,,,,,,,,,,,,,,,,,,,,,,,,,,,,,,,,,,,,,,,,,,,,,,,,,,,,,,,,,,,,,,,,,,,,,,,,,,,,,,,,,,,,,,,,,,,,,,
Perkins_W57_1805,Gray Estate,"Dorchester (Boston, MA)",[Untitled - Brookford and Danube Streets],1893-04-13,"Gray, Estate of",,Brookford Street; Danube Street,"Subdivision plan showing 1 block of lots, numbered A thru D. Lots display dimensions and areas. Adjacent lot labelled ""Lot 3 on W.H. Whitney plan dated March 3, 1982..""Red penciled notations for date and ""tracing made from plan #1790""",,,"Whitney, William H.",,1805-2636,,1 in = 20 ft,42.31648,-71.0747,Survey Plan,1,,1,16 x 14,Blueprint,Edge damage.,,,,,,,,,,,,,,,,,,,,,,,,,,,,,,,,,,,,,,,,,,,,,,,,,,,,,,,,,,,,,,,,,,,,,,,,,,,,,,,,,,,,,,,,,,,,,,,,,,,,
Perkins_W57_1806,,"Dorchester (Boston, MA)",[Untitled - Dorchester Ave. at Locust Street],1893-04-18,,"Hersey, now or formerly; Reardon, Edward",Dorchester Avenue; Locust Avenue,Lot plan showing No. 802 Dorchester (non-existent) with wall types and iron bolts indicated.,Street address does not exist and doesn't appear on old urban atlases.,,"Whitney, William H.",,1806-2637,,1 in = 8 ft,42.32347441,-71.0567,Survey Plan,1,,1,11 x 14,Blueprint,,,,,,,,,,,,,,,,,,,,,,,,,,,,,,,,,,,,,,,,,,,,,,,,,,,,,,,,,,,,,,,,,,,,,,,,,,,,,,,,,,,,,,,,,,,,,,,,,,,,,
Perkins_W57_1807,Bay State Road,"Boston, MA",[Untitled - Baystate Road at Raleigh Street],1893-05-17,Boston & Roxbury Mill Corporation,,"Bay State Road; Raleigh Street; ""30 Ft. Street"" [Back Street]","Subdivision plan showing 3 lots labelled A, B, C with sf area and dimensions. Abutting lot labelled ""Lot 21 on plan dated Jan. 6, 1890:",,,"Whitney, William H.",,1807-2638,585,1 in = 30 ft,42.35012945,-71.0977,Survey Plan,1,,1,11 x 14,Blueprint,,,,,,,,,,,,,,,,,,,,,,,,,,,,,,,,,,,,,,,,,,,,,,,,,,,,,,,,,,,,,,,,,,,,,,,,,,,,,,,,,,,,,,,,,,,,,,,,,,,,,
Perkins_W57_1808,,"East Boston (Boston, MA)","[Untitled - Lexington Street, Boston]",1893-05-19,,"Blanchard, Mary E; French, Susan S.; Hayden, William E.; Kell, Mary, heirs; Reid, Elizabeth",Lexington Avenue; Putnam Street; Prescott Street,"Lot plan showing single lot with dimensions and 7,500 sf. Specifics location of fences at property lines. Note indicates ""Lot No. 125 Eddy's Plan Rec. Suffolk Registry Lib. 401-end.""","Lot comprises current street addresses 205-2013. Per 1892 Bromley Atlas, belonged to Reza Lincoln.",,"Whitney, William H.",,1808-2639,,1 in = 10 ft,42.37957915,-71.0323,Survey Plan,1,,1,17.5 x 16,Blueprint,,,,,,,,,,,,,,,,,,,,,,,,,,,,,,,,,,,,,,,,,,,,,,,,,,,,,,,,,,,,,,,,,,,,,,,,,,,,,,,,,,,,,,,,,,,,,,,,,,,,,
Perkins_W57_1809,,"Dorchester (Boston, MA)",[Untitled - Holbrook and Neponset Avenues],1894-02-13,,"Coffin; Hammond; Hildreth, Ruth, heirs; Holbrook, Nathan; Minot, Rachel, estate of; Munier, Mary F.; Newhall, A. & M.A.; Sumner, Mary W.; Tolman, Joseph; Old Colony Railroad",Holbrook Avenue; Neponset Avenue; Norwood Street; Pine Neck Creek; Tolman Street,"Lot plan showing three lots with sf area and dimensions plus abutting lots. Displays building footprints and right of way as well as ""passageway to college marsh"". Date and an indecipherable note shown in red pencil.",,,"Whitney, William H.",,1809-2640,,1 in = 50 ft,42.2869956,-71.0445,Survey Plan,1,,2,33 x 16.5,Blueprint,"3 panels, seamed. Edge damage. Buckling.",,,,,,,,,,,,,,,,,,,,,,,,,,,,,,,,,,,,,,,,,,,,,,,,,,,,,,,,,,,,,,,,,,,,,,,,,,,,,,,,,,,,,,,,,,,,,,,,,,,,
Perkins_W57_1810-1811,,"Boston, MA",[Music Hall Boston],Not identified,,,Hamilton Place,"Two architectural plans of auditorium layouts showing seating (numbered), aisles (lettered), and stages. Second sheet says: Copy with additions of a plan represented to be a plan of Music Hall Boston.","Now the Orpheum Theatre, the Boston Music Hall was a precursor to Symphony Hall. ",,"[Whitney, William H.]",,1810-2641/1811-2642,,1 in = 6 ft,42.35626324,-71.061,Architectural Drawing,2,,1,27 X 14.5,Blueprint,"2 panels each, seamed. Edge damage. Discoloration.",,,,,,,,,,,,,,,,,,,,,,,,,,,,,,,,,,,,,,,,,,,,,,,,,,,,,,,,,,,,,,,,,,,,,,,,,,,,,,,,,,,,,,,,,,,,,,,,,,,,
Perkins_W57_1812,Bay State Road,"Boston, MA",[Untitled - Commonwealth Avenue - Beacon Entrance],1893-11-11,,Boston & Albany Railroad,Bay State Road; Back Street; Beacon Street; Commonwealth Avenue; Deerfield Road; Kenmore Street; Raleigh Street; West Charlesgate; Charles River,"Subdivision plan/presentation drawing showing layout of streets with dimensions. Dashed line at Deerfield Street indicates ""taken by city."" Lighter lines show proposed new streets versus existing. Contains penciled red and lead dimensions and notes indicating references to other plans. Note on verso indicates approved by Harbor and Land Commission, November 14, 1893, accompanied by three signatures. ",Part of a series of plans for the Back Bay area that is now Baystate Road at Deerfield.,,"Whitney, William H.",,1812-2643,585,1 in = 100 ft,42.35012945,-71.0977,Survey Plan,1,,1,22 X 13,Blueprint,2 panels seamed. Seam damage.,,,,,,,,,,,,,,,,,,,,,,,,,,,,,,,,,,,,,,,,,,,,,,,,,,,,,,,,,,,,,,,,,,,,,,,,,,,,,,,,,,,,,,,,,,,,,,,,,,,,
Perkins_W57_1813,Bay State Road,"Boston, MA",[Untitled - 636 Beacon Street at Raleigh Street],1893-11-29,,,Bay State Road; Public Alley 902; Raleigh Street,"Lot plan showing 7,750 sf plot abutted by two new passageways. Penciled notes on verso indicate 4 blue copies for Mr. Geiger, Dec 4 1895.",Albert Geiger built the Belvoir Hotel at this location (636 Beacon Street).,,"Whitney, William H.",,1813-2644,585,1 in = 30 ft,42.35012945,-71.0977,Survey Plan,1,,1,8.5 x 15,Blueprint,,,,,,,,,,,,,,,,,,,,,,,,,,,,,,,,,,,,,,,,,,,,,,,,,,,,,,,,,,,,,,,,,,,,,,,,,,,,,,,,,,,,,,,,,,,,,,,,,,,,,
Perkins_W57_1814,Bay State Road,"Boston, MA",[Untitled - Baystate Road at Deerfield],1893-12-28,"Adams, Charles F. and J. Q.",,Bay State Road; Back Street; Beacon Street; Commonwealth Avenue; Deerfield Road; Kenmore Street; Raleigh Street;West Charlesgate; West Newbury Street; Charles River,Subdivision plan showing lots spread over 5 blocks labelled A through E with square footages for each blook. Blocks A and B display 7 lots labelled as sold. Notes reference calc. 470-88. Red penciled notations (illegible).,,,"Whitney, William H.",,1814-2645,585,1 in = 100 ft,42.34993313,-71.0953,Survey Plan,1,,1,16 x 14,Blueprint,Edge damage. Loss.,,,,,,,,,,,,,,,,,,,,,,,,,,,,,,,,,,,,,,,,,,,,,,,,,,,,,,,,,,,,,,,,,,,,,,,,,,,,,,,,,,,,,,,,,,,,,,,,,,,,
Perkins_W57_1815,,"Boston, MA",[Untitled - Gainsborough St. and Huntington Avenue],1894-01-15,"Moore, Ira L.","Edwards, James.; Nason",Gainsborough Street; Huntington Street; [Private Alley 817],"Lot plan showing 19,254 sf lot with dimensions and 10 foot wide passageway in rear.",,,"Whitney, William H.",,1815-2646,57,1 in = 30 ft,42.34110551,-71.0878,Survey Plan,1,2,1,25 x 16,Blueprint,Edge damage.,,,,,,,,,,,,,,,,,,,,,,,,,,,,,,,,,,,,,,,,,,,,,,,,,,,,,,,,,,,,,,,,,,,,,,,,,,,,,,,,,,,,,,,,,,,,,,,,,,,,
Perkins_W58_1801,Brookline Gas Light Company,"Allston (Boston, MA)",[Specifications of Labor to be performed for two wharves for Brookline Gas Light Co. - Copy No. 1],1889-03-20,Brookline Gas Light Co.,Boston & Albany Railroad,Cambridge Street; Charles River,"First of 2 versions of a Specifications brochure for building a new wharf for Brookline Gas Light Company. Contains containing 6 pages of handwritten specs, details, and plans. Contains general plan of location; section of new wharf and old wall, and detailed plan of flooring. Specifies time, payments, and engineer. Verso indicates ""Copy No. 1""; verso page 2 contains affixed note on Whitney letterhead with bid instructions as well as handwritten table of data about piles.","In spring of 1890, the Brookline Gas Light Company filed an application for a license to build a sea-wall and pile platform and to fill solid on Charles River.",,"Whitney, William H.",,1801,,1 in = 100 ft; Details: 1 in = 4 ft,42.36031352,-71.1179,Specifications,3,,1,16.5 x 14,Blueprint,"Sheets folded in half, 2 pages per leaf. Edge damage. Staple marks.",,,,,,,,,,,,,,,,,,,,,,,,,,,,,,,,,,,,,,,,,,,,,,,,,,,,,,,,,,,,,,,,,,,,,,,,,,,,,,,,,,,,,,,,,,,,,,,,,,,,
Perkins_W58_1802,Brookline Gas Light Company,"Allston (Boston, MA)",[Specifications of Labor to be performed for two wharves for Brookline Gas Light Co. - Copy No. 3],1889-03-29,Brookline Gas Light Co.,Boston & Albany Railroad,Cambridge Street; Charles River,"Second of 2 versions of a Specifications brochure for building a new wharf for Brookline Gas Light Company. Contains containing 7 pages of handwritten specs, details, and plans. Contains general plan of location; section of new wharf and old wall, bulkhead, trench and berth and detailed plan of flooring with piling. Specifies time, payments, and engineer. 1 page is Appendix 1 that indicates the construction is for James Jourdan of Brooklyn, N.Y. Verso indicates ""Copy No. 3""; verso page 2 contains affixed note on Whitney letterhead with bid instructions.","In spring of 1890, the Brookline Gas Light Company filed an application for a license to build a sea-wall and pile platform and to fill solid on Charles River. James Jourdan is listed in various corporate directories as an officer of Brookline Gas Light Co.",,"Whitney, William H.",,1802,,1 in = 100 ft; Details: 1 in = 4 ft,42.36031352,-71.1179,Specifications,7,,1,8 x 14,Blueprint,"Sheets count is based on current number of pieces; pages probably were printed 2 on 1, folded in half, and stapled but most sheets have been cut off of binding into smaller panels. Edge damage. Staple marks.",,,,,,,,,,,,,,,,,,,,,,,,,,,,,,,,,,,,,,,,,,,,,,,,,,,,,,,,,,,,,,,,,,,,,,,,,,,,,,,,,,,,,,,,,,,,,,,,,,,,
Perkins_W58_1803,Brookline Gas Light Company,"Allston (Boston, MA)",[Specifications of Labor to be performed for bulkhead and wharf for Brookline Gas Light Co. - Copy No. 3],1889-03-29,Brookline Gas Light Co.,Colby Estate,Cambridge Street; Charles River; Bridge [River Street],"Specifications brochure for building a new wharf for Brookline Gas Light Company. Contains containing 10 pages of handwritten specs, details, and plans. Contains general plan of location; plans of southerly and northerly ends of wharf with piling locations; section of wharf and bulkhead. Scope includes trench and berth. Specifies time, payments, and engineer. 1 page is Appendix 1 that indicates the construction is for James Jourdan of Brooklyn, N.Y. Verso indicates ""Copy No. 3""; verso page 2 contains affixed note on Whitney letterhead with bid instructions.","In spring of 1890, the Brookline Gas Light Company filed an application for a license to build a sea-wall and pile platform and to fill solid on Charles River. James Jourdan is listed in various corporate directories as an officer of Brookline Gas Light Co. Supplements #1081 and 1082, which is for south side of Cambridge Street.",,"Whitney, William H.",,1803,,1 in = 4 ft; 1 in = 8 ft; 1 in = 50 ft; 100 ft; Details: 1 in = 4 ft,42.36118053,-71.1175,Specifications,6,,1,8 x 14,Blueprint,"Sheets count is based on current number of pieces; pages probably were printed 2 on 1, folded in half, and stapled but most sheets have been cut off of binding into smaller panels. Edge damage. Staple marks.",,,,,,,,,,,,,,,,,,,,,,,,,,,,,,,,,,,,,,,,,,,,,,,,,,,,,,,,,,,,,,,,,,,,,,,,,,,,,,,,,,,,,,,,,,,,,,,,,,,,
Perkins_W59_1849,,"Boston, MA",[Untitled - Island Marsh in Roxbury],1894-02-08,"Dudley, Mrs. Pedy; Francis, Ebenezer; Heath, heirs; Parker, J.; Seaver, E.; Stone, D.; Weld, A.D.; Wigglesworth, Thomas; ",,"Huntington Avenue; Longwood Avenue; Parker Street [Hemenway Street]; Tremont Entrance [Defunct, Evans Way]; Vancouver Street; Great Creek; Muddy River; Stony Brook River; ","Map showing the Seaver, Stone and Weld Marshes on Island Marsh in Roxbury. Shows current streets. Extensive note by Whitney includes list of reference plans dated from 1777 to Fuller & Whitney's own 1872 plan. Includes references to old deeds and other sources. Contains additional penciled handwritten notes dated from 1903 and lines and notes in red ink. Indicates that the Weld Marsh has been reduced in size by three conveyances to the City of Boston for the Back Bay Park or Fens.",,,"Whitney, William H.",,1849-2800,,1 in = 300 ft,42.34229237,-71.0991,Map,1,,1,13.5 x 15,Blueprint,Edge damage. Fading. Top 2 inches folded over.,,,,,,,,,,,,,,,,,,,,,,,,,,,,,,,,,,,,,,,,,,,,,,,,,,,,,,,,,,,,,,,,,,,,,,,,,,,,,,,,,,,,,,,,,,,,,,,,,,,,
Perkins_W59_1850-1853,Andrews Estate,"Dorchester (Boston, MA)","Plan of Andrews Estate, Dorchester showing change of streets to adapt them to new parkway taken Apr. 29, 1892. Plans No. 1 thru 4",1893-09-01,"Andrews, William T., estate of",,Clapp Place [Mayhew]; [Columbia Avenue]; Cottage Street; Dorchester Avenue; Mount Vernon Street; Pond Street,4 variants of subdivision plan showing 4 blocks of lots divided by 3 streets. Displays building footprints and some lot dimensions. Shows new 110 foot wide parkway and dashed line for previous street [Pleasant Street].,"1894 Atlas shows reworking of streets to accommodate new parkway [Columbia Road, now Avenue].",,"Whitney, William H.",,1850-2801/1853-2804,,1 in = 100 ft,42.31933492,-71.0591,Survey Plan,4,2,1,15 x 14,Blueprint,Edge damage.,,,,,,,,,,,,,,,,,,,,,,,,,,,,,,,,,,,,,,,,,,,,,,,,,,,,,,,,,,,,,,,,,,,,,,,,,,,,,,,,,,,,,,,,,,,,,,,,,,,,
Perkins_W59_1854,Jamaica Pond / Back Bay Park,"Jamaica Plain (Boston, MA)",[Untitled - Wall Section at Riverdale Park],1893-08-18,,"Nickerson, Joseph, estate of",Riverdale Parkway [Jamaicaway],Schematic plan and three section details showing layout of curved wall alongside parkway. Contains reference lines for measurements and several slope indicators. Scale reference is pasted on. Red pencil outline of wall.,The Nickersons were a wealthy family who owned land on what is now the current Jamaicaway.,,"[Whitney, William H.]",,1854-2805,,Scale not given,42.32560598,-71.1132,Engineering Drawing,1,4,1,15.5 x 25.5,Blueprint,Edge damage. Fading.,,,,,,,,,,,,,,,,,,,,,,,,,,,,,,,,,,,,,,,,,,,,,,,,,,,,,,,,,,,,,,,,,,,,,,,,,,,,,,,,,,,,,,,,,,,,,,,,,,,,
Perkins_W59_1855-1858,Alvin Adams Estate Plans,"Watertown, MA",[Untitled - Alvin Adams Estate Plans Number 1 thru 4],1883-11-28,"Alvin Adams Estate, Trustees","Gouch, G.; Stickney, Josiah, estate of",Dexter Street; to Mount Auburn Street,Four preliminary subdivision plans with lots and roads. Provides calculation for waste in streets. Plan 1 states: By Dexter St to Mt. Auburn St. Shows line for Cambridge Pipe Line.,,,"Whitney, William H.",,1855-2806/1858-2809,,1 in = 40 ft,42.36851898,-71.1609,Survey Plan,4,,1,42 x 19.5,Ink or pencil on manilla,"Each sheet is two panels, taped. Seam damage. Tears.",,,,,,,,,,,,,,,,,,,,,,,,,,,,,,,,,,,,,,,,,,,,,,,,,,,,,,,,,,,,,,,,,,,,,,,,,,,,,,,,,,,,,,,,,,,,,,,,,,,,
Perkins_W59_1859,,"Boston, MA",[Untitled - Merrimac Street at Market Street],1894-04-13,,"Deshon, Jaspar; Luther and Long; Thorndike, A.L.; Trask, Henry D.",Market Street; Merrimac Street,Lot plan showing No. 40 and 42 Merrimac Street comprising a 890 sf lot with brick building. Show two abutting lots with sheds and a passageway. Refers to various notes and to surveys made in 2/21/1891 and 4/13/1894.,,,"(Whitney, William H.)",,1859-2810,,1 in = 4 ft,42.3630809,-71.0599,Survey Plan,1,2,1,20 x 16.5,Blueprint,,,,,,,,,,,,,,,,,,,,,,,,,,,,,,,,,,,,,,,,,,,,,,,,,,,,,,,,,,,,,,,,,,,,,,,,,,,,,,,,,,,,,,,,,,,,,,,,,,,,,
Perkins_W59_1860,,"Boston, MA",[Untitled - Beacon and Gloucester Streets],1894-08-14,,,Beacon Street; Gloucester Street; [Back Street; Storrow Drive]; Charles River Embankment,"Plan showing lots along Gloucester Street with building footprints. Shows dimensions of building setbacks, street and block width, and location of line above city base. Addition or corrected dimensions and survey date in red pencil. Elevations are shown schematically, with shading, and height above city base line.",,,"Whitney, William H.",,1860-2811,,Horiz: 1 in = 10 ft; Vert: 1 in = 1 ft,42.35214903,-71.0856,Survey Plan,1,,1,29 x 24,Blueprint,"Multiple panels, seamed. Edge damage. Loss.",,,,,,,,,,,,,,,,,,,,,,,,,,,,,,,,,,,,,,,,,,,,,,,,,,,,,,,,,,,,,,,,,,,,,,,,,,,,,,,,,,,,,,,,,,,,,,,,,,,,
Perkins_W59_1861,Tenean Street,"Dorchester (Boston, MA)",[Untitled - Freeport and Tenean Streets],1894-09-07,,N.Y. N.H. and H. Railroad,Freeport Street; Tenean Street,"Plan showing gravel pit and brook. Outline of gravel pit is dashed with note indicating ""grade 14 line."" Pit displays multiple elevation measurements. Note says: Figures in black above show elevation of surface of ground in gravel pit above city base.",,,"Whitney, William H.",,1861-2812,,1 in = 80 ft,42.29503717,-71.0473,Survey Plan,1,,1,12.5 x 16,Blueprint,,,,,,,,,,,,,,,,,,,,,,,,,,,,,,,,,,,,,,,,,,,,,,,,,,,,,,,,,,,,,,,,,,,,,,,,,,,,,,,,,,,,,,,,,,,,,,,,,,,,,
Perkins_W59_1862,,"Boston, MA",[Untitled - Odd Fellows Hall],,,,515 Tremont Street; Berkeley Street; Warren Street,"Floor plan showing layout of space with rows of seats or stalls numbered alongside aisles A thru K and numbered in the 100 ranges. Shows platform, retiring parlor, corridor, hallway, and banquet hall and is labelled ""Old Banquet Hall. Note in red pencil says ""Made from #1838""","The hall was built for the Independent Order of Odd Fellows, Grand Lodge of Massachusetts in 1872, destroyed by fire in 1932 (see BPL photo archive of fire). The building housed various organizations and events.",,"[Whitney, William H.]",,1862-2813,,1 in = 8 ft,42.34532046,-71.0703,Architectural Drawing,1,,1,13.5 x 16,Blueprint,Edge damage. Buckling. Loss.,,,,,,,,,,,,,,,,,,,,,,,,,,,,,,,,,,,,,,,,,,,,,,,,,,,,,,,,,,,,,,,,,,,,,,,,,,,,,,,,,,,,,,,,,,,,,,,,,,,,
Perkins_W59_1863,Tenean Street,"Dorchester (Boston, MA)",[Untitled - Freeport and Tenean Streets and Flats],1894-11-22,,N.Y. N.H. and H. Railroad,Freeport Street; Tenean Street; Leeds Creak; Neponset River,"Plan showing lot extending from roads to shore of Neponset River and including Leeds creak. Shows high water common tides line and dimensions of road fronts. Portions of land titled ""flats.""",,,"Whitney, William H.",,1863-2814,,1 in = 80 ft,42.29503717,-71.0473,Survey Plan,1,,1,13.5 x 16,Blueprint,Edge damage.,,,,,,,,,,,,,,,,,,,,,,,,,,,,,,,,,,,,,,,,,,,,,,,,,,,,,,,,,,,,,,,,,,,,,,,,,,,,,,,,,,,,,,,,,,,,,,,,,,,,
Perkins_W59_1864,,"Boston, MA",[Untitled - Ivy Street between Audubon Road and Mountfort Street],1894-11-26,,"Wheatland, George; Minot, George, Jr. et Trustees",Audubon Road; Ivy Street; Montfort Street; [Private Alley 920],"Subdivision plan showing 8 lots numbered 1 thru 8, backed by a 15 foot wide passageway. Lots display sf area and dimensions. Dashed lines show reshaping of street corners. Date and referenced plans and calculations in red pencil.","Per urban atlases of the 1890s, these blocks were owned by Lawrence, Minot, and/or Wheatland.",,"Whitney, William H.",,1864-2815,773?,1 in = 30 ft,42.34774104,-71.1054,Survey Plan,1,2,1,16 x 11.5,Blueprint,,,,,,,,,,,,,,,,,,,,,,,,,,,,,,,,,,,,,,,,,,,,,,,,,,,,,,,,,,,,,,,,,,,,,,,,,,,,,,,,,,,,,,,,,,,,,,,,,,,,,
Perkins_W59_1865,West End Land Co.,"Boston, MA",Plan of Land of the Huntington Ave. and St. Botolph's St. Land Trust,1895-02-06,Huntington Ave. and St. Botolph's St. Land Trust [Winslow Warran Trust],"New York, New Haven and Hartford R.R.; West End Street Railway",Gainsborough Street; Huntington Street; St. Botolph's Street; Old Town Way [Defunct],"Street layout showing three blocks, which display dimensions and sf. As well as width of streets. Two lots are separated by 12' wide passageway. Decorative border.",,,"Whitney, William H.",,1865-2816,"D, 57, 684, 685",1 in = 50 ft,42.34098931,-71.0864,Survey Plan,1,2,1,20 x 15.5,Blueprint,,,,,,,,,,,,,,,,,,,,,,,,,,,,,,,,,,,,,,,,,,,,,,,,,,,,,,,,,,,,,,,,,,,,,,,,,,,,,,,,,,,,,,,,,,,,,,,,,,,,,
Perkins_W59_1866,,"Boston, MA; Brookline, MA",[Untitled - Back Park Street Layout],1895-03-01,,"Davis, Charles; Gore, Dan; Griggs; Heath, Fred; Raggles, Edward; Saunders, Daniel; Sumner, Edward; Williams, Joseph",Marlborough Street,"Map showing land with outlines of river and roads and subdivision plan with 5 lots, 4 of which are numbered and contain sf and dimensions (lots correspond to those shown on Bromley 1884 Atlas). Notes say ""Line marked change of Muddy River on S.F. Fuller's plan dated Jan. 11, 1825."" Note indicates that black lines show actual modern streets, red lines show 1872 condition, blue lines and shading show 1820 condition. Red penciled notations.",,,"Whitney, William H.",,1866-2817,39,1 in = 150 ft,42.34947881,-71.0914,Map,1,2,1,21.5 x 16,Blueprint,,,,,,,,,,,,,,,,,,,,,,,,,,,,,,,,,,,,,,,,,,,,,,,,,,,,,,,,,,,,,,,,,,,,,,,,,,,,,,,,,,,,,,,,,,,,,,,,,,,,,
Perkins_W59_1867,Back Bay Park West,"Boston, MA",[Untitled - West Newbury at Kenmore Street],1894-12-27,,"Boston & Albany Railroad; Braman, Dwight.",Kenmore Street; West Newbury Street [Newbury Street Extension],"Subdivision plan showing lots labelled A thru E plus one labelled ""Lot No. 1 plan Feb 10, 1894."" Lot no. 1 is separated from others by a passageway labelled 198. Lots show dimensions and sf.",,,"Whitney, William H.",,1867-2818,36,1 in = 20 ft,42.34819906,-71.0943,Survey Plan,1,,1,16.5 x 11,Blueprint,2 panels seamed. Fading.,,,,,,,,,,,,,,,,,,,,,,,,,,,,,,,,,,,,,,,,,,,,,,,,,,,,,,,,,,,,,,,,,,,,,,,,,,,,,,,,,,,,,,,,,,,,,,,,,,,,
Perkins_W59_1868,Tenean Street,"Dorchester (Boston, MA)","Proposed Pier and Wharf for discharging coal, to be built in Neponset River by E.S. Hamlin & Co.",1895-03-04,"Hamlin, Edward S.","Hunt, Caroline and Emily; King, Franklin; N.Y. N.H. and H. Railroad",Freeport Street; Tenean Street; Leeds Creak; Neponset River,"Plan showing land features, including flats, marshes, harbor line, creek, and beach, with layout of pier from bulkhead line to harbor. Section shows elevation of wharf from bulkhead to harbor. Notation in red pencil refers to later plan of 1896 (#1873). Decorative border.",,,"Whitney, William H.",,1868-2819,,Horiz: 1 in = 80 ft; Vert: 1 in = 8 ft,42.29503717,-71.0473,Survey Plan,1,,1,22 x 21,Blueprint,4 panels seamed. Edge damage. Loss. Tears.,,,,,,,,,,,,,,,,,,,,,,,,,,,,,,,,,,,,,,,,,,,,,,,,,,,,,,,,,,,,,,,,,,,,,,,,,,,,,,,,,,,,,,,,,,,,,,,,,,,,
Perkins_W59_1869,Back Bay Park West,"Boston, MA",[Untitled - Beacon and Commonwealth Streets],1895-04-12,,"Coolidge, Thomas Jefferson",Beacon Street; Commonwealth Avenue,"Plot plan showing lot at intersection of Beacon and Commonwealth. Displays dimensions, including arc of curved end, and sf. Handwritten notes in ink and red pencil. Version contains penciled calculation.","Per urban atlases, lot was formed between 1890 and 1895.",,"Whitney, William H.",,1869-2820,38,1 in = 20 ft,42.34928553,-71.0947,Survey Plan,1,,1,12 x 13.5,Blueprint,,,,,,,,,,,,,,,,,,,,,,,,,,,,,,,,,,,,,,,,,,,,,,,,,,,,,,,,,,,,,,,,,,,,,,,,,,,,,,,,,,,,,,,,,,,,,,,,,,,,,
Perkins_W59_1869.5,Back Bay Park West,"Boston, MA",[Untitled - Beacon and Commonwealth Streets],1895-05-16,,"Coolidge, Thomas Jefferson",Beacon Street; Commonwealth Avenue,"Plot plan showing 4 lots labelled D thru G at intersection of Beacon and Commonwealth. Adjacent lot states ""Lot C plan dated June 15, 1892."" Displays dimensions, including arc of curved end, and sf. Contains list of related plan numbers and calculations.",,,"Whitney, William H.",,1869.5-2821,38,1 in = 30 ft,42.34928553,-71.0947,Survey Plan,1,,1,14 x 12,Blueprint,Edge damage.,,,,,,,,,,,,,,,,,,,,,,,,,,,,,,,,,,,,,,,,,,,,,,,,,,,,,,,,,,,,,,,,,,,,,,,,,,,,,,,,,,,,,,,,,,,,,,,,,,,,
Perkins_W60_1899,Bay State Road,"Boston, MA",[Untitled - Beacon and Commonwealth Streets],1895-01-01,,,Bay State Road; Beacon Street; Charlesgate West; Commonwealth Avenue; Deerfield Street; Kenmore Street; Raleigh Street; West Newberry Street,"Plan, possibly sales brochure, showing layout of five lots labelled A thru 3. Lots show sf. Two are labelled as ""sold.""",,,"[Whitney, William H.]",,1899-2945,38,1 in = 400 ft,42.34928553,-71.0947,Survey Plan,1,,1,8.5 x 11,Brownline on manilla,,,,,,,,,,,,,,,,,,,,,,,,,,,,,,,,,,,,,,,,,,,,,,,,,,,,,,,,,,,,,,,,,,,,,,,,,,,,,,,,,,,,,,,,,,,,,,,,,,,,,
Perkins_W60_1900,,"Boston, MA",[Untitled - Boylston Street],1895-07-15,"Nash, B.H. & Francis P.; White.",,144 and 146 Boylston Street,Lot plan showing line at dividing wall of two lots. One lot shows outline of chimney and yard. Contains dimensions for wall lengths and thicknesses.,Aspinwall & Lincoln was a Boston-area design firm which collaborated with Whitney on some projects.,,"Whitney, William H. / Aspinwall & Lincoln",,1900-2946,,1 in = 8 ft,42.35226054,-71.0664,Survey Plan,1,,1,8 x 5,Blueprint,Edge damage. Tear.,,,,,,,,,,,,,,,,,,,,,,,,,,,,,,,,,,,,,,,,,,,,,,,,,,,,,,,,,,,,,,,,,,,,,,,,,,,,,,,,,,,,,,,,,,,,,,,,,,,,
Perkins_W60_1901,,"Boston, MA",[Untitled - Second Street],1895-07-27,"Francis, Ebenezer, Estate of","Boston Power & Water; Minot, William et al.; Warren, Winslow",Second Street; Eight Street; Ninth Street,"Plan showing lots along three blocks with sf and dimensions, with abutting passageways. Contains line and colored polygons intersecting lots. Note indicates ""made from plan 1882.""",,,"Whitney, William H.",,1901-2947,,1 in = 60 ft,,,Survey Plan,1,,1,15 x 12 .5,Blueprint,,,,,,,,,,,,,,,,,,,,,,,,,,,,,,,,,,,,,,,,,,,,,,,,,,,,,,,,,,,,,,,,,,,,,,,,,,,,,,,,,,,,,,,,,,,,,,,,,,,,,
Perkins_W60_1902,,"Boston, MA","Plan, profile and sections of all between estate of B.H. and F.P. Nash and Geo. R. White, Boylston Street, Boston",1895-07-30,"Nash, B.H. & Francis P.; White.",,144 and 146 Boylston Street,"Plans, sections, and profile of wall dividing two properties. Contains red pencil notes and hatching and shading.",Aspinwall & Lincoln was a Boston-area design firm which collaborated with Whitney on some projects.,,"Whitney, William H. / Aspinwall & Lincoln",,1902-2948,,1 in = 8 ft,42.35226054,-71.0664,Survey Plan,1,,1,37.5 x 16.5,Blueprint,"Multiple panels, seamed. Edge damage. Seam damage.",,,,,,,,,,,,,,,,,,,,,,,,,,,,,,,,,,,,,,,,,,,,,,,,,,,,,,,,,,,,,,,,,,,,,,,,,,,,,,,,,,,,,,,,,,,,,,,,,,,,
Perkins_W60_1903,,"Brookline, MA",[Untitled - Gardner & Washington Streets],1896-01-09,,"Munroe, John I.; Stevenson, James",Gardner Road; Washington Street,Plot plan showing lots A and B. Contains sf and dimensions. One abutting lot shows hatched building footprint.,,,"Whitney, William H.",,1903-2949,,1 in = 30 ft,42.33769585,-71.1276,Survey Plan,1,,1,8.5 x 13,Blueprint,Edge damage.,,,,,,,,,,,,,,,,,,,,,,,,,,,,,,,,,,,,,,,,,,,,,,,,,,,,,,,,,,,,,,,,,,,,,,,,,,,,,,,,,,,,,,,,,,,,,,,,,,,,
Perkins_W60_1904,,"Jamaica Plain (Boston, MA)",[Untitled - copied and partly reduced from Bromley's Atlas of 1890 with additions by W. H. Whitney],1896-01-01,"Harvard College; Minot, George; Minot, Harriet, Estate of; Minot, Julia and Mary; Minot, William, Estate of (East Woodbourne, Middle Woodbourne, West Woodbourne, Guild House); Peters, Andrew J.","Deshon, Orlando; Cardis, Edward; Moulton, Oliver; Stebbins, Alfred; Strauss, John W.; Arnold Arboretum; Catholic Cemetery; Forest Hills Cemetery; Mount Hope Home; New York New Haven and Hartford Railroad; West Roxbury Branch Railroad",Bourne Street; Florence Street [Florian Street]; Hyde Park Avenue; Meyer Street; Morton Street; South Street; Stony Brook; Spruce Street [Catherine Street]; Wachusett Street; Walk Hill Street; Washington Street; Weld Hill Street; Weldon Street [Wenham Street]; Yale Street,Plan showing lots of estates bordering Arnold Arboretum and Forest Hills Cemetery. Select lots feature green hatching and four lots along a railroad are colored red. Minot and Peters lots feature sf and $ values. Stamp on verso states: Spaulding Print Paper Co Blue Printers.,"Layout appears to be based on 1890 edition, Vol. 6, of Bromley's Atlas. C. 1890, the area started to be developed into the Woodbourne neighborhood, intended to be an affordable housing area; developed by Robert Winsor. https://www.jphs.org/locales/2004/1/1/woodbourne-summer-house-to-philanthropic-housing.html",,"Whitney, William H.",,1904-2950,,1 in = 200 ft,42.29615777,-71.1161,Survey Plan,1,4,1,16 x 26.5,Blueprint,Edge damage. ,,,,,,,,,,,,,,,,,,,,,,,,,,,,,,,,,,,,,,,,,,,,,,,,,,,,,,,,,,,,,,,,,,,,,,,,,,,,,,,,,,,,,,,,,,,,,,,,,,,,
Perkins_W60_1905,,"Cambridge, MA",[Untitled - Kendall and Main Streets],1895-11-27,,,Kendall Street; Main Street,"Plan of corner lot showing grid of soundings. Legend indicates number of soundings and method of measuring at each location. Note: Soundings taken with an iron rod one inch in diam. Pointed at end, driven by weight of two men.",,,"Whitney, William H.",,1905-2951,,1 in = 100 ft,42.36241832,-71.0846,Survey Plan,1,,1,12 x 13,Blueprint,Fading.,,,,,,,,,,,,,,,,,,,,,,,,,,,,,,,,,,,,,,,,,,,,,,,,,,,,,,,,,,,,,,,,,,,,,,,,,,,,,,,,,,,,,,,,,,,,,,,,,,,,
Perkins_W60_1906,,"Boston, MA",[Untitled - Duncan Street at NY NH & Hartford Railroad],1895-09-30,"New York, New Haven and Hartford R.R. Co.","Bates College; McGuckan, E., heirs; Speak, John",Duncan Street [Defunct]; Halleck Street [Annunciation Road]; Ruggles Street; Ward Street [Defunct],"Subdivision plan showing lots number 1 thru 13, separated by passageways and street. Lots feature dimensions and sf. Red pencil notations indicate that this is edited version of plan stamped 09/30/1897, late calculations added in 1896 and 1897, and that red features were taken from C.E. Ellis copy of Nihson not put on plan.",,,"Whitney, William H.",,1906-2952,,1 in = 40 ft,42.33525677,-71.093,Survey Plan,1,3,1,29 x 17.5,Blueprint,Edge damage. Tear.,,,,,,,,,,,,,,,,,,,,,,,,,,,,,,,,,,,,,,,,,,,,,,,,,,,,,,,,,,,,,,,,,,,,,,,,,,,,,,,,,,,,,,,,,,,,,,,,,,,,
Perkins_W60_1907,,,[Untitled - Schedule of Levels],1895-09-01,,,,"Table of readings for Sept. 19 thru 21. Includes columns for local time, navy yard height, bridge of, pool tide, and remarks.",Format is the same as specifications brochures; unclear what the contents refers to.,,Fuller & Whitney,,1907-2953,,Not applicable,,,Schedule,1,,1,6.5 x 15,Blueprint,,,,,,,,,,,,,,,,,,,,,,,,,,,,,,,,,,,,,,,,,,,,,,,,,,,,,,,,,,,,,,,,,,,,,,,,,,,,,,,,,,,,,,,,,,,,,,,,,,,,,
Perkins_W60_1908,,"Boston, MA",[Untitled - Specifications for Gloucester Street macadam roadway],1894-08-24,,,Gloucester Street,"Specifications brochure containing 8 pages of handwritten specs for labor and materials for constructing and finishing a Telford Macadam roadway for Gloucester Street abutters . Describes scope, excavation, gutters, crosswalk, Telford foundation, macadam materials, tasks, time, payments, and engineer. Includes within text outline in cross section (scale: 1"" = 8 feet.",Telford macadam uses stone foundation; this project specified 18-inch minimum. Massachusetts roads often employed this construction during the 1890s.,,"Whitney, William H.",,1908-2954,,Not applicable,42.35052163,-71.0848,Specifications,4,,1,16 x 14,Blueprint,Pages folded in half. Staple marks.,,,,,,,,,,,,,,,,,,,,,,,,,,,,,,,,,,,,,,,,,,,,,,,,,,,,,,,,,,,,,,,,,,,,,,,,,,,,,,,,,,,,,,,,,,,,,,,,,,,,
Perkins_W60_1909,,"Boston, MA",[Untitled - Saint Botolph Street - Telford - Macadam Roadway],1895-10-25,City of Boston,,Gainsborough Street; Massachusetts Avenue; Saint Botolph Street,"Construction plan showing 7-foot-wide street layout with outlines of sidewalks, gutters, building entrances. Shows grades for cuts and fills and location of gravel and brick sidewalks and flagstone pavers. Note says: The grade of curbstones to agree with plan of City Engineer dated Aug. 1, 1895. Stamped date is crossed out and penciled in date of 03/02/1896 written in.",1890s City Documents show that this project was one of multiple paving projects in the late 1890s.,,"Whitney, William H.",,1909-2955,69; 615-617,1 in = 20 ft,42.34161264,-71.0848,Engineering Drawing,1,3,1,35 x 13.5,Blueprint,Edge damage. Buckling.,,,,,,,,,,,,,,,,,,,,,,,,,,,,,,,,,,,,,,,,,,,,,,,,,,,,,,,,,,,,,,,,,,,,,,,,,,,,,,,,,,,,,,,,,,,,,,,,,,,,
Perkins_W60_1910,Brookline / Essex Street Bridge,"Boston, MA",Proposed Grade of Essex Street Bridge; Essex Street grade plan in progress F-533,1896-01-30,,"Boston and Albany Railroad; Cousins Wharf; ""Park lands"" [Magazine Beach and Goose Park]; Wharf",Bay State Road; Brookline Street (Cambridge); Commonwealth Avenue; Essex Street; Essex Street Bridge [Boston University Bridge]; Charles River,"Plan and elevation showing location and profile of bridge between Boston and Cambridge. Note says: Strip 100 ft. in width conveyed Russell to Proprietors of Cambridge and Brookline Bridge Sept. 9 1852 ""to be used for no other purpose than that of making a road, etc.""",Bridge previously known as Brookline Bridge. Situation described in Boston City Engineers Annual Reports https://www.google.com/books/edition/Annual_Report_of_City_Engineer/oxZbAAAAYAAJ,,"Whitney, William H.",,1910-2956,,Horiz: 1 in = 50 ft; Vert: 1 in = 10 ft,42.35248063,-71.1107,Engineering Drawing,1,3,1,29.5 x 13,Blueprint,Creases. Folds.,,,,,,,,,,,,,,,,,,,,,,,,,,,,,,,,,,,,,,,,,,,,,,,,,,,,,,,,,,,,,,,,,,,,,,,,,,,,,,,,,,,,,,,,,,,,,,,,,,,,
Perkins_W60_1911,,"Boston, MA",[Untitled - Huntington Avenue],1896-03-31,"Sullivan, J.",,Huntington Avenue; Unnamed Street [677 Huntington Street],"Plot plan showing 4 lots, two of which contain sf and dimensions. Red-penciled notations indicate references and distribution.",Ownership determined from urban atlases and notations on plan.,,"Whitney, William H.",,1911-2957,,1 in = 10 ft,42.33524407,-71.1025,Survey Plan,1,,1,9 x 10,Blueprint,,,,,,,,,,,,,,,,,,,,,,,,,,,,,,,,,,,,,,,,,,,,,,,,,,,,,,,,,,,,,,,,,,,,,,,,,,,,,,,,,,,,,,,,,,,,,,,,,,,,,
Perkins_W60_1912,Brookline / Essex Street Bridge,"Boston, MA; Cambridge, MA",Advantages of the Brookline Street Route Between Cambridge and Boston,1896-04-08,,Boston and Albany Railroad; Morse School,Brookline Bridge [Boston University Bridge]; Boston: Ashby Street; Bay State Road; Commonwealth Avenue; St. Mary Street; Cambridge: Brookline Street; Chestnut Street; Fort Washington Park; Henry Street; Magazine Street; Pearl Street; Putnam Avenue; Sidney Street; Vassar Street,"Street layout showing bridge routes over Charles River, which is rendered with elevation lines. Table provided on comparison of distances of bridges for 4 routes over the river. Includes cost comparison for Cambridge share of upper, present, and lower bridges. Table contains statement: The Brookline Bridge route is the shortest and cheapest for any citizen of Cambridge, not better accommodated by Harvard Bridge, to reach Boston, South Boston, Roxbury, Dorchester, and as good to reach Brookline as the upper or Magazine Street Bridge. Includes street alongside river leading to Metropolitan Park and Soldier's Field but under Magazine Street. On Cambridge side, dotted line shows Fort Washington Park Way by Windsor Street to Cambridge Field and Middlesex Fells, with substitute path entering river drive Brookline Avenue vis Washington and Hastings Square. Note mentions Putnam Avenue as having car line from Harvard Square to Harvard Bridge.","In 1890s, efforts made to replace old wooden bridge with newer construction, involving negotiations between Boston and Cambridge. Parkway had been proposed from Pearl Street to Middlesex Fells.",,"Whitney, William H.",,1912-2958,,1 in = 200 ft,42.35248063,-71.1107,Survey Plan,1,4,1,27 x 24,Blueprint,Buckling. Creases. Seam damage. Tears.,,,,,,,,,,,,,,,,,,,,,,,,,,,,,,,,,,,,,,,,,,,,,,,,,,,,,,,,,,,,,,,,,,,,,,,,,,,,,,,,,,,,,,,,,,,,,,,,,,,,
Perkins_W60_1913,Brookline / Essex Street Bridge,"Boston, MA; Cambridge, MA",Advantages of the Brookline Street Route Between Cambridge and Boston,1896-04-08,,Boston and Albany Railroad; Morse School,Brookline Bridge [Boston University Bridge]; Boston: Ashby Street; Bay State Road; Commonwealth Avenue; St. Mary Street; Cambridge: Brookline Street; Chestnut Street; Fort Washington Park; Henry Street; Magazine Street; Pearl Street; Putnam Avenue; Sidney Street; Vassar Street,Pamphlet containing two-page spread of densely-typeset article comparing three routes between Cambridge and Boston; costs of a 60-foot versus 50-foot bridge; historical background; proposed new parkway. Compares existing location of Brookline Street bridge to proposed bridges at Magazine Street in Cambridge and at Ashby Street in Boston. Features reduced-size version of Plan #1912-2958 and cost estimates provided by Whitney and a city engineer. Also describes a parkway proposed by Whitney that would connect Fort Washington with Cambridge Field and Middlesex Falls.,,,"Whitney, William H.",,1913-2959,,"1 in = 200 ft, reduced to 1 in = 400 ft",42.35248063,-71.1107,Brochure,1,,1,22 x 9,Brownline on manilla,"2 panels, seamed",,,,,,,,,,,,,,,,,,,,,,,,,,,,,,,,,,,,,,,,,,,,,,,,,,,,,,,,,,,,,,,,,,,,,,,,,,,,,,,,,,,,,,,,,,,,,,,,,,,,
Perkins_W60_1914,,"Boston, MA",Good clean filling over pipe shown in blue - Ten ft. wide on top - To grade north ,1896-04-17,,"Boston and Albany Railroad; Cotting, Charles; Morse, Charles A.",Commonwealth Avenue; [Buick Street],Plan of streets showing lines of sewers. Note says: sewers in red would have to be lowered at A B & C to pass water pipe as shown in blue. Cost: $500; $815 net cost. The term cost is crossed out in red and gain penciled in. Street name also penciled in.,Ownership inferred from urban atlases.,,"Whitney, William H.",,1914-2960,,1 in = 80 ft,42.35136666,-71.1157,Engineering Drawing,1,,1,25 x 14,Blueprint,"2 panels, seamed. Creases.",,,,,,,,,,,,,,,,,,,,,,,,,,,,,,,,,,,,,,,,,,,,,,,,,,,,,,,,,,,,,,,,,,,,,,,,,,,,,,,,,,,,,,,,,,,,,,,,,,,,
Perkins_W60_1915,Tremont Temple,"Boston, MA",Tremont Temple,Not identified,,,Bosworth Street; School Street; Tremont Street,"Floor plan showing layout of auditorium with platform, numbered and labelled rows of seats, references to lobby, stairs, elevators, and organ and choir gallery.","Site of Tremont Temple Baptist Church. Current building, which has landmark status, was built in 1896, replacing older structure that was damaged by fire. The new structure was designed to be multi-use.",,"Whitney, William H.",,1915-2961,,1 in = 5 ft,42.35762088,-71.0606,Architectural Drawing,1,,1,21 x 22.5,Blueprint,Multiple panels seamed. Edge damage. Buckling Tear.,,,,,,,,,,,,,,,,,,,,,,,,,,,,,,,,,,,,,,,,,,,,,,,,,,,,,,,,,,,,,,,,,,,,,,,,,,,,,,,,,,,,,,,,,,,,,,,,,,,,
Perkins_W60_1916,,"Boston, MA",[Untitled - Duncan Street at NY NH & Hartford Railroad],1896-05-27,,"Bates College, president and friends; McGuakian, E., heirs; Old Colony R.R. Co.; Paine; Speak, Charles J. and Robert T.; ",Duncan Street [Defunct]; Halleck Street [Annunciation Road]; Ward Street [Defunct],"Plot plan showing multiple occupied lots, as well as outlines of stables, shed, house, and other buildings. Some lots feature dimensions and sf.","Per 1878 Bates College report, this college in Maine received bequest from Joshua Benson Estate, which abutted Paine property.",,"Whitney, William H.",,1916-2962,,1 in = 10 ft,42.33525677,-71.093,Survey Plan,1,3,1,37.5 x 29.5,Blueprint,Oversized and folded. Edge damage.,,,,,,,,,,,,,,,,,,,,,,,,,,,,,,,,,,,,,,,,,,,,,,,,,,,,,,,,,,,,,,,,,,,,,,,,,,,,,,,,,,,,,,,,,,,,,,,,,,,,
Perkins_W60_1917,,"Boston, MA",[Untitled - Huntington Avenue at Wait Street],1896-06-24,"Cabot, Lewis; Wheelwright, Andrew C.",,Huntington Avenue; Wait Street,"Subdivision plan showing lots numbered 1 thru 16, backed by 10 foot wide passages. Shows sf and dimensions. Contains red pencil notations, include ""see 1824 original."" Pasted-on label has handwritten note: ""Outline made from 1898; see calc….""",Urban atlases indicate that this was subdivision of parcel known as Hillside House.,,"Whitney, William H.",,1917-2963,,1 in = 30 ft,42.33202241,-71.1044,Survey Plan,1,,1,12 x 16.5,Blueprint,,,,,,,,,,,,,,,,,,,,,,,,,,,,,,,,,,,,,,,,,,,,,,,,,,,,,,,,,,,,,,,,,,,,,,,,,,,,,,,,,,,,,,,,,,,,,,,,,,,,,
Perkins_W60_1918,,"Jamaica Plain (Boston, MA)",[Untitled - Jamaica Way at Health Street],1896-06-24,,"American Brewing Company; Bleiler, Frederick; Kenney, James W.; Livermore, Thomas; Martin, Mary P.; Stevens, Mary E.",Craft Street; Grotto Glen; Heath Street,Plot plan showing dimensions. Red penciled notations show field calculations. Dashed line shows remnant of old path way off Grotto Glen. Verso contains penciled calculations.,,,"Whitney, William H.",,1918-2964,,1 in = 100 ft,42.32591962,-71.1093,Survey Plan,1,2,1,19.5 x 15.5,Blueprint,,,,,,,,,,,,,,,,,,,,,,,,,,,,,,,,,,,,,,,,,,,,,,,,,,,,,,,,,,,,,,,,,,,,,,,,,,,,,,,,,,,,,,,,,,,,,,,,,,,,,
Perkins_W60_1919,,"Boston, MA",[Untitled - Specifications for Saint Botolph Street macadam roadway],1895-05-02,Huntington Avenue Lands,,Gainsborough Street; Massachusetts Avenue; Saint Botolph Street,"Specifications brochure containing 8 pages of handwritten specs for labor and materials for constructing and finishing a Telford Macadam roadway for Saint Botolph Street abutters . Describes scope, roadway and sidewalks preparation, gutters, edgestones, crosswalks, Telford foundation, macadam materials, payments, and engineer. Printed date crossed out, replaced with ""May 2, 1896."" Edits in colored pencil. Verso contains penciled notes and sketches.",Telford macadam uses stone foundation; this project specified 18-inch minimum. Massachusetts roads often employed this construction during the 1890s.,,"Whitney, William H.",,1919-2965,,Not applicable,42.35052163,-71.0848,Specifications,4,,1,15 x 14.5,Blueprint,Pages folded in half. Fastener marks.,,,,,,,,,,,,,,,,,,,,,,,,,,,,,,,,,,,,,,,,,,,,,,,,,,,,,,,,,,,,,,,,,,,,,,,,,,,,,,,,,,,,,,,,,,,,,,,,,,,,
Perkins_W60_1919.5,Brookline / Essex Street Bridge,"Boston, MA; Cambridge, MA",[Untitled - Brookline Street Route Between Cambridge and Boston],Not identified,,Boston and Albany Railroad,Brookline Bridge [Boston University Bridge]; Boston: Ashby Street; Bay State Road; Chilmark Street; Commonwealth Avenue; Granby Street; St. Mary Street. Cambridge: Allston Street; Brookline Street; Chestnut Street; Fort Washington Park; Henry Street; Pearl Street; Putnam Avenue; Sidney Street; Waverly Street,"Street layout showing bridge routes over Charles River, which is rendered with elevation lines. 4 lots on Cambridge side contain yellowish hatching. Note in ink says ""made from 1893.""","In 1890s, efforts made to replace old wooden bridge with newer construction, involving negotiations between Boston and Cambridge.",,"[Whitney, William H.]",,1919.5-2966,,1 in = 150 ft,42.35248063,-71.1107,Survey Plan,1,2,1,26 x 16,Blueprint,Edge damage.,,,,,,,,,,,,,,,,,,,,,,,,,,,,,,,,,,,,,,,,,,,,,,,,,,,,,,,,,,,,,,,,,,,,,,,,,,,,,,,,,,,,,,,,,,,,,,,,,,,,
Perkins_W61_1947,Tremont Temple,"Boston, MA",Tremont Temple,Not identified,,,Bosworth Street; School Street; Tremont Street,"Floor plan showing layout of auditorium with platform, numbered and labelled rows of seats, references to lobby, stairs, elevators, and organ and choir gallery.","Site of Tremont Temple Baptist Church. Current building, which has landmark status, was built in 1896, replacing older structure that was damaged by fire. The new structure was designed to be multi-use.",,"Whitney, William H.",,1947-3087,,1 in = 5 ft,42.35762088,-71.0606,Architectural Drawing,1,,1,22 x 21,Blueprint,Multiple panels seamed. Seam damage.,,,,,,,,,,,,,,,,,,,,,,,,,,,,,,,,,,,,,,,,,,,,,,,,,,,,,,,,,,,,,,,,,,,,,,,,,,,,,,,,,,,,,,,,,,,,,,,,,,,,
Perkins_W61_1948,,"Boston, MA",[Untitled - Pemberton Square],1896-10-15,,,Pemberton Square,"Plot plan showing dimensioned grid with dashed lines and notes indicating face of walls. 3 lines of piers are numbered. One line notated ""Line given Aug. 14 1896 and now found to be substantially under middle of wall."" Some calculations in red pencil. Notation says ""Call on us to mark piers no. 40,...] ""etc. Calculations and notes in red pencil or black ink.",,,"Whitney, William H.",,1948-3088,,1 in = 10 ft,42.35943443,-71.0605,Survey Plan,1,,1,11 x 16,Blueprint,,,,,,,,,,,,,,,,,,,,,,,,,,,,,,,,,,,,,,,,,,,,,,,,,,,,,,,,,,,,,,,,,,,,,,,,,,,,,,,,,,,,,,,,,,,,,,,,,,,,,
Perkins_W61_1949,,,[Untitled - Church Seating Plan],1896-08-17,,,,"Layout of over 95 boxes containing groups of names. Boxes are labelled by numbers; many occupant names are accompanied by three digit numbers, per note ""small numbers refer to church roll."" Shows outline of space. Contains edits in red pencil.",,,"[Whitney, William H.]",,1949-3089,,Scale not given,,,Architectural Drawing,1,,1,9 x 24,Blueprint,,,,,,,,,,,,,,,,,,,,,,,,,,,,,,,,,,,,,,,,,,,,,,,,,,,,,,,,,,,,,,,,,,,,,,,,,,,,,,,,,,,,,,,,,,,,,,,,,,,,,
Perkins_W61_1950,Ipswich Street,"Boston, MA",[Untitled - Lots at Boylston Street and Massachusetts Avenue],1896-10-21,,"Boston & Albany Railroad; Dexter, Franklin.",Boylston Street; [Ipswich]; Massachusetts Avenue,"Plan showing two lots separated by passageway. Displays sf and dimensions; centerline of passageway as shown on plan dated 12/29/1892 and line of railroad location from tracks found in 1880. Entry below survey date says: Copied Nov. 6, 1896.",,,"Whitney, William H.",,1950-3090,"P, 43, 64",1 in = 50 ft,42.34630406,-71.0892,Survey Plan,1,,1,14.5 x 13.5,Blueprint,,,,,,,,,,,,,,,,,,,,,,,,,,,,,,,,,,,,,,,,,,,,,,,,,,,,,,,,,,,,,,,,,,,,,,,,,,,,,,,,,,,,,,,,,,,,,,,,,,,,,
Perkins_W61_1951,,"Boston, MA",[Untitled - Warrenton Street],1897-01-07,,"Carter, Margaret; Daggett, E. P.; Darrow, G. P., heirs; Ellis, M.A.; Flint, J., estate of.",No. 5 and 6 Warrenton Street {near Oak and Washington],"Plan showing two lots, each labelled ""brick dwelling and containing ""wooden ell"" with abutting passageway. Displays sf and dimensions. Red penciled edits on front and verso and note containing plan and measurement references.",The southeastern portion of Warrenton was demolished and replaced by a large plot of land.,,"Whitney, William H.",,1951-3091,,1 in = 6 ft,42.34816,-71.0647,Survey Plan,1,,1,14 x 16.5,Blueprint,,,,,,,,,,,,,,,,,,,,,,,,,,,,,,,,,,,,,,,,,,,,,,,,,,,,,,,,,,,,,,,,,,,,,,,,,,,,,,,,,,,,,,,,,,,,,,,,,,,,,
Perkins_W61_1952,Charles River Embankment,"Boston, MA; Cambridge, MA",Pile Bearing Stratum of Harvard Bridge,1897-01-19,,,Charles River; Boston Back Bay; Cambridge Basin; Harvard Bridge,"Plan / elevation showing location of gravel layer between mud above and layers of sand and clay below. Displays grade lines for Boston Base and Harbor Commissioners. Subtitle says: Final plan of City Engineer August 1, 1887 showing soundings every 50 or 100 feet.",,,"Whitney, William H.",,1952-3092,,Horiz: 1 in = 80 ft; Vert: 1 in = 8 ft,42.35444618,-71.0913,Soil Map,1,2,1,29 x 10.5,Blueprint,Edge damage. Buckling.,,,,,,,,,,,,,,,,,,,,,,,,,,,,,,,,,,,,,,,,,,,,,,,,,,,,,,,,,,,,,,,,,,,,,,,,,,,,,,,,,,,,,,,,,,,,,,,,,,,,
Perkins_W61_1953,,"Brookline, MA",[Untitled - Aspinwall Avenue at Toxteth Street],1897-02-11,,,Aspinwall Avenue; Toxteth Street,"Subdivision plan showing lots No. 1 thru No. 6. Displays dimensions, elevation lines, footprint of existing dwelling and stable, outline of street curb. Features edits in red pencil.",Urban atlases indicate land belonged to William Chase.,,"Whitney, William H.",,1953-3093,,1 in = 16 ft,42.337064,-71.1162,Survey Plan,1,2,1,27 x 19.5,Blueprint,Buckling. Folds.,,,,,,,,,,,,,,,,,,,,,,,,,,,,,,,,,,,,,,,,,,,,,,,,,,,,,,,,,,,,,,,,,,,,,,,,,,,,,,,,,,,,,,,,,,,,,,,,,,,,
Perkins_W61_1954,,,Table of cubic contents of cartloads with given bottom area and vertical heights.,Not identified,,,,"Two sheets of handwritten tables showing vertical heights of loads. Contains columns for calculations for different vertical heights, number of carts [blank cells], and bottom of cart area in sw. ft.",,,"[Whitney, William H.]",,1954-3094,,Not applicable,,,Schedule,2,,1,11.5 x 13.5,Blueprint,Dimensions shown are for first and larger sheet; second sheet is 11.5 x 8,,,,,,,,,,,,,,,,,,,,,,,,,,,,,,,,,,,,,,,,,,,,,,,,,,,,,,,,,,,,,,,,,,,,,,,,,,,,,,,,,,,,,,,,,,,,,,,,,,,,
Perkins_W61_1955,,"North End (Boston, MA)","Copy with additions in red Mar. 15, 1897 by W.H. Whitney C.E. Boston of a plan recorded Suffolk 2206-49",1894-06-02,,"Hatfield, Ann Louise; Holden, George, heirs of; McDaritt, Elizabeth H.",Commercial Street; Hanover Street,"Subdivision plan show lots numbered 1 thru 4 facing Hanover Street. Displays sf, dimensions, and hatching. Subtitle reads: ""marked as follows ""F.O. Whitney"" Lot 4 shows additional sf added by Plan 2415-166.","Per deed, owner may have been H. A. Slakin.",Suffolk Unindexed Plan Bk/Pg 2206/49,"Whitney, William H.",,1955-3095,,1 in = 10 ft,42.36700101,-71.0524,Survey Plan,1,,1,14 x 15,Blueprint,,,,,,,,,,,,,,,,,,,,,,,,,,,,,,,,,,,,,,,,,,,,,,,,,,,,,,,,,,,,,,,,,,,,,,,,,,,,,,,,,,,,,,,,,,,,,,,,,,,,,
Perkins_W61_1956,,"Roxbury (Boston, MA)",[Untitled - Lambert Street and Norfolk Street],1897-03-30,,"Bush, Salon",28 - 30 Lambert Street; 31 Norfolk Street,"Subdivision plan showing lots 1 thru 3. Displays sf, dimensions, and a 6 foot wide passageway. Sf calculations show percentage calc. given to new passageway.","Per urban atlases, owner may have been H. G. Allen.",,"[Whitney, William H.]",,1956-3096,,1 in = 10 ft,42.3282636,-71.0907,Survey Plan,1,,1,10 x 17,Blueprint,Edge damage. ,,,,,,,,,,,,,,,,,,,,,,,,,,,,,,,,,,,,,,,,,,,,,,,,,,,,,,,,,,,,,,,,,,,,,,,,,,,,,,,,,,,,,,,,,,,,,,,,,,,,
Perkins_W61_1957,,"Boston, MA",[Untitled - Boylston Street],1897-05-28,"Lincoln, A.L., Jr.","Cabot, Godfrey L.; Corey, Mary G., heirs; Lincoln, William H.; Read, E.M. et al; Shaw, E.P.; Whitney, Susanna, heirs",Boylston Street; [Kilmanark Street],"Street plan showing multiple properties adjacent to Boylston and unnamed street conveyed with dashed lines and notation: Street shown on plan marked City Surveyor Apr. 10, 1894. Lots display sf and dimensions. Handwritten note: Made from #1922 May 22, 1897 but dated May 28, 1896 to please Mr. A.L. Lincoln, Jr. Contains red penciled edits.",,Suffolk Unindexed Deed Bk/Pg 2444/576,"Whitney, William H.",,1957-3097,"24,25,26,27",1 in = 40 ft,42.34404087,-71.1,Survey Plan,1,,1,11 x 13.5,Blueprint,,,,,,,,,,,,,,,,,,,,,,,,,,,,,,,,,,,,,,,,,,,,,,,,,,,,,,,,,,,,,,,,,,,,,,,,,,,,,,,,,,,,,,,,,,,,,,,,,,,,,
Perkins_W61_1958,,"Boston, MA",[Untitled - Audubon Road; Queensberry Street],1897-05-27,,"Dexter, F. Gordon et al.; Harvard College; Lincoln, W. H.; Smith, Phineas B. et al; Williams, Moses et al.",Audubon Road [Park Drive]; Queensberry Street,Plot plan showing 2 lots. Displays sf and dimensions and location of drill holes in stone monument at Boylston Street. Pasted on label shows drawing and calculation sources and note re President and Trustees of Harvard College.,,,"Whitney, William H.",,1958-3098,"15,16,17,18,19,21,22",1 in = 60 ft,42.34179676,-71.1005,Survey Plan,1,,1,14.5 x 16,Blueprint,,,,,,,,,,,,,,,,,,,,,,,,,,,,,,,,,,,,,,,,,,,,,,,,,,,,,,,,,,,,,,,,,,,,,,,,,,,,,,,,,,,,,,,,,,,,,,,,,,,,,
Perkins_W61_1959,,"Newton, MA","[Untitled - Washington and Hamilton Streets, Newton Lower Falls]",1897-07-12,Rice,"Atherton, Lena; Cooney; Garfield, Moses; Jackson, W.M.; Laughlin, M.; Tileston",Hamilton Street [Route 16]; Washington Street; Waverly Place [Defunct],"Plot plan showing various lots, one of which has sf and dimensions and says ""See plan dated June 9, 1896."" Several lots have footprints of dwellings, stables, and/or sheds.",,,"Whitney, William H.",,1959-3099,,1 in = 30 ft,42.32698231,-71.2543,Survey Plan,1,2,1,15.5 x 25,Blueprint,,,,,,,,,,,,,,,,,,,,,,,,,,,,,,,,,,,,,,,,,,,,,,,,,,,,,,,,,,,,,,,,,,,,,,,,,,,,,,,,,,,,,,,,,,,,,,,,,,,,,
Perkins_W61_1960,,"Cambridge, MA","[Untitled - Broadway, Chatham, and Dana Streets]",1897-03-11,,,Broadway; Chatham Street; Dana Street,Subdivision plan showing five lots numbered 1 thru 5. Displays sf and dimensions and monument references.,"Per urban atlases, owner may have been Hannah B. Merrill",,"Whitney, William H.",,1960-3100,,1 in = 30 ft,42.37192297,-71.1087,Survey Plan,1,,1,12.5 x 15,Blueprint,,,,,,,,,,,,,,,,,,,,,,,,,,,,,,,,,,,,,,,,,,,,,,,,,,,,,,,,,,,,,,,,,,,,,,,,,,,,,,,,,,,,,,,,,,,,,,,,,,,,,
Perkins_W61_1961,Lincoln Street/Tufts Street,"Boston, MA",[Untitled - Beach Street and South Street],1898-03-04,,"French, William E.; Lyons, John",Beach Street; Essex Street; Tufts Street; South Street; Utica Street,"Plan showing three blocks, two with building footprints, and dashed reference lines, one in red. Note indicates additions made in March 4, 1893.",,,"Whitney, William H.",,1961-3101,,1 in = 50 ft,42.35091526,-71.0578,Survey Plan,1,,1,9.5 x 16.5,Blueprint,,,,,,,,,,,,,,,,,,,,,,,,,,,,,,,,,,,,,,,,,,,,,,,,,,,,,,,,,,,,,,,,,,,,,,,,,,,,,,,,,,,,,,,,,,,,,,,,,,,,,
Perkins_W61_1962,,"Boston, MA",[Untitled - Hillside and Wait Streets at Huntington Avenue],1897-07-28,"Cabot, Lewis; Wheelwright, Andrew C.","Hall, Theodore P.",Hillside Street; Huntington Avenue; Wait Street,"Lot plan showing one large lot with hatched building footprints and 8 smaller lots numbered 6, 10 thru 16, abutting 10 ft. wide passageway. Lots display dimensions and sf. Features edits in red pencil. Verso contains additional notes, calculations, and sketches.",Urban atlases indicate that this was subdivision of parcel known as Hillside House. Plan #1917-2963 shows additional lots.,,"Whitney, William H.",,1962-3102,,1 in = 40 ft,42.33220479,-71.1073,Survey Plan,1,4,1,18.5 x 23.5,Blueprint,Edge damage. Folds. Tear.,,,,,,,,,,,,,,,,,,,,,,,,,,,,,,,,,,,,,,,,,,,,,,,,,,,,,,,,,,,,,,,,,,,,,,,,,,,,,,,,,,,,,,,,,,,,,,,,,,,,
Perkins_W61_1963-1964,,"Roxbury (Boston, MA)",[Untitled - Proposed Street at Highland and Ritchie Streets],1897-08-31,"Sargent, Horace Binney",City of Boston; Marcella Street City Stables,Centre Street; Columbus Street; Highland Street; Ritchie Street,2 versions of subdivision plan with proposed new street. Drawing No. 1 shows lots with dimensions and building footprints. Drawing No. 2 shows grade levels and amount of cutting above grade in yards and elevation cuts. Proposed street lies above old chimney.,Sargent is profiled at https://en.wikipedia.org/wiki/Horace_Binney_Sargent,,"Whitney, William H.",,1963-3103/1964-3104,,1 in = 30 ft,42.32382743,-71.0977,Survey Plan,2,4,1,27 x 23,Blueprint,Edge damage. Buckling. Loss.,,,,,,,,,,,,,,,,,,,,,,,,,,,,,,,,,,,,,,,,,,,,,,,,,,,,,,,,,,,,,,,,,,,,,,,,,,,,,,,,,,,,,,,,,,,,,,,,,,,,
Perkins_W61_1965,,,Table of cubic contents of cartloads with given bottom area and vertical heights,Not identified,,,,"Handwritten tables showing vertical heights of loads. Contains columns for calculations for different vertical heights, number of carts, and bottom of cart area in sw. ft.",,,"[Whitney, William H.]",,1965-3105,,Not applicable,,,Schedule,1,,1,11.5 x 5.5,Blueprint,,,,,,,,,,,,,,,,,,,,,,,,,,,,,,,,,,,,,,,,,,,,,,,,,,,,,,,,,,,,,,,,,,,,,,,,,,,,,,,,,,,,,,,,,,,,,,,,,,,,,
Perkins_W61_1966,,"Boston, MA",[Untitled - North and Richmond Streets],1897-09-08,,"Goodnow, Daniel",123 North Street; North Brimmer Place [Defunct]; Quincy Court [Defunct]; Richmond Street,"Lot plan showing one large lot abutting three smaller lots, including North Brimmer Place and Quincy Court. Displays dimensions and sf as well as table showing % of sf allocated to abutters and shed. Red penciled edits.",,,"Whitney, William H.",,1966-3106,,1 in = 10 ft,42.36306807,-71.0539,Survey Plan,1,,1,13.5 x 16,Blueprint,,,,,,,,,,,,,,,,,,,,,,,,,,,,,,,,,,,,,,,,,,,,,,,,,,,,,,,,,,,,,,,,,,,,,,,,,,,,,,,,,,,,,,,,,,,,,,,,,,,,,
Perkins_W61_1967,Ipswich Street,"Boston, MA",[Untitled - Charlesgate West and Ipswich Street],1897-09-13,,"Boston and Albany Railroad; Williams, Moses, et al.",Boylston Road; Charlesgate West; Ipswich Street; West Newbury Street,"Plot plan showing two parcels with proposed street. Displays dimensions and sf; table of calculations of % of sf related to right of way and adjacent parcels. Some sf ""released by city."" Contains red ink edits.",Proposed streets appear to be extension of Ipswich and Landsdowne Streets.,,"Whitney, William H.",,1967-3107,"35, 629",1 in = 60 ft,42.34681631,-71.0928,Survey Plan,1,,1,14 x 15.5,Blueprint,Edge damage. Buckling.,,,,,,,,,,,,,,,,,,,,,,,,,,,,,,,,,,,,,,,,,,,,,,,,,,,,,,,,,,,,,,,,,,,,,,,,,,,,,,,,,,,,,,,,,,,,,,,,,,,,
Perkins_W62_1973,Ipswich Street,"Boston, MA",[Untitled - Charlesgate West and Ipswich Street],1897-09-14,,Boston and Albany Railroad; Dana Lands Trustees,Boylston Road; Charlesgate East; Charlesgate West; Commonwealth Avenue; Ipswich Street; Landsdowne Street; Newbury Street; West Newbury Street,"Plot plan showing two parcels abutting Landsdowne Street. Displays dimensions and sf; table of calculations of % of sf related to right of way and adjacent parcels. Some sf ""released by city."" Contains red ink edits.",Appears to be streamlined version of item #1967-3107,,"Whitney, William H.",,1973-3133,"35, 629",1 in = 60 ft,42.34681631,-71.0928,Survey Plan,1,4,1,21 x 21,Blueprint,Edge damage. Buckling.,,,,,,,,,,,,,,,,,,,,,,,,,,,,,,,,,,,,,,,,,,,,,,,,,,,,,,,,,,,,,,,,,,,,,,,,,,,,,,,,,,,,,,,,,,,,,,,,,,,,
Perkins_W62_1974,Back Bay Park West,"Boston, MA",[Untitled - Beacon Street and Commonwealth Avenue],1897-09-15,"Coolidge, T. Jefferson",,Beacon Street; Commonwealth Avenue,Subdivision plan showing lots labelled J thru L; abutting lots F and I refer to older plans. Displays dimensions and sf. Label says: Made from 1941; see calc. 554-61.,Lots are near Charlesgate West.,,"Whitney, William H.",,1974-3134,38,1 in = 20 ft,42.34928553,-71.0947,Survey Plan,1,,1,11 x 13.5,Blueprint,Buckling.,,,,,,,,,,,,,,,,,,,,,,,,,,,,,,,,,,,,,,,,,,,,,,,,,,,,,,,,,,,,,,,,,,,,,,,,,,,,,,,,,,,,,,,,,,,,,,,,,,,,
Perkins_W62_1975,,"Boston, MA",[Untitled - Dalton Street between Belvidere and Norway Streets],1897-09-27,"Multiple; includes Bangs, E.A.; Bowker, S. H.; Brooks, S.; Campbell; Green, J.; Mathews, Nathan; Saltonstall, R. M.; Stevens, T. W.; White, T. R.; ",,Belvidere Street; Dalton Street; Dundee Street; Falmouth Street; Massachusetts Avenue; Norway Street; Saint Germain Street,"Subdivision plans showing owners' names, lot s/f, and dimensions. Indicates name of buyers of sold plots. Red pencil edits.","Per urban atlases, lots were owned by S. Endicott Peabody and heirs of William Gray.",,"Whitney, William H.",,1975-3135,"L, 67, 621",1 in = 60 ft,42.3468423,-71.0852,Survey Plan,1,,1,15 x 17.5,Blueprint,Edge damage. Buckling.,,,,,,,,,,,,,,,,,,,,,,,,,,,,,,,,,,,,,,,,,,,,,,,,,,,,,,,,,,,,,,,,,,,,,,,,,,,,,,,,,,,,,,,,,,,,,,,,,,,,
Perkins_W62_1976,,"Boston, MA",[Untitled - Wharves at Mystic River],1897-09-27,,"Boston Dye Wood and Chemical Co.; Boyden Malleable Cast Iron and Steel Co.; McKay, Donald",Border Street; Eutaw Street; Meridian Street; Mystic River,"Plan showing dock, which extends to harbor commissioners line ; new and existing pile and solid wharves; 4 lots numbered 58 thru 61; footprints of stone and wooden buildings and lumber sheds; line of sewer built by City of Boston . Notes on various lots refer to ""Eddy's Plan."" Refers to legislature grant Chapter 45 Special Laws of 1851. Red pencil edits.","Previously the wharves were known as Porter's wharf, William L. Sturtevant's wharf and Shaw's wharf. The references to Eddy's map probably refer to various maps of East Boston produced by R.H. Eddy; see Leventhal Map Center collection.",,"Whitney, William H.",,1976-3136,,1 in = 40 ft,42.37860861,-71.0417,Survey Plan,1,2,1,31 x 13,Blueprint,Buckling.,,,,,,,,,,,,,,,,,,,,,,,,,,,,,,,,,,,,,,,,,,,,,,,,,,,,,,,,,,,,,,,,,,,,,,,,,,,,,,,,,,,,,,,,,,,,,,,,,,,,
Perkins_W62_1977,"Keenan, P.J.","Watertown, MA",[Untitled - Mount Auburn and Prentiss Streets],1897-07-01,"Keenan, P.J.","Bird Estate; Keenan, P.J.; Coffin; Williams, J.J.",Mount Auburn Street; Prentiss Street,Schematic subdivision or street layout plan showing 4.5 blocks of lots with dashed lines for curbs.,Compare layout to 1898 Stadley Atlas,,"[Whitney, William H.]",,1977-3137,,1 in = 40 ft,42.37437495,-71.1545,Survey Plan,1,4,1,28 x 28.5,Blueprint,Edge damage. Loss.,,,,,,,,,,,,,,,,,,,,,,,,,,,,,,,,,,,,,,,,,,,,,,,,,,,,,,,,,,,,,,,,,,,,,,,,,,,,,,,,,,,,,,,,,,,,,,,,,,,,
Perkins_W62_1978,"Keenan, P.J.","Watertown, MA","Specifications of labor to be performed ….on an estate in Watertown situation on Belmont, Prentiss, and Mt. Auburn Streets for P.J. Keenan….",1897-10-01,"Keenan, P.J.","Bird Estate; Keenan, P.J.; Coffin; Williams, J.J.",Mount Auburn Street; Prentiss Street; [Brimmer Street]; [Francis Street]; [Keenan Street]; [St Mary's Street]; ,"Specifications brochure containing cover page, 7 pages of handwritten specs, and schematic subdivision plan. Verso says ""No. 1."" Plan shows 4 new streets labelled no. 1 thru 4 and roadway cross section showing road, gutter, and sidewalk dimensions. Specs cover general description, materials, construction, time, and bid instructions.",See later revised version - item #1988-3137,,"Whitney, William H.",,1978-3137,,Horiz: 1 in = 100 ft Vert: 1 in = 8 ft,42.37437495,-71.1545,Specifications,4,4.5,1,19 x 14.5,Blueprint,Pages folded in half. Fastener marks. Each sheet contains two numbered pages; one sheet is larger and contains plan.,,,,,,,,,,,,,,,,,,,,,,,,,,,,,,,,,,,,,,,,,,,,,,,,,,,,,,,,,,,,,,,,,,,,,,,,,,,,,,,,,,,,,,,,,,,,,,,,,,,,
Perkins_W62_1979,,"Boston, MA",[Untitled - Boylston Street],1897-12-14,"Corey, Mary G., heirs; Whitney, Susannah, heirs","Lincoln, William H.; ",Boylston Street; [Kilmarnock Street],Plot plan showing two lots containing dimensions and sf. Lots abut two dashed lines. Red pencil edits.,"Dashed lines align with new street, later named Kilmarnock.",,"Whitney, William H.",,1979-3138,27,1 in = 40 ft,42.34382583,-71.0999,Survey Plan,1,,1,12 x 11,Blueprint,,,,,,,,,,,,,,,,,,,,,,,,,,,,,,,,,,,,,,,,,,,,,,,,,,,,,,,,,,,,,,,,,,,,,,,,,,,,,,,,,,,,,,,,,,,,,,,,,,,,,
Perkins_W62_1980,Bay State Road,"Boston, MA",[Untitled - Baystate Road at Deerfield],1898-01-01,,,Bay State Road; Back Street; Beacon Street; Commonwealth Avenue; Deerfield Road; Kenmore Street; Raleigh Street; West Charlesgate; West Newbury Street; Charles River,"Subdivision plan showing lots spread over 5 blocks with lots labelled A, C, E with square footages for each block. 4 lots labelled as sold. Notes reference calc. 470-88. Red penciled notations (illegible).",,,"Whitney, William H.",,1980-3139,585,1 in = 100 ft,42.34993313,-71.0953,Survey Plan,1,,1,14 x 14,Blueprint,Edge damage. Buckling.,,,,,,,,,,,,,,,,,,,,,,,,,,,,,,,,,,,,,,,,,,,,,,,,,,,,,,,,,,,,,,,,,,,,,,,,,,,,,,,,,,,,,,,,,,,,,,,,,,,,
Perkins_W62_1981-1987,Ipswich Street,"Boston, MA",[Untitled - Boylston Street - Plans no. 1 thru 7],1898-01-03,,Boston and Albany Railroad; Mass. Historical Society; O'Reilly Statue,Back Bay Fens [Lost Emerald Necklace]; Boylston Street; Ipswich Street; Massachusetts Avenue; Parker Street [Hemenway Street];,7 studies showing alternative layouts for subdivision with new street. Shows selected dimensions and sf and calculations for waste in streets and passageways expressed in both sf and %.,Several layouts feature what is now Ipswich Street. The O'Reilly Statue is the John Boyle O'Reilly Memorial by Daniel Chester French,,"Whitney, William H.",,1981-3140/1987-3146,"43, 64",1 in = 80 ft,42.34712081,-71.09,Survey Plan,7,,1,16.5 x 14,Blueprint,Edge damage. ,,,,,,,,,,,,,,,,,,,,,,,,,,,,,,,,,,,,,,,,,,,,,,,,,,,,,,,,,,,,,,,,,,,,,,,,,,,,,,,,,,,,,,,,,,,,,,,,,,,,
Perkins_W62_1988,"Keenan, P.J.","Watertown, MA","Specifications of labor to be performed ….on an estate in Watertown situation on Belmont, Prentiss, and Mt. Auburn Streets for P.J. Keenan….",1897-10-01,"Keenan, P.J.","Bird Estate; Keenan, P.J.; Coffin; Williams, J.J.",Mount Auburn Street; Prentiss Street; [Brimmer Street]; [Francis Street]; [Keenan Street]; [St Mary's Street]; ,"Edited version of item #1978-3137. Contains edits in red pencil as well as revised text written in pencil on verso of one sheet. Original date is crossed out and replaced with ""Feb. 1, 1889.""",,,"Whitney, William H.",,1988-3137,,Horiz: 1 in = 100 ft Vert: 1 in = 8 ft,42.37437495,-71.1545,Specifications,4,4.5,1,19 x 14.5,Blueprint,Pages folded in half. Fastener marks. Each sheet contains two numbered pages.,,,,,,,,,,,,,,,,,,,,,,,,,,,,,,,,,,,,,,,,,,,,,,,,,,,,,,,,,,,,,,,,,,,,,,,,,,,,,,,,,,,,,,,,,,,,,,,,,,,,
Perkins_W62_1989,Ipswich Street,"Boston, MA",[Untitled - Boylston Street and Ipswich Street],1898-03-15,,Boston and Albany Railroad; Dana Lands Trustees,Boylston Road; Charlesgate West; Ipswich Street; [Private Alley 938],Subdivision plan showing one block with lots numbered 1 thru 8 abutted by 16 ft wide passageway; displays sf and area. Blank lot labelled Block B and framed by red pencil box. Features edits in red and lead pencil and note stating that plan was dated March 15 1898 but delivered March 14.,,,"Whitney, William H.",,1989-3147,35,1 in = 60 ft,42.34704941,-71.0934,Survey Plan,1,,1,14 x 14,Blueprint,,,,,,,,,,,,,,,,,,,,,,,,,,,,,,,,,,,,,,,,,,,,,,,,,,,,,,,,,,,,,,,,,,,,,,,,,,,,,,,,,,,,,,,,,,,,,,,,,,,,,
Perkins_W62_1990,,"Boston, MA",Statement,1898-01-31,,"Aspinwall, Thomas; Boston Water Power Company; Colt, J.D.; Hobart, Frances A.; Nickerson, Albert W.; Tappen, William A.",Audubon Road; Boylston Road; Marlborough Street; Queensborough Street,Statement or pamphlet containing 12 pages of handwritten text interspersed with reproductions of maps of various scales and dates and tables. Red penciled edits.,Statement describes Whitney's process of documenting marshland near Boston/Brookline border previously owned by Boston Water Company and subsequently acquired by others. Includes reduced facsimile of Plan No. 7 done in 1878 by Fuller & Whitney of proposed public park on the Back Bay.,,"Whitney, William H.",,1990-3148,27,Various,42.34556658,-71.0944,Document,4.5,,1,15.5 x 14,Blueprint,Pages folded in half. Fastener marks. Each sheet contains two numbered pages; one sheet is larger and contains plan.,,,,,,,,,,,,,,,,,,,,,,,,,,,,,,,,,,,,,,,,,,,,,,,,,,,,,,,,,,,,,,,,,,,,,,,,,,,,,,,,,,,,,,,,,,,,,,,,,,,,
Perkins_W62_1991-1992,,"Boston, MA",[Untitled - Boylston Street],Not identified,,"Peabody; Francis, Jr.; Whitney, Susannah, heirs",Boylston Street,Pair of plot plans showing two lots. One shows two lots with dimensions and sf; other shows three new lots straddling both lots with dashed lines and hatching.,Peabody was a well-known Massachusetts political figure.,,"[Whitney, William H.]",,1991-3149/1992-3150,27,1 in = 40 ft,42.34382583,-71.0999,Survey Plan,2,,1,13 x 11.5,Blueprint,,,,,,,,,,,,,,,,,,,,,,,,,,,,,,,,,,,,,,,,,,,,,,,,,,,,,,,,,,,,,,,,,,,,,,,,,,,,,,,,,,,,,,,,,,,,,,,,,,,,,
Perkins_W62_1993,,"Boston, MA",[Untitled - East and Essex Streets],1898-04-18,"Farquhar, David and Samuel","Rice, Charles G.; Willis, Helen P.",20-24 East Street; Essex Street,"Plot plan showing sf for 7,489 sf lot with dimensions and lines through facing wall.","Per 10/03/1910 Boston Globe Newspaper article, building was a ""fine"" two-story brick building scheduled to be replaced by a 7-story building.",,"Whitney, William H.",,1993-3151,,1 in = 10 ft,42.35153889,-71.0567,Survey Plan,1,3,1,26 x 14.5,Blueprint,,,,,,,,,,,,,,,,,,,,,,,,,,,,,,,,,,,,,,,,,,,,,,,,,,,,,,,,,,,,,,,,,,,,,,,,,,,,,,,,,,,,,,,,,,,,,,,,,,,,,
Perkins_W62_1994,,"Boston, MA",[Untitled - 15 Beacon Street],1898-05-19,,"Eldridge, Elizabeth T.; Freeman Place Chapel",13-15 Beacon Street; Freeman Place,"Plot plan showing outline of four-story brick dwelling backed by two-story brick ell and yard, gate, and right of way to chapel. Displays sf and dimensions midline of wall with adjacent building. Dotted line shows bridge across Freeman Place. Notation says: Restricted - see deed Rec. Suff. 574-73.",,,"Whitney, William H.",,1994-3152,,1 in = 10 ft,42.35827191,-71.062,Survey Plan,1,,1,10 x 16.5,Blueprint,Buckling.,,,,,,,,,,,,,,,,,,,,,,,,,,,,,,,,,,,,,,,,,,,,,,,,,,,,,,,,,,,,,,,,,,,,,,,,,,,,,,,,,,,,,,,,,,,,,,,,,,,,
Perkins_W62_1995,,"Boston, MA",[Untitled - Boylston Street],1898-06-03,"Corey, Mary G., heirs; Peabody, Francis. Jr. et al",,Boylston Street; [Kilmarnock Street],Plot plan showing lots labeled A and B containing dimensions and sf and line of street through monuments recently added. Shows proposed 50 foot wide street [Kilmarnock Street]. ,"Dashed lines align with new street, later named Kilmarnock.",,"Whitney, William H.",,1995-3153,27,1 in = 40 ft,42.34382583,-71.0999,Survey Plan,1,,1,13.5 x 12,Blueprint,Buckling.,,,,,,,,,,,,,,,,,,,,,,,,,,,,,,,,,,,,,,,,,,,,,,,,,,,,,,,,,,,,,,,,,,,,,,,,,,,,,,,,,,,,,,,,,,,,,,,,,,,,
Perkins_W63_2289,French Estate - Gloucester,"Gloucester, MA","Land of the French Estate at Bay-View, Gloucester, Mass. Compiled with additions, from a plan by Winslow L. Webber",1902-12-05,"French, Jonas A.","Butler, Benjamin F.; Day, E.O.; Day, Stella; Dustin and Sanders; Ghiringelli, Joseph; Jewell; Gregg; Lane, Cyrus; Lincoln, Florence; Linscott, Mrs. J.J.; Marphant, Wiliam & H.G.; Newman; O'Dwyer, Johanna; Powers, William; Ricker, heirs of; Rockport Granite Co.; Sargent, Alex; Temple; Tolle, Richard; Universal First Church; William, Richard G.; ",Washington Street; David Neck; Ipswich Bay,"Plot plan showing lot with driveway and footprint of buildings and sf. Shows abutters with names, building footprints, and access roads. Coasts show hatching. Ornate border.","Winslow Webber was a civil engineer who did numerous surveys in the Cape Ann area, including various documenting widening of Washington Street; many are recorded in Southern Essex Registry of Deeds; his plans also appeared in Walker Atlases. Col. Jonas French and his neighbor Butler were prominent in Massachusetts politics and owned large estates in the Annisquam section of Gloucester and involved in the Cape Ann granite industry, https://halibutpointnotes.blogspot.com/2016/07/the-cape-ann-granite-company-part-5.html",,Fuller & Whitney,,2289-3784,,1 in = 80 ft,42.66478377,-70.6687,Survey Plan,1,6,1,26 x 48,Blueprint,Buckling.,,,,,,,,,,,,,,,,,,,,,,,,,,,,,,,,,,,,,,,,,,,,,,,,,,,,,,,,,,,,,,,,,,,,,,,,,,,,,,,,,,,,,,,,,,,,,,,,,,,,
Perkins_W63_2290,Bay State Road,"Boston, MA",[Untitled - Cummington Street],1904-01-01,,New York Central Hudson River Railroad,Cummington Street [Cummington Mall],"Subdivision plan showing 3 lots in ""Block B"" of plan dated April 11, 1898. Displays sf and dimensions for lots A and 7 and division line of April 11, 1908 as recorded on Suffolk Deed 2166-322. Red pencil and ink edits on front and verso.",,,"[Whitney, William H.]",,2290-3785,"I, 752",1 in = 30 ft,42.34875867,-71.0981,Survey Plan,1,,1,14.5 x 10,Blueprint,,,,,,,,,,,,,,,,,,,,,,,,,,,,,,,,,,,,,,,,,,,,,,,,,,,,,,,,,,,,,,,,,,,,,,,,,,,,,,,,,,,,,,,,,,,,,,,,,,,,,
Perkins_W63_2291-2292,,"Boston, MA",[Untitled - Boylston at Church Streets],01/19/1904; 01/25/1904,"Rotch, A.L. Lawrence; Rotch, William","Lincoln, William L., heirs",246 - 256 Boylston Street; Church Street [Hadassah Way]; Providence Street,"Two plans of multiple buildings. First plan is subdivision plan showing 5 lots with passageway and paved walk and steps. Second plan shows more partitions and details as well as detached wall; note indicates plan was revised to show outside dimensions and angles and new boundaries of Church Street and abutter William L. Lincoln. Displays sf and dimensions. Includes list of survey plans compiled from dated back to 1887, also listed on verso.","Per urban atlases and old Boston directories, was location of the Hotel Vossler.",,Fuller & Whitney,,2291-3786/2292-3786,,1 in = 10 ft,42.35190518,-71.0691,Survey Plan,1,2,1,14.5 x 22,Blueprint,,,,,,,,,,,,,,,,,,,,,,,,,,,,,,,,,,,,,,,,,,,,,,,,,,,,,,,,,,,,,,,,,,,,,,,,,,,,,,,,,,,,,,,,,,,,,,,,,,,,,
Perkins_W63_2293,French Estate - Gloucester,"Gloucester, MA",[Untitled - Land of the French Estate],1904-04-23,"French, Jonas A.","Butler, Benjamin F. estate; O'Dwyer, Johanna",Washington Street,"Plot plan showing lot with driveway and footprint of buildings and sf. Shows abutters with names, building footprints, and driveway. Coasts show hatching and footprint of beach house.",,,Fuller & Whitney,,2293-3788,,1 in = 80 ft,42.66478377,-70.6687,Survey Plan,1,,1,16 x 11,Blueprint,,,,,,,,,,,,,,,,,,,,,,,,,,,,,,,,,,,,,,,,,,,,,,,,,,,,,,,,,,,,,,,,,,,,,,,,,,,,,,,,,,,,,,,,,,,,,,,,,,,,,
Perkins_W63_2294,Boston Harbor Wharves,"South Boston Waterfront (Boston, MA)",[Untitled - Atlantic and Eastern Avenues],1904-05-13,,"Beal, James H.; City of Boston; Derby, H.; Whittier, Albert R.; Williams, William C.",Atlantic Avenue; Commercial Street; Eastern Avenue; Fleet Street; Lewis Wharf,"Plan showing outline of dock with common passageway and demarcation of wall with notations about location of wall relative to stone. Note refers to indenture 504-141 ""dedicated for wall and other uses."" Plan shows harbor line, Acts of 1880 and refers to ferry drop and ferry slip. Red and penciled notations on front and verso.",Suffolk registry contains trio of plans showing wharf with boundary related to railroad; plan seems based on 1842 plan by engineer R.H. Eddy,Suffolk Unindexed Plan Bk/Pg 504/141,Fuller & Whitney,,2294-3789,,1 in = 40 ft,42.3639115,-71.051,Survey Plan,1,,1,12.5 x 26.5,Blueprint,Edge damage. Loss.,,,,,,,,,,,,,,,,,,,,,,,,,,,,,,,,,,,,,,,,,,,,,,,,,,,,,,,,,,,,,,,,,,,,,,,,,,,,,,,,,,,,,,,,,,,,,,,,,,,,
Perkins_W63_2295,,"Boston, MA",[Untitled - Beacon Street at Somerset Street],1904-05-23,,"Brown, Benjamin E. at al; Patterson, Annie; Pierce, B., estate; Sise, Albert F.; Wigglesorth, H. M.; Wilson, George A.;",Beacon Street; Somerset Street,"Plan showing 13,243 sf plot divided among 4 buildings, ranging from 1 thru 6 stories and surrounded by others, including 9-story building under construction. Displays dimensions and references to party wall agreements filed in registry. Red pencil edits; Note indicates plan copied from one made by Whitney dtd. 6/23/1896.","Per urban atlases, plot owned by American Congregational Church, then by Benjamin F. Dutton, then by Houghton & Dutton Dry Goods. Houghton & Dutton were major dry goods store for 50 years; see Digital Commonwealth for images.",,Fuller & Whitney,,2295-3790,,1 in = 8 ft,42.35836591,-71.0614,Survey Plan,1,4,1,27 x 23,Blueprint,Edge damage. Buckling. Tears.,,,,,,,,,,,,,,,,,,,,,,,,,,,,,,,,,,,,,,,,,,,,,,,,,,,,,,,,,,,,,,,,,,,,,,,,,,,,,,,,,,,,,,,,,,,,,,,,,,,,
Perkins_W63_2296,Huntington Street Lands,"Boston, MA","[Untitled - Hemenway Street, Huntington Entrance]",1904-06-23,,City of Boston,Batavia Street [Symphony Road]; Bryant Street [Forsyth Street]; Camden Street [Defunct]; Falmouth Street [Defunct]; Fenway; Parker Street [Hemenway]; West Chester Park [Westland Avenue]; Westland Avenue,"Subdivision plan showing two sets of lots bordered by 10-foot-wide passageways. One lot labelled A. Other lots numbered 1 thru 106. Lots show dimensions and sf. One lot is right of way for City of Boston from Parker to Fenway. Red penciled notation on Parker Street says ""Hemenway.""",,,[Fuller & Whitney],,2296-3791,46-48,1 in = 60 ft,42.34170648,-71.0893,Survey Plan,1,,1,34 x 20,Brownline on trace,"2 panels, seamed. Edge damage. Buckling.",,,,,,,,,,,,,,,,,,,,,,,,,,,,,,,,,,,,,,,,,,,,,,,,,,,,,,,,,,,,,,,,,,,,,,,,,,,,,,,,,,,,,,,,,,,,,,,,,,,,
Perkins_W63_2297-2298,,"Boston, MA",[Untitled - Worthington between Fenway and Longwood Avenue],1904-06-29,,"Binney, W. G.; Brown, R.H.; Francis, Ebenezer, estate of; Gardner, Isabella S.: Longwood Avenue Land Trust; Rice, Charles G.; Rice, Nehemiah W.; Simmons Female College; Thorndike, Rachel S.",Fenway; Huntington Avenue; Longwood Avenue; Tremont Entrance [Defunct; Evans Way]; Worthington Street [Palace Road],Two versions of Lot plan showing two lots with sf and dimensions; smaller lot abutting Gardner property is labelled Lot A. Plan #2298-2793 shows additional calculations in lettering and red pencil. Grid of dashed lines under thick line representing outline of bordering fen. Unnamed street abuts Tremont Entrance. Note on verso indicates red notations done in 10/2906.,"Shows current site of the Isabella S. Gardner Museum, shortly after Gardner purchased the property, and of Simmons University. Per urban atlases, land within heavily-bordered area owned by Moses William/Boston Power Company.",,[Fuller & Whitney],,2297-3792/2298-3793,"9, 10, 11",1 in = 60 ft,42.33870473,-71.0993,Survey Plan,1,,1,19 x 29,Blueprint,"4 panels, seamed. Edge damage. Loss.",,,,,,,,,,,,,,,,,,,,,,,,,,,,,,,,,,,,,,,,,,,,,,,,,,,,,,,,,,,,,,,,,,,,,,,,,,,,,,,,,,,,,,,,,,,,,,,,,,,,
Perkins_W63_2299,,"Boston, MA",[Untitled - Worthington between Fenway and Tremont Entrance],1904-07-18,,"Boston Water Power Company; City of Boston; Rice, Charles G.; Rice, Nehemiah W.; ",Huntington Avenue; Longwood Avenue; Tremont Entrance [Defunct; Evans Way]; Worthington Street [Palace Road],"Lot plan showing block of five lots with sf and dimensions. Contains sub-plan insert detailing sf and dimensions of lot at bend of line at creek along corner of Worthington and proposed street. Features annotations for sources of verification of lines. Largest lot features entry saying ""Taken by City of Boston for School Purposes, June 22, 1904.""",Nehemiah W. Rice was prominent Boston-area merchant and financier. The lot purchased by the City of Boston was used for various schools.,,[Fuller & Whitney],,2299-3794,"9, 10, 11",1 in = 60 ft,42.33870473,-71.0993,Survey Plan,1,,1,18 x 15.5,Blueprint,"2 panels, seamed.",,,,,,,,,,,,,,,,,,,,,,,,,,,,,,,,,,,,,,,,,,,,,,,,,,,,,,,,,,,,,,,,,,,,,,,,,,,,,,,,,,,,,,,,,,,,,,,,,,,,
Perkins_W63_2300,,"Boston, MA",[Untitled - Worthington between Fenway and Tremont Entrance],1904-07-28,,"Boston Water Power Company; City of Boston; Francis, Ebenezer, estate; Rice, Charles G.; Rice, Nehemiah W.; ",Huntington Avenue; Longwood Avenue; Tremont Entrance; Wigglesworth Street; Worthington Street [Palace Road],"Lot plan showing lot with sf and dimensions. shows dotted lines which may represent street. One side of lot shows line of tidewater marks. Largest lot features entry saying ""Taken by City of Boston for School Purposes.""",,,[Fuller & Whitney],,2300-3795,"9, 10, 11",1 in = 60 ft,42.33870473,-71.0993,Survey Plan,1,,1,18.5 x 20,Blueprint,"2 panels, seamed.",,,,,,,,,,,,,,,,,,,,,,,,,,,,,,,,,,,,,,,,,,,,,,,,,,,,,,,,,,,,,,,,,,,,,,,,,,,,,,,,,,,,,,,,,,,,,,,,,,,,
Perkins_W63_2301,Ashburton Place / Bowdoin Street,"Boston, MA",[Untitled - Ashburton Place and Bowdoin Street],1904-08-21,,,Ashburton Place; Bowdoin Street,"Lot plan showing corner lot containing outline of two buildings with yards. Gridlines divide the area into Sections 1 and 2, crossed by Sections A, B, C. Red penciled notes.","Lot comprised No. 11, 14, 15, 17 Ashburton Place and No. 98 and 102 Bowdoin Street. Per urban atlases, lot was occupied by the Boston Baptist Social Union [Ford Building] and Boston University Law school; in the 1970s, these buildings were demolished and replaced by the John W. McCormack state office building",,[Fuller & Whitney],,2301-3796,,1 in = 10 ft,42.35928337,-71.0626,Survey Plan,1,,1,14 x 15.5,Blueprint,,,,,,,,,,,,,,,,,,,,,,,,,,,,,,,,,,,,,,,,,,,,,,,,,,,,,,,,,,,,,,,,,,,,,,,,,,,,,,,,,,,,,,,,,,,,,,,,,,,,,
Perkins_W63_2302,,"Boston, MA",[Untitled - Devonshire Street],1904-08-21,,"Beale, estate; Howe, George D., estate;",80 and 82 Devonshire Street,Plan and building section showing outline and profile of two structures with dimensions and dashed lines for party walls. Specifies locations of windows. Various sets of notes in different colors. Section shows profiles of structure about a roof and plan states: Light area in second story. Handwritten note on verso by Whitney explains revision in drawing to fifth story only.,"Per urban atlases, buildings were owned by Commonwealth National Bank, then National Shawmut Bank, which took over adjacent building.",,"Whitney, William H.",,2302-3797,,1 in = 4 ft,42.35778443,-71.0572,Survey Plan,1,2,1,12 x 23.5,Blueprint,,,,,,,,,,,,,,,,,,,,,,,,,,,,,,,,,,,,,,,,,,,,,,,,,,,,,,,,,,,,,,,,,,,,,,,,,,,,,,,,,,,,,,,,,,,,,,,,,,,,,
Perkins_W63_2303,,"Boston, MA",[Untitled - Jarvis Street],1904-08-26,,"Crowell, Albert; Eliot Land Company; Grant, L.F.; Healy, C.E.; Hunt, John P.; Jackson, Caroline E.; Massachusetts Fireproof Storage and Warehouse Co.; Perry, Alonzo W.; Whitney, Henry M. Whitney",Gainsborough Street; Hemenway Street; Jarvis Street {Jarvis Place]; St. Stephen Street; Street No. 184 [Defunct],"Plan of 4 lots surrounding Jarvis Place. Displays sf and dimensions. Outlines abutters' lots, several with building footprints.","Per urban atlases, lot was owned by Washington B. Thomas and Edward Pierce.",,Fuller & Whitney,,2303-3798,"D, 57, 684",1 in = 40 ft,42.34170497,-71.0887,Survey Plan,1,2,1,27.5 x 16.5,Blueprint,Edge damage. Buckling.,,,,,,,,,,,,,,,,,,,,,,,,,,,,,,,,,,,,,,,,,,,,,,,,,,,,,,,,,,,,,,,,,,,,,,,,,,,,,,,,,,,,,,,,,,,,,,,,,,,,
Perkins_W63_2304-2305,Boston Harbor Wharves,"South Boston Waterfront (Boston, MA)",[Untitled - Atlantic Avenue near Lewis Wharf],1904-09-12,,,Atlantic Avenue; Lewis Wharf,"Two versions of a plan showing outline of wharves. Notes indicate sources of location of boundary lines. Plan#2304 is more faded and displays red penciled marks. Other plans and source are referenced, including 1832 plan in Suffolk Registry.",,Suffolk Unindexed Plan #360-302,Fuller & Whitney,,2304-3799/2305-3800,,1 in = 40 ft,42.36367593,-71.0511,Survey Plan,1,4,1,20.5 x 20.5,Blueprint,Buckling. Tears.,,,,,,,,,,,,,,,,,,,,,,,,,,,,,,,,,,,,,,,,,,,,,,,,,,,,,,,,,,,,,,,,,,,,,,,,,,,,,,,,,,,,,,,,,,,,,,,,,,,,
Perkins_W63_2306,Boston Harbor Wharves,"South Boston Waterfront (Boston, MA)",[Untitled - Atlantic Avenue Commercial Street],1904-09-12,Lewis Wharf Corporation,,Atlantic Avenue; Commercial Street; Eastern Avenue; Fleet Street; Fulton Street; Lewis Wharf; North Street; Watts Wharf,"Lot plan showing block with sf and dimensions and reference lines to wharves and other locations. References other plans. One notation says"" Line agreed upon by W.H. Whitney of Fuller Whitney Corp.'n and Henry S. Adams, April 8, 1904."" Another note indicates that ""estates in this block to North Street which remain unsold are shown on Plan dated May 12, 1904 to which reference may be made.",,,Fuller & Whitney,,2306-2801,,1 in = 40 ft,42.3639115,-71.051,Survey Plan,1,2,1,23.5 x 16,Blueprint,,,,,,,,,,,,,,,,,,,,,,,,,,,,,,,,,,,,,,,,,,,,,,,,,,,,,,,,,,,,,,,,,,,,,,,,,,,,,,,,,,,,,,,,,,,,,,,,,,,,,
Perkins_W63_2307,,"Boston, MA",[Untitled - Astor Street - Norway Street],1904-09-15,,"Moore, heirs.",Astor Street [Burbank Street]; Bickerstaff Street {Defunct]; Norway Street; Hemenway Street; Massachusetts Avenue; Waln Street {Defunct]; Westland Avenue.,Subdivision plan showing five lots number 16 thru 24 with sf and dimensions. Note references plans dated 10/10/1881 and 12/11/1900. Edits in red pencil.,"Per urban atlases, lots were owned by Grenwille T.W. Braman.",,Fuller & Whitney,,2307-3802,59-58,1 in = 60 ft,42.3455375,-71.0891,Survey Plan,1,,1,16 x 14,Blueprint,,,,,,,,,,,,,,,,,,,,,,,,,,,,,,,,,,,,,,,,,,,,,,,,,,,,,,,,,,,,,,,,,,,,,,,,,,,,,,,,,,,,,,,,,,,,,,,,,,,,,
Perkins_W63_2308,Moody Street,"Waltham, MA",[Untitled - Moody Street],1904-09-29,,Central Dry Goods Company.,Moody Street; Pine Street; Charles River,Subdivision plan showing 7 lots labelled A thru g. Displays sf and dimensions. Abuts 16-foot-wide passageway.,"Per urban atlases, this site was owned by Boston Manufacturing Company, one of the first factories based in America and a textile mill.",,Fuller & Whitney,,2308-3803,,1 in = 20 ft,42.37223351,-71.2366,Survey Plan,1,2,1,25.5 x 14.5,Blueprint,,,,,,,,,,,,,,,,,,,,,,,,,,,,,,,,,,,,,,,,,,,,,,,,,,,,,,,,,,,,,,,,,,,,,,,,,,,,,,,,,,,,,,,,,,,,,,,,,,,,,
Perkins_W63_2309,Boston Harbor Wharves,"South Boston Waterfront (Boston, MA)",[Untitled - Atlantic Avenue Commercial Street],1904-10-03,Lewis Wharf Corporation,,Atlantic Avenue; 227 Commercial Street,Lot plan showing sf and dimensions. Edits in red pencil and lead pencil note on verso. Note indicates is part of lot on plan dated 09/12/1904 by Fuller Whitney. Original Stamped date of 09/22/1904 crossed out.,,,Fuller & Whitney,,2309-3804,,1 in = 2 ft,42.3639115,-71.051,Survey Plan,1,2,1,15.5 x 13,Blueprint,,,,,,,,,,,,,,,,,,,,,,,,,,,,,,,,,,,,,,,,,,,,,,,,,,,,,,,,,,,,,,,,,,,,,,,,,,,,,,,,,,,,,,,,,,,,,,,,,,,,,
Perkins_W63_2310,Boston Harbor Wharves,"South Boston Waterfront (Boston, MA)",[Untitled - Atlantic Avenue near Lewis Wharf],1904-11-23,,East Boston Ferry; Fort Wharf; common and private docks,Atlantic Avenue; Eastern Avenue; Lewis Wharf,"Plan showing outline of wharves. Displays harbor line Act of 1890, dividing walls, line of fender cap and references to other 1904 plans. Includes reference point A to Lewis Wharf lot at intersection of Atlantic and Commercial Street and a reference to a right of way to channel next to common dock.","A tiny piece of manilla paper accompanies plan; contains numbers and loose ketch and says: ""Pinned to 2310""",Suffolk Unindexed Plan #360-302,Fuller & Whitney,,2310-3805,,1 in = 40 ft,42.36367593,-71.0511,Survey Plan,1,4,1,24 x 30,Blueprint,,,,,,,,,,,,,,,,,,,,,,,,,,,,,,,,,,,,,,,,,,,,,,,,,,,,,,,,,,,,,,,,,,,,,,,,,,,,,,,,,,,,,,,,,,,,,,,,,,,,,
Perkins_W63_2311,,"Boston, MA",[Untitled - Franklin and Hawley Streets],1904-12-28,"Grew, Jane N.","Grew, Jane N.; Minot, William, trust; Upham, George P.",50 - 62 Franklin Street; Hawley Place; Hawley Street,Subdivision plan showing 3 lots with sf and dimensions. One lot shows footprint of adjacent building. References right of way to Milk Street via Morton Court (Arch Street). Edits in red and cream pencil.,,,"Whitney, William H.",,2311-3806,,1 in = 10 ft,42.35579624,-71.0589,Survey Plan,1,2,1,16.5 x 25.5,Blueprint,Binding obscures content on left edge.,,,,,,,,,,,,,,,,,,,,,,,,,,,,,,,,,,,,,,,,,,,,,,,,,,,,,,,,,,,,,,,,,,,,,,,,,,,,,,,,,,,,,,,,,,,,,,,,,,,,
Perkins_W63_2312,Ashburton Place / Bowdoin Street,"Boston, MA",[Untitled - Ashburton Place and Bowdoin Street],1901-09-07,,"Boston University; Roberts, Mercy F.",Ashburton Place; Bowdoin Street,"Lot plan showing corner lot containing outline of stairs and buildings on abutting lots, dimensions and notes related to sidewalk and location of sewer lines. Red and yellow penciled notes.","Lot comprised No. 11, 14, 15, 17 Ashburton Place and No. 98 and 102 Bowdoin Street. Per urban atlases, lot was occupied by the Boston Baptist Social Union [Ford Building] and Boston University Law school; in the 1970s, these buildings were demolished and replaced by the John W. McCormack state office building.",,"Whitney, William H.",,2312-3807,,1 in = 4 ft,42.35928337,-71.0626,Survey Plan,1,,1,45.5 x 46.5,Blueprint,12 panels seamed. Folds. Seam damage. Tears.,,,,,,,,,,,,,,,,,,,,,,,,,,,,,,,,,,,,,,,,,,,,,,,,,,,,,,,,,,,,,,,,,,,,,,,,,,,,,,,,,,,,,,,,,,,,,,,,,,,,
Perkins_W63_2313_A-B,Brookline / Essex Street Bridge,"Cambridge, MA",[Untitled - Brookline Street (Cambridge)],1905-02-01,,"Carter, Jennie; Dalrymple & Lennon; Marey, H.O.; J. Reardon & Sons Soapworks; Morse School; Norcross Brothers; Captain's Island Play Ground.",Acorn Street; Albany Street; Allston Street; Amherst Street; Bell Street; Brookline Street; Charles River Road; Chestnut Street; Erie Street; Glenwood Street; Granite Street; Greenhalge Street; Grove Street; Henry Street; Magazine Street; Meadow Street; Memorial Drive; Pearl Street; Princeton Avenue {Defunct]; Putnam Street; Rockingham Street; Sidney Street; Tufts Street; Vassar Street; Waverly Street,"2 versions of street division layout showing proposed new bridge to Essex Street and route to Middlesex Avenue, Plans show proposed and existing bridge and streets and footprints of buildings between Brookline Avenue and new street; edits in red pencil. #2313-3808 has limited information and features; shows proposed outline for Middlesex Avenue (not used in second plan). #23-3-2809 contains more detail, street names, abutter and owner information, and more decorative labeling; verso contains penciled administrative note as well as note indicating new bridge to Essex Street via Commonwealth Avenue to be completed in 1905. Also arrow pointing to Middlesex Avenue (proposed) along line of Blanche Street across Massachusetts Avenue and Main Street to Somerville. Both plans show outlines of a proposed bridge.",See other plans related to proposed bridge and parkway to Middlesex Avenue.,,Fuller & Whitney,,2313-3808/2313-3809,,1 in = 150 ft,42.35516836,-71.1102,Survey Plan,2,4,1,25 x 22.5,Blueprint,Edge damage. Buckling.,,,,,,,,,,,,,,,,,,,,,,,,,,,,,,,,,,,,,,,,,,,,,,,,,,,,,,,,,,,,,,,,,,,,,,,,,,,,,,,,,,,,,,,,,,,,,,,,,,,,
Perkins_W63_2314,Ipswich Street,"Boston, MA",[Untitled - Boylston Street - Plan no. 8],1898-01-03,,Boston and Albany Railroad; Massachusetts Historical Society; O'Reilly Statue; Windemere Building,Back Bay Fens [Lost Emerald Necklace]; Boylston Street; Ipswich Street; Massachusetts Avenue; Parker Street [Hemenway Street];,Study showing alternative layout for subdivision with new street and 12' wide passageway. One lot became site of Fenway Studios. Shows selected dimensions. Notes indicate revision dated 2/24/1905 and red pencil note indicates NY NH & Hartford Railroad is lessee of Boston & Albany.,"See other plans. Per urban atlases, land owned by Gordon Dexter. Fenway Studios is an artists' studio building designated as a national landmark.",,"Whitney, William H.",,2314-3810,"43, 64",1 in = 80 ft,42.34712081,-71.09,Survey Plan,1,,1,16.5 x 14,Blueprint,Edge damage. ,,,,,,,,,,,,,,,,,,,,,,,,,,,,,,,,,,,,,,,,,,,,,,,,,,,,,,,,,,,,,,,,,,,,,,,,,,,,,,,,,,,,,,,,,,,,,,,,,,,,
Perkins_W63_2315,,"Cambridge, MA",[Untitled - Linnaean and Avon Hill Streets],1899-08-09,"Cook, Charles W.","Bennett, Jennie H.; Bergen, J.Y.; Esterbrook, A.F.; Harvard College Botanic Garden",Avon Hill Street; Bates Street; Linnaean Street; Raymond Street,Subdivision plan showing 11 lots labelled A thru N. Displays dimensions and sf. Edits in red pencil. Date indicates revised 3/10/1905.,,,Fuller & Whitney,,2315-3811,,1 in = 40 ft,42.38371326,-71.1246,Survey Plan,1,4,1,18 x 24,Blueprint,Edge damage. ,,,,,,,,,,,,,,,,,,,,,,,,,,,,,,,,,,,,,,,,,,,,,,,,,,,,,,,,,,,,,,,,,,,,,,,,,,,,,,,,,,,,,,,,,,,,,,,,,,,,
Perkins_W63_2316-2317,Back Bay Park West,"Boston, MA",[Untitled - Audubon Road; Ivy Street],1905-05-10,,"Wheatland, George.",Audubon Road [Park Drive]; Ivy Street [Buswell Street],"Pair of plot plans showing Lots 1 and 2 at street intersection. Lots display dimensions and sf and building outlines, also outlines of curved corner streets and 15 ft wide passage way.",,,"Whitney, William H.",,2316-3812/2317-3812,,1 in = 20 ft,42.34760406,-71.1056,Survey Plan,2,,1,14 x 17,Blueprint,,,,,,,,,,,,,,,,,,,,,,,,,,,,,,,,,,,,,,,,,,,,,,,,,,,,,,,,,,,,,,,,,,,,,,,,,,,,,,,,,,,,,,,,,,,,,,,,,,,,,
Perkins_W63_2318,Brookline / Essex Street Bridge,"Cambridge, MA",[Untitled - Brookline Street (Cambridge)],1905-02-02,,"Carter, Jennie; Dalrymple & Lennon; Marey, H.O.; J. Reardon & Sons Soapworks; Morse School; Norcross Brothers; Captain's Island Play Ground.",Acorn Street; Albany Street; Allston Street; Amherst Street; Bell Street; Brookline Street; Charles River Road; Chestnut Street; Erie Street; Glenwood Street; Granite Street; Greenhalge Street; Grove Street; Henry Street; Magazine Street; Meadow Street; Memorial Drive; Pearl Street; Princeton Avenue {Defunct]; Putnam Street; Rockingham Street; Sidney Street; Tufts Street; Vassar Street; Waverly Street,"Versions of street division layout showing proposed new bridge to Essex Street and route to Middlesex Avenue (appears to be duplicate of 2313-3809),",See other plans related to proposed bridge and parkway to Middlesex Avenue.,,Fuller & Whitney,,2318-3814,,1 in = 150 ft,42.35516836,-71.1102,Survey Plan,1,4,1,25 x 22.5,Blueprint,Edge damage. Buckling.,,,,,,,,,,,,,,,,,,,,,,,,,,,,,,,,,,,,,,,,,,,,,,,,,,,,,,,,,,,,,,,,,,,,,,,,,,,,,,,,,,,,,,,,,,,,,,,,,,,,
Perkins_W64_2319,Ashburton Place / Bowdoin Street,"Boston, MA",[Untitled - Ashburton Place and Bowdoin Street],1905-03-22,,"Boston University; Roberts, Mercy F.",Ashburton Place; Bowdoin Street,"Lot plan showing corner lot containing outline of abutting lots, dimension. Red penciled notes.","Lot comprised No. 11, 14, 15, 17 Ashburton Place and No. 98 and 102 Bowdoin Street. Per urban atlases, lot was occupied by the Boston Baptist Social Union [Ford Building] and Boston University Law school; in the 1970s, these buildings were demolished and replaced by the John W. McCormack state office building.",,Fuller & Whitney,,2319-3815,,1 in = 10 ft,42.35928337,-71.0626,Survey Plan,1,2,1,19 x 16,Blueprint,Edge damage. ,,,,,,,,,,,,,,,,,,,,,,,,,,,,,,,,,,,,,,,,,,,,,,,,,,,,,,,,,,,,,,,,,,,,,,,,,,,,,,,,,,,,,,,,,,,,,,,,,,,,
Perkins_W64_2320,Ipswich Street,"Boston, MA",[Untitled - Ipswich Street],1905-03-27,,Boston & Albany Railroad (N.Y. and H.R. R.R.),Ipswich Street,Lot plan showing 1 lot with dimensions and sf; also shows dimensions of surrounding street configuration. Contains penciled edits. Note on verso indicates filed in Suffolk Registry.,"See other plans. Per urban atlases, land owned by Gordon Dexter. Is site of Fenway Studio, an artists' studio building designated as a national landmark.",Suffolk Unindexed Plan #3034-219,Fuller & Whitney,,2320-3816,"43, 64",1 in = 30 ft,42.34743806,-71.0905,Survey Plan,1,2,1,23.5 x 11.5,Blueprint,,,,,,,,,,,,,,,,,,,,,,,,,,,,,,,,,,,,,,,,,,,,,,,,,,,,,,,,,,,,,,,,,,,,,,,,,,,,,,,,,,,,,,,,,,,,,,,,,,,,,
Perkins_W64_2321,Ashburton Place / Bowdoin Street,"Boston, MA",[Untitled - Ashburton Place and Bowdoin Street],1905-04-07,,"Boston University; Roberts, Mercy F.",Ashburton Place; Bowdoin Street,"Lot plan showing corner lot containing outline of abutting lots, dimension. Red penciled dimensions. Date stamp indicates this is revised version of 3/22/1905 plan, which has slightly different s/f. Verso contains handwritten note re SF.","Lot comprised No. 11, 14, 15, 17 Ashburton Place and No. 98 and 102 Bowdoin Street. Per urban atlases, lot was occupied by the Boston Baptist Social Union [Ford Building] and Boston University Law school; in the 1970s, these buildings were demolished and replaced by the John W. McCormack state office building.","Suffolk Unindexed Deed Bk/Pg 670/34, p. 2",Fuller & Whitney,,2321-3815,,1 in = 10 ft,42.35928337,-71.0626,Survey Plan,1,2,1,19 x 16,Blueprint,Discoloration. Fading.,,,,,,,,,,,,,,,,,,,,,,,,,,,,,,,,,,,,,,,,,,,,,,,,,,,,,,,,,,,,,,,,,,,,,,,,,,,,,,,,,,,,,,,,,,,,,,,,,,,,
Perkins_W64_2322,,"Brookline, MA",[Untitled - Beacon Street at Carleton Street],1905-04-22,,Hotel Wollaton,Beacon Street; Carlton Street,Lot plan showing corner lot with table showing area of lot with one half 15 foot wide passageway. Includes sf and dimensions and partial building footprint of Hotel Wollaton. Lists boundary references from Norfolk Registry filings. Edits in red pencil; Indicates additions made 10/10/1905.,Appears to be plan for new passageway off of Carleton Stret; Norfolk Registry shows a different plan filed several years late that extended passageway behind more properties. Urban atlases indicate land may have been owned by Albert M. Lyon and then Wilmot R. Evans.,,"[Whitney, William H.]",,2322-3818,,1 in = 30 ft,42.34575168,-71.1096,Survey Plan,1,4,1,26 x 21.5,Blueprint,Edge damage. Loss.,,,,,,,,,,,,,,,,,,,,,,,,,,,,,,,,,,,,,,,,,,,,,,,,,,,,,,,,,,,,,,,,,,,,,,,,,,,,,,,,,,,,,,,,,,,,,,,,,,,,
Perkins_W64_2323,Moody Street,"Waltham, MA",[Untitled - Moody Street],1905-07-05,,Waltham Gas Light Co.,Moody Street; Pine Street; Charles River,Subdivision plan showing 4 lots. Displays sf and dimensions. Abuts 16-foot wide passageway. Dam at Charles River referenced.,"Per urban atlases, this site was owned by Boston Manufacturing Company, one of the first factories based in America and a textile mill.",,Fuller & Whitney,,2323-3819,,1 in = 80 ft,42.37223351,-71.2366,Survey Plan,1,,1,15 x 11,Blueprint,,,,,,,,,,,,,,,,,,,,,,,,,,,,,,,,,,,,,,,,,,,,,,,,,,,,,,,,,,,,,,,,,,,,,,,,,,,,,,,,,,,,,,,,,,,,,,,,,,,,,
Perkins_W64_2324,,"Boston, MA",[Untitled - Harrison Avenue at Harvard Street],1905-08-25,Harvard Street Baptist Church,,Harrison Avenue; Harvard Street,Lot plan showing dimensions of land surrounding Harvard Street Baptist Church. Includes dimensions.,,,Fuller & Whitney,,2324-3820,,1 in = 8 ft,42.34963693,-71.0618,Survey Plan,1,,1,15 x 12.5,Blueprint,,,,,,,,,,,,,,,,,,,,,,,,,,,,,,,,,,,,,,,,,,,,,,,,,,,,,,,,,,,,,,,,,,,,,,,,,,,,,,,,,,,,,,,,,,,,,,,,,,,,,
Perkins_W64_2325,"Keenan, P.J.","Watertown, MA","Profile of Streets in Watertown as shown on plan offered for approval of Board of Survey dated January 3, 1903",1905-09-20,,,Brimmer Street; Francis Street; Keenan Street; St. Mary Street,Sectional profiles of 4 streets. Shows dimensions as well as heights above Boston City base.,,,Fuller & Whitney,,2325-3821,,Horiz: 1 in = 40 ft; Vert: 1 in = 8 ft,42.3742526,-71.1544,Engineering Drawing,1,2,1,23.5 x 15,Blueprint,Discoloration.,,,,,,,,,,,,,,,,,,,,,,,,,,,,,,,,,,,,,,,,,,,,,,,,,,,,,,,,,,,,,,,,,,,,,,,,,,,,,,,,,,,,,,,,,,,,,,,,,,,,
Perkins_W64_2326,,"Boston, MA",[Untitled - Harrison Avenue at Harvard Street],1905-10-06,Harvard Street Baptist Church,,60 Harrison Avenue; Harvard Street,Lot plan showing dimensions of land surrounding Harvard Street Baptist Church. Includes dimensions and sq ft and line through middle of brick partition wall. Note on verso indicates registry filing number.,Referenced in Suffolk Registry unindexed deed #3430-394 documenting transfer to land to Massachusetts Baptist Missionary Society in 1910.,Suffolk Unindexed Plan #3430-394,Fuller & Whitney,,2326-3822,,1 in = 8 ft,42.34963693,-71.0618,Survey Plan,1,,1,20 x 14.5,Blueprint,,,,,,,,,,,,,,,,,,,,,,,,,,,,,,,,,,,,,,,,,,,,,,,,,,,,,,,,,,,,,,,,,,,,,,,,,,,,,,,,,,,,,,,,,,,,,,,,,,,,,
Perkins_W64_2327,,"Brookline, MA",[Untitled - Beacon Street at Carleton Street - Additions/Corrections],1905-11-03,,"Coffin, Charles P.; Hall, Thomas B.; Lawrence, R. M., et al.; Sears, David.",Beacon Street; Carlton Street,Lot plan showing corner lot with table showing area of lot with one half 15 foot wide passageway. Includes sf and dimensions and partial building footprint of Hotel Wollaton. Subtitle states that plan contains additions and corrections. Passageway extends further.,Appears to be plan for new passageway off of Carleton Stret; Norfolk Registry shows a different plan filed several years late that extended passageway behind more properties. Urban atlases indicate land may have been owned by Albert M. Lyon and then Wilmot R. Evans.,,"[Whitney, William H.]",,2327-3823,,1 in = 30 ft,42.34575168,-71.1096,Survey Plan,1,2,1,25.5 x 15,Blueprint,Edge damage. Loss.,,,,,,,,,,,,,,,,,,,,,,,,,,,,,,,,,,,,,,,,,,,,,,,,,,,,,,,,,,,,,,,,,,,,,,,,,,,,,,,,,,,,,,,,,,,,,,,,,,,,
Perkins_W64_2328,,"Boston, MA","Avery Street - Duplicate Plan of a Plan by William H. Whitney dated Aug. 8, 1893",1905-11-03,,"Parker, Jasper, heirs; Roessle, John, heirs.",Avery Street; Avery Place; Haymarket Place; Washington Street,"Lot plan showing layout of brick and wooden buildings, yards. Includes dimensions and overall sf. and thickness of exterior wall.","Per urban atlases, land was owned by Louis P. Ober in 1902 in and by William Gaston in 1908.",,Fuller & Whitney,,2328-3824,,1 in = 8 ft,42.3536798,-71.0631,Survey Plan,1,3,1,29 x 16,Blueprint,,,,,,,,,,,,,,,,,,,,,,,,,,,,,,,,,,,,,,,,,,,,,,,,,,,,,,,,,,,,,,,,,,,,,,,,,,,,,,,,,,,,,,,,,,,,,,,,,,,,,
Perkins_W64_2329,,"Boston, MA","Plan of Lands in Back Bay belonging to Mary A. Tappan and Ellen S. Dixey, heirs of William A. Tappan",1905-11-10,"Dixey, Ellen S.; Tappan, Mary A.",,Audubon Road [Park Drive]; Jersey Street; Queensberry Street; Private Alley 924,Lot plan showing three lots. Displays dimensions and sf and 16 foot wide passageway.,"The Tappans were a prominent business family and landowners with links to Aspinwalls. William Tappan was son of Lewis Tappan, abolitionist. Daughters Mary Tappan and Ellen Tappen Sturgis Dixey were poets. Family owned the Berkshire estate that became Tanglewood. https://www.wikitree.com/wiki/Tappan-184",,Fuller & Whitney,,2329-3825,27,1 in = 40 ft,42.34287785,-71.097,Survey Plan,1,2,1,26 x 15.5,Blueprint,,,,,,,,,,,,,,,,,,,,,,,,,,,,,,,,,,,,,,,,,,,,,,,,,,,,,,,,,,,,,,,,,,,,,,,,,,,,,,,,,,,,,,,,,,,,,,,,,,,,,
Perkins_W64_2332,,"Boston, MA",[Untitled - Allston Place and Somerset Street],1905-12-01,,,Allston Place [Defunct]; Allston Street [Defunct]; 16 and 18 Somerset Street,"Lot plan showing large plot with building outlines, ""arched passageway,"" court yard. Displays dimensions and table of sf for ""main lot"" alongside courtyard and passageway. Red pencil edits indicate ""unrestricted area"" was renamed ""main lot.""","Per urban atlases, lot was occupied by the New England Genealogical Society.",,Fuller & Whitney,,2332-3830,,1 in = 8 ft,42.35968067,-71.0617,Survey Plan,1,4,1,23.5 x 26.5,Blueprint,,,,,,,,,,,,,,,,,,,,,,,,,,,,,,,,,,,,,,,,,,,,,,,,,,,,,,,,,,,,,,,,,,,,,,,,,,,,,,,,,,,,,,,,,,,,,,,,,,,,,
Perkins_W64_2333,,"Boston, MA",[Untitled - Copy of Plan of Carver Street and Eliot Street],1905-12-11,,"Cox, Emeline B.; Thorndike, George Whittemore; ",26 and 28 Carver Street; 183 and 189 Eliot Street,"Lot plan showing large lot with containing four story brick building. Subtitle indicates is a copy of a plan by Aspinwall and Lincoln, Civil Engineers of 3 Hamilton Place, Boston. Shows notations indicated boundary lines claimed by Thorndike heirs. Note on verso indicates Suffolk filing registration.",Unclear whether Fuller-Whitney modified this version. Aspinwall & Lincoln were Boston-based Civil Engineers and surveyors.,,Fuller & Whitney; Aspinwall & Lincoln,,2333-3831,,1 in = 4 ft,42.35173878,-71.067,Survey Plan,1,2,1,21 x 15,Blueprint,,,,,,,,,,,,,,,,,,,,,,,,,,,,,,,,,,,,,,,,,,,,,,,,,,,,,,,,,,,,,,,,,,,,,,,,,,,,,,,,,,,,,,,,,,,,,,,,,,,,,
Perkins_W64_2334,Huntington Street Lands,"Boston, MA","[Untitled - Hemenway Street, Huntington Entrance]",1905-12-19,,City of Boston; Conservatory Chambers,Batavia Street [Symphony Road]; Bryant Street [Forsyth Street]; Fencourt; Fenway; Huntington Entrance [Forsyth Way]; Gainsborough Street; Huntington Entrance; Parker Street [Hemenway]; Westland Avenue,"Subdivision plan showing two sets of lots bordered by 10-foot-wide passageways. Lots labelled A, B, 1 thru 70. Other lots numbered 1 thru 106. 10 lots labelled as sold. Most lots show dimensions and sf. One lot is right of way for City of Boston from Hemenway to Fenway. Shows two hatched building footprints and trees and shoreline of Back Bay Fens.",,,[Fuller & Whitney],,2334.5-3833,46-48,1 in = 60 ft,42.34170648,-71.0893,Survey Plan,1,6,1,32 x 20.5,Blueprint,Buckling.,,,,,,,,,,,,,,,,,,,,,,,,,,,,,,,,,,,,,,,,,,,,,,,,,,,,,,,,,,,,,,,,,,,,,,,,,,,,,,,,,,,,,,,,,,,,,,,,,,,,
Perkins_W64_2335,,"Boston, MA",[Untitled - Astor Street - Norway Street],1905-12-26,,"Moore, heirs.",Astor Street [Burbank Street]; Bickerstaff Street {Defunct]; Norway Street; Hemenway Street ;Massachusetts Avenue; Waln Street {Defunct]; Westland Avenue.,Subdivision plan showing lots number 16 thru 17 with sf and dimensions. Another lot is notated as being sold. Red ink edits show lot 16 further subdivided. Note indicates that lot lines and numbers conform to plan dated 10/10/1891 (Drawing #1766-2588],"Per urban atlases, lots were owned by Grenville T.W. Braman, an executive at the Boston Power Company.",,Fuller & Whitney,,2335-3834,59-58,1 in = 60 ft,42.3455375,-71.0891,Survey Plan,1,,1,19 x 14.5,Blueprint,,,,,,,,,,,,,,,,,,,,,,,,,,,,,,,,,,,,,,,,,,,,,,,,,,,,,,,,,,,,,,,,,,,,,,,,,,,,,,,,,,,,,,,,,,,,,,,,,,,,,
Perkins_W64_2336,Ipswich Street,"Boston, MA",[Untitled - Boylston Road and Ipswich Street],1906-02-01,,,Boylston Road [Boylston Street]; [Charlesgate East]; Ipswich Street; Back Bay Fens,Lot plan showing 2 lots with dimensions and sf abutted by 12 foot wide passageway. Red pencil edits.,"See other plans. Per urban atlases, land owned by Gordon Dexter. Is site of Fenway Studio, an artists' studio building designated as a national landmark.",,Fuller & Whitney,,2336-3835,"43, 64",1 in = 30 ft,42.34672442,-71.0904,Survey Plan,1,2,1,23.5 x 18,Blueprint,,,,,,,,,,,,,,,,,,,,,,,,,,,,,,,,,,,,,,,,,,,,,,,,,,,,,,,,,,,,,,,,,,,,,,,,,,,,,,,,,,,,,,,,,,,,,,,,,,,,,
Perkins_W64_2337,Gray Estate,"Dorchester (Boston, MA)",[Untitled - Dacia Street and Dewey Street],1906-02-10,,"Dizec, Elizabeth; Kember, Elias; The Dewey","Dacia Street; 26, 28, 30, 32, 34 Dewey Street",Subdivision plan showing 3 lots with dimensions and sf and footprints of bow-front houses with steps. Includes lines of tracks along Blue Hill Avenue. Foster Morse is listed as auctioneer.,,,Fuller & Whitney,,2337-3836,,1 in = 20 ft,42.31680524,-71.0766,Auctioneer's Plan,1,,1,12.5 x 13,Blueprint,Edge damage. Buckling. Creases.,,,,,,,,,,,,,,,,,,,,,,,,,,,,,,,,,,,,,,,,,,,,,,,,,,,,,,,,,,,,,,,,,,,,,,,,,,,,,,,,,,,,,,,,,,,,,,,,,,,,
Perkins_W64_2338,Ipswich Street,"Boston, MA",[Untitled - Boylston Road and Ipswich Street],1906-02-17,,Boston & Albany Railroad (N.Y. and H.R. R.R.); Fenway Studios Building; Massachusetts Historical Society,Boylston Road [Boylston Street]; Ipswich Street; Back Bay Fens,Lot plan showing 1 block with 5 lots divided by 12 foot wide passageway. with dimensions and sf and table of calculations showing how sf of passageway to be allocated between Fenway Studios and other lots. Edits in red pen.,"See other plans. Per urban atlases, land owned by Gordon Dexter. Is site of Fenway Studio, an artists' studio building designated as a national landmark.",,Fuller & Whitney,,2338-3837,"43, 64",1 in = 30 ft,42.34743806,-71.0905,Survey Plan,1,2,1,16.5 x 10.5,Brownline on manilla,,,,,,,,,,,,,,,,,,,,,,,,,,,,,,,,,,,,,,,,,,,,,,,,,,,,,,,,,,,,,,,,,,,,,,,,,,,,,,,,,,,,,,,,,,,,,,,,,,,,,
Perkins_W64_2339,Ipswich Street,"Boston, MA",[Untitled - Boylston Road and Ipswich Street],1906-02-03,,,Boylston Road [Boylston Street]; Ipswich Street; Back Bay Fens,Lot plan showing 2 lots with dimensions and sf abutted by 12 foot wide passageway. ,"See other plans. Per urban atlases, land owned by Gordon Dexter. Is site of Fenway Studio, an artists' studio building designated as a national landmark.",,Fuller & Whitney,,2339-3838,"43, 64",1 in = 30 ft,42.34672442,-71.0904,Survey Plan,1,2,1,23 x 14.5,Blueprint,,,,,,,,,,,,,,,,,,,,,,,,,,,,,,,,,,,,,,,,,,,,,,,,,,,,,,,,,,,,,,,,,,,,,,,,,,,,,,,,,,,,,,,,,,,,,,,,,,,,,
Perkins_W64_2340,Ipswich Street,"Boston, MA",[Untitled - Boylston Road and Ipswich Street],1906-02-17,,,Boylston Road [Boylston Street]; [Charlesgate East]; Back Bay Fens,Lot plan showing 2 lots with schematic outlines of buildings and overall dimensions. Red pencil edits.,"Per urban atlases, lots were owned by Gordon Dexter and abutted Fenway Studios.",,Fuller & Whitney,,2340-3839,"43, 64",1 in = 8 ft,42.34743806,-71.0905,Survey Plan,1,6,1,36.5 x 23,Blueprint,,,,,,,,,,,,,,,,,,,,,,,,,,,,,,,,,,,,,,,,,,,,,,,,,,,,,,,,,,,,,,,,,,,,,,,,,,,,,,,,,,,,,,,,,,,,,,,,,,,,,
Perkins_W64_2341,,"Brookline, MA","[Untitled - Beacon, Park, and Webster Streets]",1906-03-15,"Brookline Baptist Church; Brookline, Town of",,Beacon Street; Park Street; Webster Street,Street layout plan showing dimensions to streets. Table indicates sf taken by town in accordance with plan by Aspinwall & Lincoln dtd. 02/28/1887; taken by 1906 town layout; credit of the Baptist Church. Red pencil edits.,"Designed by the architect Julius Schweinfurth, the Baptist Church was built in 1907, later demolished. Norfolk Registry of Deeds contains various plans by Aspinwall & Lincoln for this lots.",,Fuller & Whitney,,2341-3840,,1 in = 8 ft,42.34151736,-71.123,Survey Plan,1,4,1,20 x 21,Blueprint,,,,,,,,,,,,,,,,,,,,,,,,,,,,,,,,,,,,,,,,,,,,,,,,,,,,,,,,,,,,,,,,,,,,,,,,,,,,,,,,,,,,,,,,,,,,,,,,,,,,,
Perkins_W64_2342,West End Land Co.,"Boston, MA",[Untitled - St. between Gainsborough & Massachusetts Avenue],1906-03-20,Huntington Ave. and St. Botolph's St. Land Trust [Winslow Warran Trust],"New York, New Haven and Hartford R.R.; West End Street Railway",Gainsborough Street; Huntington Street; Massachusets Avenue; St. Botolph's Street,"Subdivision plan showing two blocks of lots. 10 lots are labelled as sold, two have sf. Included dimensions and dashed lines indicating [now defunct] Waldo and Whitman Streets and locations of alleyways.",,,Fuller & Whitney,,2342-3841,"69, 615, 616, 617",1 in = 60 ft,42.34143138,-71.085,Survey Plan,1,4,1,17.5 x 18,Blueprint,,,,,,,,,,,,,,,,,,,,,,,,,,,,,,,,,,,,,,,,,,,,,,,,,,,,,,,,,,,,,,,,,,,,,,,,,,,,,,,,,,,,,,,,,,,,,,,,,,,,,
Perkins_W64_2343,,"Boston, MA",[Untitled - Jefferson Place],1906-04-14,Boston Dispensary,,"Corey Avenue; 3, 4, 5 Jefferson Place [Defunct]","Survey plan showing lot outline with dimensions, calculations, and heights relative to ""Boston base"" as shown by City bench on Tyler and Harvard Streets. Note says ""Green shows proposed addition.""","Per urban atlases, lots were taken over by the Boston Dispensary, which owned lot on opposite side of Jefferson Place. The Dispensary was one of the oldest American hospitals, now part of Tufts Medical Center.",,Fuller & Whitney,,2343-3842,,1 in = 4 ft,42.34909732,-71.0627,Survey Plan,1,4,1,26 x 23,Blueprint,Discoloration.,,,,,,,,,,,,,,,,,,,,,,,,,,,,,,,,,,,,,,,,,,,,,,,,,,,,,,,,,,,,,,,,,,,,,,,,,,,,,,,,,,,,,,,,,,,,,,,,,,,,
Perkins_W64_2344,,"Boston, MA",[Untitled - Jefferson Place],1906-04-18,Boston Dispensary,,"Corey Avenue; 3, 4 Jefferson Place [Defunct]","Plan and elevation of dividing wall between No. 3 and 4 Jefferson Place. Shows elevations lines for basement, boiler room, and passageway as well as profile of chimney tops and dimensions.","Per urban atlases, lots were taken over by the Boston Dispensary, which owned lot on opposite side of Jefferson Place. The Dispensary was one of the oldest American hospitals, now part of Tufts Medical Center.",,Fuller & Whitney,,2344-3843,,1 in = 4 ft,42.34909732,-71.0627,Architectural Drawing,1,4,1,26 x 23,Blueprint,Discoloration.,,,,,,,,,,,,,,,,,,,,,,,,,,,,,,,,,,,,,,,,,,,,,,,,,,,,,,,,,,,,,,,,,,,,,,,,,,,,,,,,,,,,,,,,,,,,,,,,,,,,
Perkins_W65_1,,"Boston, MA","Plan of Commonwealth Lands East of Exeter Street showing Street-Numbers, Houses and Lots.",1882-09-01,Multiple,,Arlington Street; Beacon Street; Berkeley Street; Boylston Street; Clarendon Street; Dartmouth Street; Exeter Street; Marlborough Street; Newbury Street; Charles River,"Sectional plan showing 20 blocks of lots with building footprints, owners' names, street numbers, and selective block and lot dimensions. Subtitle indicates owners' names are according to accessor' records of May 1, 1882. Decorative title block is placed in center of Commonwealth Avenue. Sections are lettered, blocks are numbered.",,,Fuller & Whitney,,FW - Misc - 001,,1 in = 100 ft,42.35248546,-71.0761,Survey Plan,1,2,1,26 x 16.5,Blueprint,,,,,,,,,,,,,,,,,,,,,,,,,,,,,,,,,,,,,,,,,,,,,,,,,,,,,,,,,,,,,,,,,,,,,,,,,,,,,,,,,,,,,,,,,,,,,,,,,,,,,
Perkins_W65_2,,"Boston, MA","Schedule of Sales Commonwealth Ave. Lands, June, 1882",1882-06-01,Multiple,,Beacon Street; Berkeley Street; Boylston Street; Dartmouth Street; Exeter Street; Fairfield Street; Gloucester Street; Hereford Street; Marlborough Street; Newbury Street; West Chester Park [Massachusetts Avenue],"Schedule of monthly sales formatted as table with columns for street numbers, street name, Suffolk Registry filing information, land information, grantor, grantee, date of deed, and remarks.",,,Fuller & Whitney,,FW - Misc - 002,,Not applicable,42.35248546,-71.0761,Schedule,1,2,1,14 x 16,Blueprint,Edge damage. Seam damage.,,,,,,,,,,,,,,,,,,,,,,,,,,,,,,,,,,,,,,,,,,,,,,,,,,,,,,,,,,,,,,,,,,,,,,,,,,,,,,,,,,,,,,,,,,,,,,,,,,,,
Perkins_W65_3,,"Boston, MA","Plans of Church Building for the First Church of Christ Scientists, Cor Falmouth and Caledonia Streets",(1894-01-01),First Church of Christ Scientists,,Caledonia Street [Norway Street]; Falmouth Street [Defunct],Architectural / construction floor plans and sections. Shows vestry floor. Contains red penciled edits.,The church was initially designed by Welch in 1894 with a 1904-1906 addition. ,,"Welch, Franklin I., Architect",,FW - Misc - 003,,1 in = 4 ft,42.34543722,-71.0823,Architectural Drawing,2,2,1,41.5 x 29.5,Blueprint,Edge damage. Loss. Seam damage.,,,,,,,,,,,,,,,,,,,,,,,,,,,,,,,,,,,,,,,,,,,,,,,,,,,,,,,,,,,,,,,,,,,,,,,,,,,,,,,,,,,,,,,,,,,,,,,,,,,,
Perkins_W65_4,,"Boston, MA","Plans of Church Building for the First Church of Christ Scientists, Cor Falmouth and Caledonia Streets",(1894-01-01),First Church of Christ Scientists,,Caledonia Street [Norway Street]; Falmouth Street [Defunct],Architectural / construction floor plans and sections. Shows foundation plan. Contains red penciled edits.,The church was initially designed by Welch in 1894 with a 1904-1906 addition. ,,"Welch, Franklin I., Architect",,FW - Misc - 004,,1 in = 4 ft,42.34543722,-71.0823,Architectural Drawing,2,2,1,41.5 x 29.5,Blueprint,Edge damage. Loss. Seam damage.,,,,,,,,,,,,,,,,,,,,,,,,,,,,,,,,,,,,,,,,,,,,,,,,,,,,,,,,,,,,,,,,,,,,,,,,,,,,,,,,,,,,,,,,,,,,,,,,,,,,
Perkins_W65_5,,"Dorchester (Boston, MA)",Dorchester Parkway Grading of Section from Five Corners to Colony Railroad,Not identified,City of Boston Park Department,Old Colony Railroad ,Buttonwood Street; Carson Street; Cottage Street; Dorchester Avenue; Moseley Avenue; Pond Street; Shelburne Street; Sumner Street,Grading plan for section of Dorchester Parkway. Plan is divided into two sections. Features elevation lines.,Drawing is undated and authorship unclear. Appears to be oriented in reverse. ,,[Fuller & Whitney],,FW - Misc - 005,,1 in = 40 ft,42.321237,-71.0659,Engineering Drawing,1,2,1,20.5 x 28,Blueprint,Creases.,,,,,,,,,,,,,,,,,,,,,,,,,,,,,,,,,,,,,,,,,,,,,,,,,,,,,,,,,,,,,,,,,,,,,,,,,,,,,,,,,,,,,,,,,,,,,,,,,,,,
Perkins_W65_6,Tremont Temple,"Boston, MA",Tremont Temple,Not identified,Tremont Temple.,,,"Floor plan showing layout of space with rows of seats numbed alongside aisles A thru I. Note says ""Floor sitting 576, Stage sitting 33.""",Not dated or stamped. Site of Tremont Temple Baptist Church. ,,Fuller & Whitney,,FW - Misc - 006,,1 in = 5 ft,42.35762088,-71.0606,Architectural Drawing,1,2,1,17.5 x 23.5,Blueprint,Edge damage. ,,,,,,,,,,,,,,,,,,,,,,,,,,,,,,,,,,,,,,,,,,,,,,,,,,,,,,,,,,,,,,,,,,,,,,,,,,,,,,,,,,,,,,,,,,,,,,,,,,,,
Perkins_W65_7,Fussell Farm,"Jamaica Plain (Boston, MA)","Plan of John Fussell Farm, Riverdale & Day Street, Boston (showing its value for the merchantable sand and gravel thereon and its adaptability for use for suburban house lots.) Plan No. 3.",1885-03-31,"Fussell, John",,Day Street; Riverdale Parkway,Subdivision plan showing dimensions of lots bordering new roads.,Appears to be variant of 1233-1375. 1882 Hopkins Atlas shows that Fussell had lot abutting Atwood Street (now Evergreen),,Fuller & Whitney,,FW - Misc - 007,,1 in = 100 ft,42.32211837,-71.1099,Survey Plan,1,,1,24 x 18,Blueprint,Edge damage. Loss. Tears.,,,,,,,,,,,,,,,,,,,,,,,,,,,,,,,,,,,,,,,,,,,,,,,,,,,,,,,,,,,,,,,,,,,,,,,,,,,,,,,,,,,,,,,,,,,,,,,,,,,,
Perkins_W65_8,,"Boston, MA","Sectional Plans of Back Bay Lands from Dartmouth Street to Brookline Town line showing Assessor's Valuation of Vacant Land with Names of Owners, Areas, and Location of Estate",1885-08-01,,,,Cover sheet for sectional plans package dated 08/01/1885,See Folder 3 of Back Bay Lands Plans,,Fuller & Whitney,,FW - Misc - 008,,Scale not given,,,Survey Plan,1,,1,14 x 18,Blueprint,Edge damage. ,,,,,,,,,,,,,,,,,,,,,,,,,,,,,,,,,,,,,,,,,,,,,,,,,,,,,,,,,,,,,,,,,,,,,,,,,,,,,,,,,,,,,,,,,,,,,,,,,,,,
Perkins_W65_9,,,[Untitled - 3 stripes of blueprint paper],,,,,"3 strips of blue print paper, 2 folded in half. One contains corner of plan for Back Bay Plan Section D, Lot 106, other two are blank. ",,,[Fuller & Whitney],,FW - Misc - 009,,Not applicable,,,Not applicable,3,,1,27 x 3,Blueprint,Dimensions provided for longest strip.,,,,,,,,,,,,,,,,,,,,,,,,,,,,,,,,,,,,,,,,,,,,,,,,,,,,,,,,,,,,,,,,,,,,,,,,,,,,,,,,,,,,,,,,,,,,,,,,,,,,
Perkins_W65_10,,"Boston, MA",[Untitled - Beacon Street and Commonwealth Avenue],Not identified,,,Beacon Street; Commonwealth Avenue,"Section of plan of subdivision, cut out from larger plan.",,,[Fuller & Whitney],,FW - Misc - 010,38,Scale not given,42.34928553,-71.0947,Survey Plan,1,,1,9.5 x 5,Blueprint,,,,,,,,,,,,,,,,,,,,,,,,,,,,,,,,,,,,,,,,,,,,,,,,,,,,,,,,,,,,,,,,,,,,,,,,,,,,,,,,,,,,,,,,,,,,,,,,,,,,,
Perkins_W65_11,,"Boston, MA","Receipts & Expenditures on Back Bay Park & Vicinity to May 1, 1883",1883-05-01,,,,"Table showing table of receipts, expenditures, appropriations, and payments for various projects. Includes grand totals as well as loans authorized for 4 projects. Notation indicates tables were made from recently published Auditors' Report.",,,Fuller & Whitney,,FW - Misc - 011,,Not applicable,,,Schedule,1,2,1,13.5 x 16,Blueprint,Tears.,,,,,,,,,,,,,,,,,,,,,,,,,,,,,,,,,,,,,,,,,,,,,,,,,,,,,,,,,,,,,,,,,,,,,,,,,,,,,,,,,,,,,,,,,,,,,,,,,,,,
Perkins_W65_12,,"Boston, MA","Schedule of Sales Commonwealth Ave. Lands, June, 1882",1883-09-01,Multiple,,Beacon Street; Berkeley Street; Boylston Street; Commonwealth Avenue; Dartmouth Street; Exeter Street; Fairfield Street; Gloucester Street; Hereford Street; Marlborough Street; Newbury Street; West Chester Park [Massachusetts Avenue],"Schedule of monthly sales formatted as table with columns for street numbers, street name, Suffolk Registry filing information, land information, recorded consideration, grantor, grantee, date of deed, and remarks.",,,Fuller & Whitney,,FW - Misc - 012,,Not applicable,42.35248546,-71.0761,Schedule,1,2,1,14 x 16,Blueprint,Edge damage. Seam damage.,,,,,,,,,,,,,,,,,,,,,,,,,,,,,,,,,,,,,,,,,,,,,,,,,,,,,,,,,,,,,,,,,,,,,,,,,,,,,,,,,,,,,,,,,,,,,,,,,,,,
Perkins_W65_13,,"Boston, MA","Back Bay Park Lands Record: A Schedule and Plan issued on the First of Each Month showing recorded deeds located by numbered lots on the plan. Also progress in filling operations and street and lot improvements during the preceding month commencing Jan. 1, 1883",1883-01-01,,,,Cover sheet for sectional plans package dated 08/01/1885,See folders for Back Bay Land Plans.,,Fuller & Whitney,,FW - Misc - 013,,Not applicable,,,Schedule,1,2,1,14 x 17.5,Blueprint,Edge damage. Seam damage.,,,,,,,,,,,,,,,,,,,,,,,,,,,,,,,,,,,,,,,,,,,,,,,,,,,,,,,,,,,,,,,,,,,,,,,,,,,,,,,,,,,,,,,,,,,,,,,,,,,,
Perkins_W65_14,,"Boston, MA",[Untitled - Dalton Street between Boston and Falmouth Streets - Plan No. 3],1883-04-02,,"Boston & Albany Railroad; Boston Water & Power Company; Boston, City of; Brooks; Gray; Speare",Boylston Street; Dalton Street; Falmouth Street; Gloucester Street; Hereford Street; Huntington Avenue; West Newton Street,Subdivision plans showing showing multiple blocks of lots. Some blocks appear to be pasted on overlay.,,,Fuller & Whitney,,FW - Misc - 014,"L, 66, 67,89, 621",1 in = 100 ft,42.3468423,-71.0852,Survey Plan,1,2,1,14 x 17,Blueprint,Edge damage. Buckling.,,,,,,,,,,,,,,,,,,,,,,,,,,,,,,,,,,,,,,,,,,,,,,,,,,,,,,,,,,,,,,,,,,,,,,,,,,,,,,,,,,,,,,,,,,,,,,,,,,,,
Perkins_W65_15,,"Boston, MA",[Untitled - St. Botolph Street at West Chester Park],Not identified,,Boston & Providence Railroad; Boston Water & Power Co.; ,Albemarle Street; Blackwood Street; Camden Street; Columbus Avenue; Northampton Street; St. Botolph Street; Wellington Street; West Chester Park [Massachusetts Avenue],Subdivision plan showing multiple blocks of lots in schematic fashion. Handwritten note: South No. 1 east.,,,[Fuller & Whitney],,FW - Misc - 015,"L, 69,70, 613-616",1 in = 100 ft,42.34224114,-71.084,Survey Plan,1,2,1,14.5 x 17.5,Blueprint,Seam damage.,,,,,,,,,,,,,,,,,,,,,,,,,,,,,,,,,,,,,,,,,,,,,,,,,,,,,,,,,,,,,,,,,,,,,,,,,,,,,,,,,,,,,,,,,,,,,,,,,,,,
Perkins_W65_16,,"Boston, MA",[Untitled - Parker Street Plan and Elevation],1893-07-10,,"Braman, Grenville D.; Capen, Samuel B.; Coleman, Lewis; Eliot Land Company; Hyde, Henry D.; Jackson, Joseph A.; Jewitt, Caroline P.; Mercantile Land Co.; Page, Kate C.; Stevenson, James",Batavia Street; Jarvis Street [Symphony Road]; Parker Street [Hemenway Street]; Westland Avenue,"Plan and elevation of street showing elevation heights, and lot boundaries on both sides of Parker Street. Abutters are listed. Decorative north arrow.",,,None provided,,FW - Misc - 016,"D, 56, 57",Horiz: 1 in = 30 ft; Vert: 1 in = 5 ft,42.34170497,-71.0887,Engineering Drawing,1,4,1,25.5 x 32.5,Blueprint,Edge damage. Discoloration. Flaking at fold.,,,,,,,,,,,,,,,,,,,,,,,,,,,,,,,,,,,,,,,,,,,,,,,,,,,,,,,,,,,,,,,,,,,,,,,,,,,,,,,,,,,,,,,,,,,,,,,,,,,,
Perkins_W65_17,,"Boston, MA",Basement Plan,,"Cumner, Jones & Co.",,90-100 Chauncy Street,"Plan of basement level of building with labelled spaces, column locations, select dimensions. Windows shown at one corner. Titled Sumner, Jones & Company.","Location inferred from reference to Sumner, Jones & Co., which was a large tailoring firm and co-owned property at 90-100 Chauncy.",,None provided,,FW - Misc - 017,,1 in = 4 ft,42.35305238,-71.0607,Architectural Drawing,1,4,1,31.5 x 21.5,Blueprint,Edge damage. Buckling. Stains. Tears.,,,,,,,,,,,,,,,,,,,,,,,,,,,,,,,,,,,,,,,,,,,,,,,,,,,,,,,,,,,,,,,,,,,,,,,,,,,,,,,,,,,,,,,,,,,,,,,,,,,,
Perkins_W65_18,Brookline Gas Light Company,"Allston (Boston, MA)","Brookline Gas Light Co. Works at Charles River Plan of Piling, Engine & Dynamo House",1891-03-09,Brookline Gas Light Co.,,Cambridge Street; Charles River,Plan and sections of concrete structure. Plan shows location of pilings; two sections show concrete structures from ground line to mean high and low water lines. Displays overall dimensions of floor area and structural heights. Some piling locations edited in red pencil.,"See other drawings for this utility. The plant was described in the March 7, 1892 issue of American Gas Light Journal.",,None provided,,FW - Misc - 018,,1 in = 8 ft,42.36031352,-71.1179,Architectural Drawing,1,4,1,20 x 26.5,Blueprint,Edge damage. ,,,,,,,,,,,,,,,,,,,,,,,,,,,,,,,,,,,,,,,,,,,,,,,,,,,,,,,,,,,,,,,,,,,,,,,,,,,,,,,,,,,,,,,,,,,,,,,,,,,,
Perkins_W66_C1478,,"Dorchester (Boston, MA)",[Untitled - Boston Street between Jackson and Washburn],Not identified,,"Clapp; Collins & Ham; Green; Hyde, Joseph S.; Sanborn, Solomon; Pitt",Boston Street; Jackson Street [Rawson Street]; Washburn Street,"Plan showing 6 lots with dimensions of street widths, lot frontage and sf. Owners' names in decorative handwriting. Features stamp of John E.V. Hayden, real estate and insurance agent in Boston.",Comparison of names with those in urban atlases and Boston directory suggests the plan was produced c. 1888. ,,None provided,,C-1478-P,,1 in = 40 ft ?,42.32634394,-71.0586,Survey Plan,1,,1,10.5 x 8.5,Ink and pencil on ruled bond paper,Edge damage. ,,,,,,,,,,,,,,,,,,,,,,,,,,,,,,,,,,,,,,,,,,,,,,,,,,,,,,,,,,,,,,,,,,,,,,,,,,,,,,,,,,,,,,,,,,,,,,,,,,,,
Perkins_W66_C1480,,"Dorchester (Boston, MA)","Plan of a Piece of Salt Marsh at South Boston, near Dorchester Line, formerly belonging to Ebenezer Wales [Dec'd]",1863-01-15 (Copied 1889-04-11),,"Boston Wharf Company; Clapp, William, heirs; Vose, Robert; Wales, Ebenezer; Wales, William",Boston Street,"Plan of three lots showing owners, dimensions, and sf.",,Suffolk Unindexed Plan Bk/Pg 833/262,"Briggs, Luther, Jr. (Copied by Lavin)",,C-1480-P,,1 in = 100 ft,42.32634394,-71.0586,Survey Plan,1,,1,13.5 x 8.5,Pencil on trace,Buckling.,,,,,,,,,,,,,,,,,,,,,,,,,,,,,,,,,,,,,,,,,,,,,,,,,,,,,,,,,,,,,,,,,,,,,,,,,,,,,,,,,,,,,,,,,,,,,,,,,,,,
Perkins_W66_C1481,,"Dorchester (Boston, MA)",[Untitled - Boston Street between Blake and Washburn Streets],1874-08-17 (Copied 1889-04-11),,,Blake Street; Boston Street; Jackson Street [Rawson Street]; Power Street [Al Zwiercan Way]; Washburn Street,"Subdivision plan showing four blocks of lots numbered 1 thru 22 plus larger abutting lots. Lots display dimensions and sf. Shows former line between Dorchester and South Boston. Notes indicate that Baxter was with the Dorchester office and did the survey in connection with the change in line of Boston Street and that Sf for three lots is probably a mistake. References Volume A, Page 135.",,,"Baxter, C. F. (Copied by Lavin)",,C-1481-P,,1 in = 40 ft,42.32634394,-71.0586,Survey Plan,1,2,1,24 x 16.5,Pencil on trace,Edge damage. ,,,,,,,,,,,,,,,,,,,,,,,,,,,,,,,,,,,,,,,,,,,,,,,,,,,,,,,,,,,,,,,,,,,,,,,,,,,,,,,,,,,,,,,,,,,,,,,,,,,,
Perkins_W66_C1482,,"Dorchester (Boston, MA)",[Untitled - Boston Street between Blake and Washburn Streets],1873-05-01 (Copied 1889-04-11),,"Boston, City of; Clapp, Fred and Lemuel; Howe, Leonard H. and Abby E.; Hyde, Joseph S.; Kempton, George; Pratt, Kendell and Lucy; Rich, Matthias; Sanborn, Solomon; McKenchle, Edward; Wales, William, heirs; Warren Alonzo; Wing, Benjamin","Blake Street; Boston Street; Ellery Street; Jackson Street [Rawson Street]; Power Street [Al Zwiercan Way]; Washburn Street; ""proposed street"" [?Howell]","Street plan showing Boston Street, portions hatched in blue pencil with abutters. Many lots display dimensions and sf. One lot displays building footprint. Appears to be a plan for showing straightening of Boston Street; land for potential taking by Boston colored red. Davis identified as City Surveyor.","Per City Annual Report, street straightened c. 1875.",,"Davis, Thomas W. (Copied by Lavin)",,C-1482-P,,1 in = 40 ft,42.32634394,-71.0586,Survey Plan,1,4,1,38 x 18,Pencil on trace,Edge damage. ,,,,,,,,,,,,,,,,,,,,,,,,,,,,,,,,,,,,,,,,,,,,,,,,,,,,,,,,,,,,,,,,,,,,,,,,,,,,,,,,,,,,,,,,,,,,,,,,,,,,
Perkins_W66_C1483,,"Dorchester (Boston, MA)",[Untitled - Boston Street at Washburn Street],1883-04-24 (Copied 1889-04-16),,,Boston Street; Jackson Street [Rawson Street]; Power Street [Al Zwiercan Way]; Washburn Street,"Plan showing 3 blocks, each containing a lot hatched in red pencil. Lots display dimensions and sf. Note indicates Wilson's stamp and curved lines of old road were ""red on original.""",,,"Wilson, Henry W. (Copied)",,C-1483-P,,1 in = 20 ft,42.32634394,-71.0586,Survey Plan,1,2,1,25.5 x 19,Pencil on trace,Edge damage. Buckling.,,,,,,,,,,,,,,,,,,,,,,,,,,,,,,,,,,,,,,,,,,,,,,,,,,,,,,,,,,,,,,,,,,,,,,,,,,,,,,,,,,,,,,,,,,,,,,,,,,,,
Perkins_W66_C1484,,"Boston, MA",[Untitled - Charles and Revere Street],1828-04-24 (Copied 1888-10-16),,Joy; Mason; Otis; Sullivan,Charles Street; May Street [Revere Street]; Pickney Street; Charles River,"Subdivision plan showing 6 lots labelled with owners' names, alphanumeric identifiers, dimensions and sf. Lots straddle either side of Revere Street; Charles Street is labelled as 55 ft wide.","Per registry versions, sketch is part of a larger subdivision planned between Mill Dam and Sumner Street.",Suffolk Unindexed Plan Bk/Pg 330/999,"Wadsworth, Alexander (Copied by V.D.)",,C-1484-P,,1 in = 80 ft,42.35936275,-71.0706,Survey Plan,1,,1,12 x 9.5,Pencil on trace,Edge damage. Buckling.,,,,,,,,,,,,,,,,,,,,,,,,,,,,,,,,,,,,,,,,,,,,,,,,,,,,,,,,,,,,,,,,,,,,,,,,,,,,,,,,,,,,,,,,,,,,,,,,,,,,
Perkins_W66_C1485,,"Boston, MA",[Untitled - Charles and Revere Street],1857-04-04 (Copied 1888-10-16),,"Boston Gas Light Company; Hoppin, John; Otis, Allenyne; Wood, Henry",Charles Street; May Street [Revere Street]; Charles River,"Plan of 5 lots with dimensions. One identified as ""brick houses"" bounded by ""Whitney's line"". Former location of Charles River identified as ""Channel"" bordered by ""sea wall.""",Suffolk Registry contains multiple versions of plan.,Suffolk Unindexed Plan Bk/Pg 716/23,"Wadsworth, Alexander (Copied by V.D.)",,C-1485-P,,1 in = 30 ft,42.35936275,-71.0706,Survey Plan,1,2,1,12.5 x 17,Pencil on trace,Edge damage. ,,,,,,,,,,,,,,,,,,,,,,,,,,,,,,,,,,,,,,,,,,,,,,,,,,,,,,,,,,,,,,,,,,,,,,,,,,,,,,,,,,,,,,,,,,,,,,,,,,,,
Perkins_W66_C1486,,"Boston, MA",[Untitled - Charles and Revere Street],(Copied),,Whitney,Charles Street; May Street [Revere Street]; Pickney Street,"Subdivision plan showing 4 blocks of lots, some of which lot designations and owner names. Is taken from a plan by H.W. Wilson filed in Suffolk Registry which contains reference to Mr. Whitney's land.",,Suffolk Unindexed Plan Bk/Pg 230/999,"Wilson, Henry W. (Copied by C.W.C.)",,C-1486-P,,Scale not given,42.35882503,-71.0707,Survey Plan,1,,1,11.5 x 9,Pencil on trace,Edge damage. Buckling.,,,,,,,,,,,,,,,,,,,,,,,,,,,,,,,,,,,,,,,,,,,,,,,,,,,,,,,,,,,,,,,,,,,,,,,,,,,,,,,,,,,,,,,,,,,,,,,,,,,,
Perkins_W66_C1487,"Centre Street, JP","Jamaica Plain (Boston, MA)",[Untitled - Centre Street - Part of Plan L1758],1883-07-28 (Copied 1888-12-21),,"Brewer, Gardner, heirs; Johnson, John; Nawn, Owen; Surplus, Catherine and Patrick",Bickford Street; Centre Street; Parker Street; Wyman Place,Street layout showing dimensions and sf and outlines of buildings. Centre Street is shaded in red pencil. Note Indicates copied at City Hall.,Bickford Street was extended from Health to Centre between 1876 and 1882. Owen Nawn was a well-known general contractor in the 1870s.,,(Copied by C.W.C),,C-1487-P,,1 in = 20 ft,42.3231851,-71.1041,Survey Plan,1,4,1,38 x 19,Pencil on trace,Edge damage. ,,,,,,,,,,,,,,,,,,,,,,,,,,,,,,,,,,,,,,,,,,,,,,,,,,,,,,,,,,,,,,,,,,,,,,,,,,,,,,,,,,,,,,,,,,,,,,,,,,,,
Perkins_W66_C1488,"Centre Street, JP","Jamaica Plain (Boston, MA)",[Untitled - Centre Street - Part of Plan 66-232],1874-06-30 (Copied 1888-12-21),,"Brewer, Gardner, heirs.",Centre Street; Cherry Street,Street layout showing dimensions and sf and outlines of buildings. Note Indicates copied at City Hall.,,,(Copied by C.W.C),,C-1488-P,,1 in = 40 ft,42.3231851,-71.1041,Survey Plan,1,,1,30.5 x 16,Pencil on trace,Edge damage. Buckling.,,,,,,,,,,,,,,,,,,,,,,,,,,,,,,,,,,,,,,,,,,,,,,,,,,,,,,,,,,,,,,,,,,,,,,,,,,,,,,,,,,,,,,,,,,,,,,,,,,,,
Perkins_W66_C1489,"Centre Street, JP","Jamaica Plain (Boston, MA)",[Untitled - Centre Street - Part of a Plan #541],1870-01-01 (Copied 1888-12-21),,"Brewer, Gardner; Conant, Eliza; Lowell, R. A. & A. C., heirs; Smith, et al.",Centre Street; Walden Place [Defunct]; Walden Street,"Subdivision plan showing lots A, B, and C with dimensions and sf. Lots are pt of a larger lot outlined in red. One lot is marked as taken by the City of Boston for Walden Street.","Formerly Walden Place, Walden Street was extended from Heath to Centre Street in 1874. Surveyor Moses did previous surveys of Centre Street (https://collections.leventhalmap.org/search/commonwealth:9s161f53q)",,"Moses, Theodore Bland. (Copied by C.W.C.)",,C-1489-P,,1 in = 40 ft,42.3231851,-71.1041,Survey Plan,1,4,1,27 x 23.5,Pencil on trace,Edge damage. Buckling.,,,,,,,,,,,,,,,,,,,,,,,,,,,,,,,,,,,,,,,,,,,,,,,,,,,,,,,,,,,,,,,,,,,,,,,,,,,,,,,,,,,,,,,,,,,,,,,,,,,,
Perkins_W66_C1490,"Centre Street, JP","Jamaica Plain (Boston, MA)",Plan of Centre Street Lots owned by The Workingmen's Building Association,(Copied 1889-04-27),Workingmen's Building Association,,Centre Street; Creighton Street; Day Street; Edge Hill Street; Minden Street; Round Hill Street; Walden Street,Subdivision plan showing layout of lots spread across multiple blocks. Lots display dimensions and sf. Note indicates plan copied from original loaned by Meredith & Nelson. Some edits in red ink.,"Per urban atlases, subdivision was developed with new streets as drawn on the plan. May have been developed by philanthropist Robert Treat Paine from land purchased from the Susan Weld farm: https://www.jphs.org/people/2005/4/14/robert-treat-paine-housing-reformer.html",Suffolk Unindexed Deed Bk/Pg 1826/570,(Copied),,C-1490-P,,1 in = 40 ft,42.3231851,-71.1041,Survey Plan,1,4,1,38 x 24,Pencil on trace,Edge damage. ,,,,,,,,,,,,,,,,,,,,,,,,,,,,,,,,,,,,,,,,,,,,,,,,,,,,,,,,,,,,,,,,,,,,,,,,,,,,,,,,,,,,,,,,,,,,,,,,,,,,
Perkins_W66_C1491,"Centre Street, JP","Jamaica Plain (Boston, MA)",[Untitled - Centre Street - Part of a Plan #483],1883-07-23 (Copied 1888-12-21),,"Brewer, Gardner; Cramer, John, heirs; Johnson, John; Nawn, Owen; Roxbury Institution for Savings; Surplus, Catherine and Patrick; Union for Christian Work; Wesket, Justias, Jr.",Bickford Street; Centre Street; Walden,"Plan of street layout of Centre Street, showing location of abutters lots and one lot, outlined in red alongside street with sf and dimensions. Copied from part of plan at engineer's office.",,,(Copied by C.W.C),,C-1491-P,,1 in = 20 ft,42.3231851,-71.1041,Survey Plan,1,4,1,38 x 24,Pencil on trace,Edge damage. ,,,,,,,,,,,,,,,,,,,,,,,,,,,,,,,,,,,,,,,,,,,,,,,,,,,,,,,,,,,,,,,,,,,,,,,,,,,,,,,,,,,,,,,,,,,,,,,,,,,,
Perkins_W66_C1492,"Centre Street, JP","Jamaica Plain (Boston, MA)",[Untitled - Centre Street - Plan of L957],1874-10-09,,"Brewer, Gardner; Chester, Ezra; Conant; Shepherd; Thompson; Walden",Centre Street; Houghton Place [Mozart Street],Street plan with three lots and street elevation profiles. Lots display dimensions and sf. Elevations taken from base mean at low tide. Copied from part of Plan L957? At City Engineer's Office.,,,(Copied),,C-1492-P,,1 in = 40 ft,42.3231851,-71.1041,Survey Plan,1,4,1,23.5 x 23.5,Pencil on trace,Edge damage. ,,,,,,,,,,,,,,,,,,,,,,,,,,,,,,,,,,,,,,,,,,,,,,,,,,,,,,,,,,,,,,,,,,,,,,,,,,,,,,,,,,,,,,,,,,,,,,,,,,,,
Perkins_W66_C1493,,"Boston, MA",Plan of the Estate of Erastus B. Badger,1867-04-01 (Copied 1889-04-30),"Badger, Erastus Beethoven, estate of","Darling, C.K.; Foster, John; Foster, William, estate of; Rhoades, William",Broad Street,"Plan of two lots, displaying dimensions and sf. Contains a table of sf including net after widening adjacent Broad Street. Edits in red show proposed taking by City to widen Broad Street.",E.B. Badger Co. were coppersmiths which cast Boston's iconic copper teakettle.,,"Perkins, Charles C. (Copied)",,C-1493-P,,1 in = 5 ft,42.35691607,-71.0517,Survey Plan,1,2,1,23.5 x 19,Pencil on trace,Buckling.,,,,,,,,,,,,,,,,,,,,,,,,,,,,,,,,,,,,,,,,,,,,,,,,,,,,,,,,,,,,,,,,,,,,,,,,,,,,,,,,,,,,,,,,,,,,,,,,,,,,
Perkins_W66_C1494,,"West Roxbury (Boston, MA)",Plan of Land in West Roxbury conveyed by _____ Whitney to George Tilden.,1879-05-01 (Copied),"Tilden, James ; Whitney, Israel G.",,Lagrange Street,Lot plan showing lot abutted by wide driveway. Displays dimensions and sf.,Nathaniel Smith was a surveyor active in Eastern Massachusetts; see Norfolk registry for other surveys.,,"Smith, Nathaniel (Copied)",,C-1494-P,,1 in = 20 ft,42.27950227,-71.1584,Survey Plan,1,2,1,17.5 x 9.5,Pencil on trace,,,,,,,,,,,,,,,,,,,,,,,,,,,,,,,,,,,,,,,,,,,,,,,,,,,,,,,,,,,,,,,,,,,,,,,,,,,,,,,,,,,,,,,,,,,,,,,,,,,,,
Perkins_W66_C1495,,"West Roxbury (Boston, MA)",Plan of Land in West Roxbury belonging to Israel G. Whitney,1880-12-08 (Copied),"Whitney, Israel G.","Billings, East, heirs; Crosby",Lagrange Street,,,,(Copied by V.D.),,C-1495-P,,1 in = 80 ft,42.27950227,-71.1584,Survey Plan,1,,1,14.5 x 10,Pencil on trace,Edge damage. ,,,,,,,,,,,,,,,,,,,,,,,,,,,,,,,,,,,,,,,,,,,,,,,,,,,,,,,,,,,,,,,,,,,,,,,,,,,,,,,,,,,,,,,,,,,,,,,,,,,,
Perkins_W66_C1496,,"Boston, MA",Part of Plan - Essex Place,1880-05-26 (Copied 1888-12-22),,"Ames, Fred L.; Bennett, Joshua; Hollingsworth, Ellis",Essex Place [Defunct]; Essex Street,"Layout of street with lot frontage and owners' names. Very faded and difficult to decipher. Note indicates copied from City Engineer's office, Plan L-1475.",,,(Copied by V.D.),,C-1496-P,,1 in = 20 ft,42.27950227,-71.1584,Survey Plan,1,2,1,19 x 12,Pencil on trace,Edge damage. ,,,,,,,,,,,,,,,,,,,,,,,,,,,,,,,,,,,,,,,,,,,,,,,,,,,,,,,,,,,,,,,,,,,,,,,,,,,,,,,,,,,,,,,,,,,,,,,,,,,,
Perkins_W66_C1497,,"Boston, MA",Plan of Estate on Bedford Street Belonging to Heirs of Jasper A. Foster.,1867-06-25 (Copied 1889-01-17),"Foster, Jasper H.","Alkins, Isaac.; Clark, C.W.; Haynes, John C.; Hunnewell, H. H., trust; Klaus, S.; Rhodes & Ripley; Stearns, R. H.; New South Church",Bedford Street; Kingston Street,"Plan of multiple lots connected by a passage. Displays dimensions and sf. Yards, wood sheds, and houses referenced. Several lots are outlined by hatched walls and edits in red pencil. Contains a table of relevant registry deeds and grantor/grantee information. Indicates copied from City Surveyor Plan M-243. ",,Suffolk Unindexed Deeds Bk/Pg 213/151; 217/166; 218/53; 227/118;229/137; 337/93,"Davis, Thomas W. (Copied)",,C-1497-P,,1 in = 10 ft,42.35330549,-71.0594,Survey Plan,1,2,1,24 x 20.5,Pencil on trace,Edge damage. ,,,,,,,,,,,,,,,,,,,,,,,,,,,,,,,,,,,,,,,,,,,,,,,,,,,,,,,,,,,,,,,,,,,,,,,,,,,,,,,,,,,,,,,,,,,,,,,,,,,,
Perkins_W66_C1498,,"Boston, MA",[Untitled - Bedford and Kingston Streets],1876-05-06 (Copied 1889-01-17),,"Alkins, R.E.; Clark, C.W.; Stearns, R. H.; Hunnewell, H. H., trust.",Bedford Street; Kingston Street,Plan of 6 lots abutted by passage. Displays dimensions and sf. Several lots are outlined by hatched walls and edits in red pencil. Contains a table of relevant registry deeds and grantor/grantee information. Indicates copied from City Surveyor Plan Vol. 34 - 14. Note says additions in red made by C.E.,,Suffolk Unindexed Deeds Bk/Pg 213/151; 218/53; 227;229/137; 337/93,"Wadsworth, Alexander",,C-1498-P,,1 in = 10 ft,42.35330549,-71.0594,Survey Plan,1,2,1,24 x 17,Pencil on trace,Edge damage. ,,,,,,,,,,,,,,,,,,,,,,,,,,,,,,,,,,,,,,,,,,,,,,,,,,,,,,,,,,,,,,,,,,,,,,,,,,,,,,,,,,,,,,,,,,,,,,,,,,,,
Perkins_W66_C1499,,"Boston, MA",[Untitled - Mr. Codman's wall],1841-04-10 (Copied 1889-05-06),,"Codman, J. Amory",School Street,"Sketch showing outline of edges of buildings with dimensions of lot fronts. Notes indicated may be a copy of, or an additional overlay on, Wadsworth Plan by S. P. Fuller dated 1832-01-11. Notes indicate part of Plan Vol. 37-11. Street is labelled school street with a question mark.",Urban atlases show property adjacent to Niles building that was owned by J. Amory Codman with a similar building outline.,,"Wadsworth, Alexander (Copied)",,C-1499-P,,1 in = 10 ft,42.35771558,-71.0593,Survey plan,1,,1,13.5 x 8.5,Pencil on trace,,,,,,,,,,,,,,,,,,,,,,,,,,,,,,,,,,,,,,,,,,,,,,,,,,,,,,,,,,,,,,,,,,,,,,,,,,,,,,,,,,,,,,,,,,,,,,,,,,,,,
Perkins_W66_C1500,,"Boston, MA",Plan of proposed widening of 1872 [Part of plan],1872-01-01 (Copied),City of Boston,"City of Boston Police Station No. 2; Codman, J. Amory; Niles, William F.;",City Hall Avenue; School Street,Layout of part of block showing broad outlines and names of property owners. Note indicates is part of plan C-C-121 from City Surveyors Office. Page section containing information about provenance of copying has been torn off.,Site owned by William Niles was shown on both the plan and on urban atlases as Niles' Block and is a noteworthy historical building. The proposed widening may relate to the City's focus following the Great Fire to widen certain streets.,,Boston City Surveyor (Copied),,C-1500-P,,1 in = 20 ft,42.35771558,-71.0593,Survey plan,1,,1,12 x 15,Pencil on trace,Edge damage. ,,,,,,,,,,,,,,,,,,,,,,,,,,,,,,,,,,,,,,,,,,,,,,,,,,,,,,,,,,,,,,,,,,,,,,,,,,,,,,,,,,,,,,,,,,,,,,,,,,,,
Perkins_W66_C1501,Alvin Adams Estate Plans,"Watertown, MA","Plan of School Street Extension, Watertown",1889-07-01 (Copied 1889-07-01),Watertown,"Adams, Alvin, heirs; Brown, B., heirs; Stickney, Josiah, heirs; Wilson, George; ",Mount Auburn Street; School Street; Walnut Street,Street layout showing School Street between Mt. Auburn and Walnut Streets. Displays dimensions for lot frontages and street widths and abutters' names. Note indicates copies from a plan loaned by Mr. Adams. Contains extensive note in purple ink regarding comments on dimensions.,,,"Leonard, W. F. (Copied by H. M.)",,C-1501-P,,1 in = 100 ft,42.36764699,-71.1658,Engineering Drawing,1,2,1,28 x 15.5,Pencil on trace,Edge damage. ,,,,,,,,,,,,,,,,,,,,,,,,,,,,,,,,,,,,,,,,,,,,,,,,,,,,,,,,,,,,,,,,,,,,,,,,,,,,,,,,,,,,,,,,,,,,,,,,,,,,
Perkins_W66_C1502,,"Boston, MA",[Untitled - Harrison Avenue],1862-09-18 (Copied 1888-06-25),,Harrison School,13 - 15 Harrison Avenue,Lot plan showing 64 foot wide lot abutted by common passageway and walls hatched and outlined in red pencil. Note comments on elevation of surface compared with curb. Contains facsimile of stamp for Boston City Surveyors Office Vol. 18-67. ,,,(Copied by H.M.),,C-1502-P,,1 in = 4 ft,42.35198357,-71.0614,Survey Plan,1,2,1,21 x 28,Pencil on vellum,,,,,,,,,,,,,,,,,,,,,,,,,,,,,,,,,,,,,,,,,,,,,,,,,,,,,,,,,,,,,,,,,,,,,,,,,,,,,,,,,,,,,,,,,,,,,,,,,,,,,
Perkins_W66_C1503,,"Boston, MA",[Untitled - Harrison Avenue],1862-06-18 (Copied 1888-06-25),,Harrison School,13 - 15 Harrison Avenue,Lot plan showing 22 foot wide lot with building footprint and walls hatched and outlined in red pencil. Note indicates section of wall adjusted by deed to City of Boston and to James Dodd. Contains facsimile of stamp for Boston City Surveyors Office Vol. 18-68. ,"Per urban atlases, lot owned by James Dodds' heirs.",,(Copied by H.M.),,C-1503-P,,1 in = 4 ft,42.35198357,-71.0614,Survey Plan,1,2,1,10.5 x 26,Pencil on vellum,,,,,,,,,,,,,,,,,,,,,,,,,,,,,,,,,,,,,,,,,,,,,,,,,,,,,,,,,,,,,,,,,,,,,,,,,,,,,,,,,,,,,,,,,,,,,,,,,,,,,
Perkins_W66_C1504,,"Boston, MA",[Untitled - Harrison Avenue],1862-07-14 (Copied 1888-06-25),,"Dodd, James; Jameson & Gilbert",13 - 15 Harrison Avenue; [Hersey Place],"Lot plan showing three lots, with dimensions and sf. Dimensions from multiple sources are shown. Lots are outlined in different colors. One shows building footprint; another is abutted by 12 foot wide passageway. Contains facsimile of stamp for Boston City Surveyors Office Vol. 18-74. Note indicates some lines taken from plan at City Hall.","Per urban atlases, site was originally the Harrison School, then eventually owned by J.D. W. Joys et al.",,(Copied by H.M.),,C-1504-P,,1 in = 5 ft,42.35198357,-71.0614,Survey Plan,1,2,1,23.5 x 28,Pencil on vellum,Edge damage. ,,,,,,,,,,,,,,,,,,,,,,,,,,,,,,,,,,,,,,,,,,,,,,,,,,,,,,,,,,,,,,,,,,,,,,,,,,,,,,,,,,,,,,,,,,,,,,,,,,,,
Perkins_W66_C1505,Alvin Adams Estate Plans,"Watertown, MA",[Untitled - School Street street section],1889-07-26,,,Mount Auburn Street; School Street; Walnut Street,Section elevation showing School Street between Mt. Auburn and Walnut Streets/Fitchburg Railroad. Shows elevations heights at 22 locations starting from base 30. Note indicates copies from a plan loaned by Mr. Leonard. Contains alternate dimensions in red ink.,,,(Copied by H.M.),,C-1505-P,,Horiz: 1 in = 80 ft; Vert: 1 in = 40 ft,42.36764699,-71.1658,Engineering Drawing,1,3,1,9 x 63,Ink on vellum,Uneven pieces taped together. Buckling. Stains.,,,,,,,,,,,,,,,,,,,,,,,,,,,,,,,,,,,,,,,,,,,,,,,,,,,,,,,,,,,,,,,,,,,,,,,,,,,,,,,,,,,,,,,,,,,,,,,,,,,,
Perkins_W66_C1506,Dana Estates,"Cambridge, MA",Estates (in Cambridge) belonging to the heirs of the Hon. F. Dana,(Copied 1889-01-21),"Dana, Francis, heirs",,Auburn Street; Brighton Road [River Street]; Canal Street; Charlestown Road; Concord Street; First Parallel; Grove Street [Pleasant Street]; Harvard Street; Inn Street [Pearl Street]; Magazine Street; Parallel Street; Second Parallel; Watertown Road; Williams Street,Street layout showing blocks in Cambridgeport and east Cambridge with streets and lots. Also borders of waterways. Various blocks are outlined in either red and/or blue pencil.,"Based on the street names, original probably was produced in the early 19th century.",,"Hayward, James (Copied by H. M.)",,C-1506-P,,1 in = 200 ft,42.36541244,-71.1042,Survey Plan,1,4,1,38 x 24,Pencil on trace,Discoloration. Edge damage. Multiple folds.,,,,,,,,,,,,,,,,,,,,,,,,,,,,,,,,,,,,,,,,,,,,,,,,,,,,,,,,,,,,,,,,,,,,,,,,,,,,,,,,,,,,,,,,,,,,,,,,,,,,
Perkins_W66_C1507,Dana Estates,"Cambridge, MA",[Untitled - Dana and Etheridge Plots],1844-09-03 (Copied 1889-01-17),"Dana, Richard Henry; Etheridge; Lawrence",,,Lot plan showing a single lot bordered in red pencil with dimensions and square acreage and two dashed lines indicating 50 ft pathway. Shows abutters. Note indicate was copied from original plan at office of W.H. Whitney and written on back are notes regarding Etheridge and Lawrence marshes.,,,"Mason, W.A. (Copied by V.F.J.)",,C-1507-P,,1 in = 30 ft,,,Survey Plan,1,,1,19 x 11,Pencil on trace,Edge damage. ,,,,,,,,,,,,,,,,,,,,,,,,,,,,,,,,,,,,,,,,,,,,,,,,,,,,,,,,,,,,,,,,,,,,,,,,,,,,,,,,,,,,,,,,,,,,,,,,,,,,
Perkins_W66_C1508,Dana Estates,"Cambridge, MA",Plan of F. Dana's Great Marsh; Plot of Land belonging to ,1776-12-20 (Copied 1889-12-18),Dana,"Trowbridge, E.",,"Plan of four lots labelled A, B, C, D. Shows dimensions and reference points. Contains table of acreage and other information for each plot. Shows border of Indicates that Lot D is a true copy of Mr. Auburn's plan dated 05-19-1703.",Chadwick was a well-known colonial-era surveyor.,,"Chadwick, Joseph (Copied by G.M.C.)",,C-1508-P,,1 in = 16 rods / 4 chains (264),42.35922495,-71.1026,Survey Plan,1,,1,13 x 19,Pencil on trace,Edge damage. ,,,,,,,,,,,,,,,,,,,,,,,,,,,,,,,,,,,,,,,,,,,,,,,,,,,,,,,,,,,,,,,,,,,,,,,,,,,,,,,,,,,,,,,,,,,,,,,,,,,,
Perkins_W66_C1509,Dana Estates,"Cambridge, MA",[Untitled - Land in Cambridge],(Copied 1889-01-17),"Dana, Richard Henry; Etheridge",Boston and Albany Railroad,Pacific Street; Sidney Street; Waverly Street,"Plan of two lots, displaying dimensions. Smaller lot indicates Etheridge to Dana. Note indicates plan was loaned by R.H. Dana for copying and had no scale, date, or surveyor name but mark on back mentions Lawrence Marsh. Street names have been added in purple ink.",,,(Copied by H.M.),,C-1509-P,,Scale not given,42.35922495,-71.1026,Survey Plan,1,,1,8 x 15,Pencil on trace,Edge damage. ,,,,,,,,,,,,,,,,,,,,,,,,,,,,,,,,,,,,,,,,,,,,,,,,,,,,,,,,,,,,,,,,,,,,,,,,,,,,,,,,,,,,,,,,,,,,,,,,,,,,
Perkins_W66_C1510,Dana Estates,"Cambridge, MA",Great Marsh of Sarah A. Dana,1843-07-01 (Copied 1889-01-16),"Dana, Sarah A.; ",,Brookline Street,"Subdivision plan showing Lots numbered 1 thru 5. Displays dimensions and square acreage. Some lots have straddle markings. Handwritten note indicates that ""this marsh is divided into 5 lots for convenience in selling grass."" Boundaries are partially determined by ditches running crosswise. Note indicates plan was loaned by R.H. Dana for copying.",,,(Copied by H.M.),,C-1510-P,,Scale not given,42.35861134,-71.1066,Survey Plan,1,,1,11 x 13,Ink and pencil on vellum,Discoloration. Stains.,,,,,,,,,,,,,,,,,,,,,,,,,,,,,,,,,,,,,,,,,,,,,,,,,,,,,,,,,,,,,,,,,,,,,,,,,,,,,,,,,,,,,,,,,,,,,,,,,,,,
Perkins_W66_C1511,Dana Estates,"Cambridge, MA","Plan of Land in Cambridge belonging to E.R. Hoar & F.E. Parker, Trustees, for Richard F. Dana",1875-05-23 (Copied 1889-01-18),"Dana, Richard F.; Hoar, E.R.; Parker, F.E.",,Auburn Street; Brookline Street; Hastings Square; Tufts Street; Washington Square {Fort Washington Park],"Plan showing multiple lots, one outlined in red pencil with dimensions and sf. Note indicates that letters and figures enclosed in brackets are penciled in original plan.",Referenced in Cambridge Historical Society finding aid for maps: https://historycambridge.org/finding-aids/maps-and-plans-collection-1635-2012/,,"Wilson, Walter M. (Copied)",,C-1511-P,,1 in = 100 ft,42.36212334,-71.1033,Survey Plan,1,2,1,38 x 24,Pencil on trace,Edge damage. Multiple folds.,,,,,,,,,,,,,,,,,,,,,,,,,,,,,,,,,,,,,,,,,,,,,,,,,,,,,,,,,,,,,,,,,,,,,,,,,,,,,,,,,,,,,,,,,,,,,,,,,,,,
Perkins_W66_C1512,Dana Estates,"Cambridge, MA",[Untitled - Goff's Cove],(Copied 1889-01-17),"Dana, Richard Henry",,Goff's Cove,Plan showing body of water with hatching titled Goff's Cove abutted by a bridge and the Union Railroad. Note indicates was drawn from the office of W.A. Mason.,Goff's Cove was a marsh near what is now Goose Park.,,(Copied by V.D.),,C-1512-P,,1 in = 50 ft,42.35359958,-71.1103,Survey Plan,1,,1,20 x 13.5,Pencil on trace,Edge damage. ,,,,,,,,,,,,,,,,,,,,,,,,,,,,,,,,,,,,,,,,,,,,,,,,,,,,,,,,,,,,,,,,,,,,,,,,,,,,,,,,,,,,,,,,,,,,,,,,,,,,
Perkins_W66_C1513,Dana Estates,"Cambridge, MA",[Untitled - Auburn Street and Canal Street],(Copied 1889-01-17),"Dana, Richard Henry",,Auburn Street; Canal Street [Brookline Street],"Lot plan showing 3 lots on a block abutting ""old canal"" and a ditch. Lots display dimensions and sf. Contains table tabulating lot sf totals. Note indicates copied from plan loaned by F. A. Dana.",,,(Copied by V.D.),,C-1513-P,,1 in = 50 ft,42.36236802,-71.103,Survey Plan,1,,1,14 x 8,Pencil on trace,Edge damage. ,,,,,,,,,,,,,,,,,,,,,,,,,,,,,,,,,,,,,,,,,,,,,,,,,,,,,,,,,,,,,,,,,,,,,,,,,,,,,,,,,,,,,,,,,,,,,,,,,,,,
Perkins_W66_C1514,Dana Estates,"Cambridge, MA",Oyster Bank Road,(Copied 1889-01-21),"Dana, Richard Henry",Warland; Whalen & Grey,Canal Street {Brookline Street]; Grove Street; Middle Street; Oyster Bank Road;,"Subdivision plan showing multiple blocks of lots, some with dimensions and numbers and owner's names. Note indicates loaned by R.H. Dana.",Exact location is unclear but Oyster Banks are referenced in Lucius Page's History of Cambridge: https://archive.org/details/historycambridg01paiggoog; was near the Great Marsh in the Cambridgeport area.,,(Copied by L.H.J.),,C-1514-P,,Scale not given,42.35845171,-71.1049,Survey Plan,1,4,1,24 x 38,Pencil on trace,Edge damage. ,,,,,,,,,,,,,,,,,,,,,,,,,,,,,,,,,,,,,,,,,,,,,,,,,,,,,,,,,,,,,,,,,,,,,,,,,,,,,,,,,,,,,,,,,,,,,,,,,,,,
Perkins_W66_C1515,Dana Estates,"Cambridge, MA",F Dana's Great Marsh,(Copied 1889-01-17),"Dana, Richard Henry","Howard, J.A. & J.D.",[Clarkes' Marsh];[Goff's Cove};[Whittemore's Marsh],"Plan showing several lots with acreage and border measurements. Note indicates copy of original plan loaned by R. H. Dana, Esq. Lacks identifying streets but indicates canals, ditches, and other land features.",Exact location is unclear but various sites are referenced in Lucius Page's History of Cambridge: https://archive.org/details/historycambridg01paiggoog Dana was a major landowner in Cambridgeport in the 18th and 19th centuries. The Cambridge Historical Society contains an archive of maps produced by Dana (https://historycambridge.org/finding-aids/maps-and-plans-collection-1635-2012/) which references c. 1806 a plan of Dana's great marsh.,,(Copied by V.D.),,C-1515-P,,Scale not given,42.35845171,-71.1049,Survey Plan,1,,1,19 x 14,Pencil on trace,Edge damage. ,,,,,,,,,,,,,,,,,,,,,,,,,,,,,,,,,,,,,,,,,,,,,,,,,,,,,,,,,,,,,,,,,,,,,,,,,,,,,,,,,,,,,,,,,,,,,,,,,,,,
Perkins_W66_C1516,Dana Estates,"Cambridge, MA","Copy of Plan made by W. A. Mason for heirs of S. P. Allen, 1869",1869-01-01 (Copied 1889-01-18),"Allen, S.P.","Boston & Albany Railroad; Brooks; Dana, M.R.; Dalrymple; Davenport & Company; Lawrence; Osborn; Otis",Auburn Street; Brookline Street; Franklin Street; Front Street; Goffes Cove; Green Street; Main Street; Osborn Street; Pilgrim Street; Sidney Street; State Street,"Plan showing street layout, made from a plan of land owned by ""Mr. Dana."" Lot showing transfer from Etheredge to Dana contains dimensions as do select other lots.",,,"Mason, W.A. (Copied by G.W.C.? )",,C-1516-P,,1 in = 200 ft,42.36339763,-71.1004,Survey Plan,1,,1,19 x 18,Pencil on trace,Edge damage. ,,,,,,,,,,,,,,,,,,,,,,,,,,,,,,,,,,,,,,,,,,,,,,,,,,,,,,,,,,,,,,,,,,,,,,,,,,,,,,,,,,,,,,,,,,,,,,,,,,,,
Perkins_W66_C1517,Dana Estates,"Cambridge, MA",Plan of a part of the James Otis Estate in Cambridgeport. [Plan B],1889-01-11 (Copied) ,,"Dana, heirs; Osborn, D.; Otis, James, estate of;",Albany Street; Smart Street; State Street,"Subdivision plan showing lots spread over multiple blocks as well as proposed additions of Auburn, Franklin, and Green Streets. Lots display dimensions and sf. Edit indicates based on Mason plan.",,Middlesex South Unindexed Plan Bk/Pg 28/8,"Mason, W.A. (Copied by V.D.)",,C-1517-P,,1 in = 40 ft,42.3625053,-71.0961,Survey Plan,1,,1,11.5 x 23.5,Pencil on trace,Edge damage. Discoloration. Fading. Tears.,,,,,,,,,,,,,,,,,,,,,,,,,,,,,,,,,,,,,,,,,,,,,,,,,,,,,,,,,,,,,,,,,,,,,,,,,,,,,,,,,,,,,,,,,,,,,,,,,,,,
Perkins_W66_C1518,Dana Estates,"Cambridge, MA",Public Property of the City of Cambridge,(Copied),City of Cambridge,"Dana, estate of; Eames, James H.; Hannum; Otis, estate of; Sawyer; ",Auburn Street; Sydney Street,Copy of plan showing 2 lots with dimensions and sf. Displays tail end of canal with location of sewer outlet. Note indicates copied at City Hall.,,,(Copied by W.W.),,C-1518-P,,1 in = 20 ft,42.36134183,-71.1013,Survey Plan,1,,1,24 x 19,Pencil on trace,Buckling.,,,,,,,,,,,,,,,,,,,,,,,,,,,,,,,,,,,,,,,,,,,,,,,,,,,,,,,,,,,,,,,,,,,,,,,,,,,,,,,,,,,,,,,,,,,,,,,,,,,,
Perkins_W66_C1519,Dana Estates,"Cambridge, MA",Plan of a part of the James Otis Estate in Cambridgeport. {Plan B],1875-05-20 (Copied 1889-01-17),,"Cambridge, City of; Hannum, L. N.; St. Clair, John M.; Savage, D.; Sawyer, J. S.; Smart, D. W.;",Blanche Street; Front Street {Massachusetts Avenue],"Subdivision plan showing 25 lots spread over multiple blocks as well as proposed additions of Auburn, Franklin, and Green Streets. Lots display dimensions and sf.",,,"Mason, W.A. (Copied by N.D.)",,C-1519-P,,1 in = 40 ft,42.36158977,-71.1002,Survey Plan,1,,1,23 x 15,Pencil on trace,Edge damage. Discoloration. Fading. Tears.,,,,,,,,,,,,,,,,,,,,,,,,,,,,,,,,,,,,,,,,,,,,,,,,,,,,,,,,,,,,,,,,,,,,,,,,,,,,,,,,,,,,,,,,,,,,,,,,,,,,
Perkins_W66_C1520,Alvin Adams Estate Plans,"Watertown, MA",Profile of School Street Extension,1889-09-06,,Railroad,Mount Auburn Street; School Street; Walnut Street,Street profile showing elevation points of street at set intervals. Displays dimensions and lines for east and west sides; some dimensions underscored in red pencil. Note indicates copied at the Watertown Town Hall.,See Fuller Whitney plans for various Watertown locations near School Street.,,Town of Watertown (Copied by W.F. Warren),,C-1520-P,,Horiz: 1 in = 40 ft; Vert: 1 in = 80 ft,42.36765096,-71.1658,Engineering Drawing,1,4,1,17 X 67,Pencil on trace,Edge damage. Multiple folds.,,,,,,,,,,,,,,,,,,,,,,,,,,,,,,,,,,,,,,,,,,,,,,,,,,,,,,,,,,,,,,,,,,,,,,,,,,,,,,,,,,,,,,,,,,,,,,,,,,,,
Perkins_W66_C1521,,"South Boston (Boston, MA)","Copy of Part of Plate A, Bromley Atlas, Vol. 4",(Copied 1889-10-17),,New York and New England Railroad; Old Colony Railroad;,Dorchester Avenue,"Street layout showing large lot between railroad tracks and Fort Point Channel. Various buildings labelled as car shop, foundry, engine house, machine shop. Two are shaded in red per source atlas.",,,"Bromley, G.W. (Copied by H.M.)",G.W. Bromley & Co.,C-1521-P,,1 in = 100 ft,42.3387256,-71.0573,Map,1,,1,9 x 13,Pencil on trace,,,,,,,,,,,,,,,,,,,,,,,,,,,,,,,,,,,,,,,,,,,,,,,,,,,,,,,,,,,,,,,,,,,,,,,,,,,,,,,,,,,,,,,,,,,,,,,,,,,,,
Perkins_W66_C1522,,"South Boston (Boston, MA)","Copy of Part of Plate B, Bromley Atlas, Vol. 4",(Copied 1889-10-17),,"Alger, Cyrus, estate and heirs; New York and New England Railroad; Old Colony Railroad;",B Street; Dorchester Avenue; West Seventh Street; West Sixth Street,"Street layout showing multiple blocks; Alger lots have hatched building footprints. Note indicates ""bldgs were shaded in yellow.""","Cyrus Alger owned a major iron foundry, South Boston Iron Company, in South Boston.",,"Bromley, G.W. (Copied by H.M.)",G.W. Bromley & Co.,C-1522-P,,1 in = 100 ft,42.33856858,-71.0569,Map,1,,1,12 x 12,Pencil on trace,Edge damage. ,,,,,,,,,,,,,,,,,,,,,,,,,,,,,,,,,,,,,,,,,,,,,,,,,,,,,,,,,,,,,,,,,,,,,,,,,,,,,,,,,,,,,,,,,,,,,,,,,,,,
Perkins_W66_C1523,,"South Boston (Boston, MA)","Copy of Part of Plate C, Bromley Atlas, Vol. 4",(Copied 1889-10-17),,"Alger, Cyrus, estate and heirs; Eaton, William, saw and planing mill; Norway Iron Works",Dorchester Avenue,"Street layout showing multiple blocks; Some buildings colored in red. Note indicates ""bldgs etched were in yellow in the atlas.""","Cyrus Alger owned a major iron foundry, South Boston Iron Company, in South Boston.",,"Bromley, G.W. (Copied by H.M.)",G.W. Bromley & Co.,C-1523-P,,1 in = 100 ft,42.33826366,-71.0574,Map,1,,1,11.5 x 10,Pencil on trace,Edge damage. Discoloration. Tears.,,,,,,,,,,,,,,,,,,,,,,,,,,,,,,,,,,,,,,,,,,,,,,,,,,,,,,,,,,,,,,,,,,,,,,,,,,,,,,,,,,,,,,,,,,,,,,,,,,,,
Perkins_W66_C1524,Boston Harbor Wharves,"South Boston Waterfront (Boston, MA)",[Untitled - Central Wharf and India Street at Atlantic Avenue],1889-09-04 (Copied 1889-10-24),Proprietors of Central Wharf; Proprietors of India Wharf,,Atlantic Avenue; Bread Street [Franklin Street]; Broad Street; Central Wharf [Milk Street]; Custom House Street; India Street; India Square [Defunct]; Purchase Street; Wharf Street,"Multi-block plan showing 6 lots, tow of which display hatching shading, dimensions, and sf. One lot shows dashed line of new building.",See Fuller Whitney studies for Central Wharf.,,"Ellis, S.C. (Copied by Porter, A. L.)",,C-1524-P,,1 in = 40 ft,42.35840914,-71.0525,Survey Plan,1,2,1,24 x 24,Pencil on trace,Edge damage. Discoloration.,,,,,,,,,,,,,,,,,,,,,,,,,,,,,,,,,,,,,,,,,,,,,,,,,,,,,,,,,,,,,,,,,,,,,,,,,,,,,,,,,,,,,,,,,,,,,,,,,,,,
Perkins_W66_C1525,,"Boston, MA","Land in Boston, Mass.",1889-01-01 (Copied 1889-06-01),,"Brown, Joseph T.; Frothingham Estate; Laforine, J. A. (Trustee)",Bedford Street; Washington Street; Suffolk Place [Defunct],Plot plan showing one line with thick walls outlined in red pencil. Displays dimensions and sf. Two pieces of tape have discolored and obscured contents. Note indicates copied from a tracing.,"In the 19th century, Bedford Street extended to Washington Street. Per urban atlases, lot belonged to Sarah S. Whitney. Ernest Bowditch was a landscape gardener and surveyor who collaborated with the Olmsted Brothers.",,"Bowditch, Ernest W. (Copied by J.L.)",,C-1525-P,,1 in = 4 ft,42.35405236,-71.061,Survey Plan,1,4,1,23.5 x 48.5,Pencil on trace,Edge damage. Discoloration. Multiple folds.,,,,,,,,,,,,,,,,,,,,,,,,,,,,,,,,,,,,,,,,,,,,,,,,,,,,,,,,,,,,,,,,,,,,,,,,,,,,,,,,,,,,,,,,,,,,,,,,,,,,
Perkins_W66_C1526,,"Brighton (Boston, MA); Chestnut Hill (Boston, MA)","[Untitled - Brooks, Everett, Faneuil, Newton Streets]",1887-10-01 (Copied 1889-10-11),,Boston & Albany Railroad,Bigelow Street; Brooks Street; Everett Street [Dunby Street]; Faneuil Street; Newton Street; Webster Street,"Plan showing multiple blocks of lots, several with sf. One block shows lots numbered 18 thru 23.","Plan shows a subset of the development shown in the Whitman, Breck 1887 plan.",Suffolk Unindexed Plan Bk/Pg 1815/999,Whitman & Breck (Copied by H.M.),,C-1526-P,,1 in = 100 ft,42.35245086,-71.164,Survey Plan,1,,1,8.5 x 14.5,Ink on vellum,,,,,,,,,,,,,,,,,,,,,,,,,,,,,,,,,,,,,,,,,,,,,,,,,,,,,,,,,,,,,,,,,,,,,,,,,,,,,,,,,,,,,,,,,,,,,,,,,,,,,
Perkins_W66_C1527,,"Brighton (Boston, MA); Chestnut Hill (Boston, MA)",Part of Brighton Ward 25,1885-01-01 (Copied 1889-10-11),,"Boston & Albany Railroad; Green, D. P.; Hassam, John.; Simonds, David; Stark, David; Wood, W.",Brooks Street; Newton Street,Portion of urban atlas plan showing layout of two blocks of lots with selected names and sf. Indicates copied from Plate N of 1885 Bromley Atlas.,,,"Bromley, George W. (Copied)",,C-1527-P,,1 in = 200 ft,42.35642305,-71.1626,Map,1,,1,10.5 x 10.5,Ink on vellum,Stains.,,,,,,,,,,,,,,,,,,,,,,,,,,,,,,,,,,,,,,,,,,,,,,,,,,,,,,,,,,,,,,,,,,,,,,,,,,,,,,,,,,,,,,,,,,,,,,,,,,,,
Perkins_W66_C1528,,"Brighton (Boston, MA); Chestnut Hill (Boston, MA)","Plan of Building Lots in Newton belonging to George W. Gerrick, Esq.",1871-01-01 (Copied 1889-10-15),,,Brooks Street; Everett Street [Dunby Street]; Faneuil Street; Jackson Square [Defunct],Subdivision plan showing 11 lots numbered 142 thru 152 with dimensions and sf. Indicates based on Middlesex Registry Plan Book/Page 18/60.,,,"Whitman, H. J. (Copied)",,C-1528-P,,1 in = 100 ft,42.35245086,-71.164,Survey Plan,1,,1,9.5 x 10,Pencil on trace,Buckling. Tears.,,,,,,,,,,,,,,,,,,,,,,,,,,,,,,,,,,,,,,,,,,,,,,,,,,,,,,,,,,,,,,,,,,,,,,,,,,,,,,,,,,,,,,,,,,,,,,,,,,,,
Perkins_W66_C1529,,"Brighton (Boston, MA); Chestnut Hill (Boston, MA)","[Untitled - Brooks, Everett, Faneuil Streets]",1889-10-16,,"Allen, S.B.; Bates, Joseph; Crane, Charles H. ; Daniels, D.H.: Hassam, John; Johnston, H.S.; ",Brooks Street; Everett Street [Dunby Street]; Faneuil Street; Jackson Square [Defunct],Subdivison plan showing block of lots. Half of the lots display sf and owner names. Indicates taken from Bromley Atlas Plate N as found in the Suffolk Registry.,Appears to be facsimile of portion of 1885 Bromley map for Brighton as shown in Atlascope.,,"Bromley, George W. (Copied)",,C-1529-P,,1 in = 200 ft,42.35245086,-71.164,Survey Plan,1,,1,6 x 10,Pencil on trace,,,,,,,,,,,,,,,,,,,,,,,,,,,,,,,,,,,,,,,,,,,,,,,,,,,,,,,,,,,,,,,,,,,,,,,,,,,,,,,,,,,,,,,,,,,,,,,,,,,,,
Perkins_W66_C1530,,"Brighton (Boston, MA); Chestnut Hill (Boston, MA)",Plan of 82 Building Lots in Brighton Court on 48 Acres of the Parkinson Farm,1858-12-20 (Copied 1889-10-15),,,Brooks Street; Everett Street [Dunby Street]; Faneuil Street,Subdivision plan showing lots no. 24 thru 30 and 80 thru 82. Displays dimensions and sf. Indicates copies from registry plan.,,,"Cunningham, P.",,C-1530-P,,1 in = 100 ft,42.35245086,-71.164,Survey Plan,1,,1,9.5 x 12,Pencil on trace,Edge damage. ,,,,,,,,,,,,,,,,,,,,,,,,,,,,,,,,,,,,,,,,,,,,,,,,,,,,,,,,,,,,,,,,,,,,,,,,,,,,,,,,,,,,,,,,,,,,,,,,,,,,
Perkins_W66_C1531,,"North End (Boston, MA)","[Untitled - Cross, Hanover, and North Centre Streets]",1869-07-26,,"Adams, Edwards; Codman, John, heirs; Eames, John; Edwards; Eliot, Frederick; George A.; Henry, Mary F., Nathaniel G.; Flagg, Dennis; Harris; Howe, Thomas; Massachusetts Central Hospital; Minot; Wakefield, Cyrus",Cross Street; Hanover Street; North Centre Street [Defunct],"Plan showing multiple lots on west half of city block. Some feature dimensions, sf, and owners' names. Several lots are shaded in red. Note indicates copy of part plan from City Surveyor's Office, L-479.",,,Boston City Surveyor (Copied by F.P.C.),,C-1531-P,,1 in = 20 ft,42.36257296,-71.0558,Survey Plan,1,2,1,19 X 12,Pencil on trace,,,,,,,,,,,,,,,,,,,,,,,,,,,,,,,,,,,,,,,,,,,,,,,,,,,,,,,,,,,,,,,,,,,,,,,,,,,,,,,,,,,,,,,,,,,,,,,,,,,,,
Perkins_W66_C1532,,"North End (Boston, MA)",[Untitled - Hanover Street],1828-07-26 (Copied 1868-09-01),,"Adams, Edwards; Codman, John, heirs; Eames, Samuel; Edwards; Eliot, Fred, George A., Henry, Mary F., Nathaniel G. Eliot",Hanover Street,"Plan showing multiple lots fronting Hanover Street. Four lots belonging to Eliots number 2 thru 5. Selected lots show dimensions and sf. Block outlined in red. Note indicates copy of plan from City Surveyor's Office, S-333 and was compared with registry version, done by Alex Wadsworth. Red pencil edits indicate Charlotte Harris and Wiliam Minot were trustees.","Suffolk Registry contains multiple versions of plan; one version displays note indicating plan done related to estate of Ephriam Eliot, a noted Boston pharmacist.",Suffolk Unindexed Plan Bk/Pg 331/999,"Wadsworth, Alexander, Boston City Surveyor (Copied by F.P.C.)",,C-1532-P,,1 in = 10 ft,42.36257296,-71.0558,Survey Plan,1,2,1,24 x 19,Pencil on trace,Edge damage. ,,,,,,,,,,,,,,,,,,,,,,,,,,,,,,,,,,,,,,,,,,,,,,,,,,,,,,,,,,,,,,,,,,,,,,,,,,,,,,,,,,,,,,,,,,,,,,,,,,,,
Perkins_W66_C1533,,"North End (Boston, MA)","[Untitled - Cross, Hanover, and North Centre Streets]",1869-11-08,,"Eames, J.; Eliot, Frederick W.; Harris, R.D.; Hurd, John R.; Ross, M.D; Wakefield, C.;",Cross Street; Hanover Street; North Centre Street [Defunct],"Plan showing multiple lots on west half of city block. Some feature dimensions, sf, and owners' names. Several lots have sf underlined. Note indicates copy of part plan from City Surveyor's Office, M-288.",,,Boston City Surveyor (Copied by F.P.C.),,C-1533-P,,1 in = 20 ft,42.36257296,-71.0558,Survey Plan,1,2,1,12 x 18.5,Pencil on trace,,,,,,,,,,,,,,,,,,,,,,,,,,,,,,,,,,,,,,,,,,,,,,,,,,,,,,,,,,,,,,,,,,,,,,,,,,,,,,,,,,,,,,,,,,,,,,,,,,,,,
Perkins_W66_C1534,,"Boston, MA",[Untitled - Brattle and Court Streets],1836-04-05 (Copied 1889-12-03),,"Fifty Associates; Francis, L.",Brattle Street [Defunct]; Court Street; Market or Cornhill [Defunct],"Subdivision plan showing three lots labelled ""contents"" with dimensions and sf with abutting passageway. Lots are outlined in red. Note indicates copied from original at office of L.W. Cotting.",,,"Wadsworth, Alexander (Copied by J.L.)",,C-1534-P,,1 in = 10 ft,42.36053386,-71.0599,Survey Plan,1,,1,10 x 12,Pencil on trace,,,,,,,,,,,,,,,,,,,,,,,,,,,,,,,,,,,,,,,,,,,,,,,,,,,,,,,,,,,,,,,,,,,,,,,,,,,,,,,,,,,,,,,,,,,,,,,,,,,,,
Perkins_W67_C1535,,"Boston, MA",[Untitled - Brattle and Court Streets],1860-09-25 (Copied),,Whittemore,Brattle Street [Defunct]; Court Street,Lot plan showing one lot abutted by passageway with dimensions and sf. Edit contains note re adjacent lot having lease about 1838.,,,"Wadsworth, Alexander (Copied)",,C-1535-P,,Scale not given,42.36053386,-71.0599,Survey Plan,1,,1,6.5 x 7,Pencil on trace,,,,,,,,,,,,,,,,,,,,,,,,,,,,,,,,,,,,,,,,,,,,,,,,,,,,,,,,,,,,,,,,,,,,,,,,,,,,,,,,,,,,,,,,,,,,,,,,,,,,,
Perkins_W67_C1536,,"Boston, MA",Coy of Plan of Land on Bedford Street,1865-01-05,Atkins; Downes; Stones; Wheeler,,Bedford Street,"Plan showing three lots, with dimensions, sf, and owners' names. Edit notes indicate plan copied at Nathaniel Bradley's office by Wadsworth and then at City Engineer's office. Indicates proposed new line of street.",This section of Bedford Street has been replaced by a shopping complex.,,"Wadsworth, Alexander (Copied)",,C-1536-P,,1 in = 10 ft,42.35394981,-71.0609,Survey Plan,1,,1,11 x 13.5,Pencil on trace,,,,,,,,,,,,,,,,,,,,,,,,,,,,,,,,,,,,,,,,,,,,,,,,,,,,,,,,,,,,,,,,,,,,,,,,,,,,,,,,,,,,,,,,,,,,,,,,,,,,,
Perkins_W67_C1537,,"North End (Boston, MA)",[Untitled - Hanover Street - Copied from Original],1855-07-13,,"Fifty Associates; Hudson, John, heirs; Lothrup, S.; Perkins, M.; Raymond",Hanover Street,"Plan showing two lots, entry through wooden building, with dimensions and sf and indications of material (brick versus wood). SF listed as ""contents.""",,,"Fuller, J. Franklin (Copied by Fuller, J. Franklin)",,C-1537-P,,1 in = 10 ft,42.3632671,-71.0551,Survey Plan,1,,1,9.5 x 12,Pencil on trace,,,,,,,,,,,,,,,,,,,,,,,,,,,,,,,,,,,,,,,,,,,,,,,,,,,,,,,,,,,,,,,,,,,,,,,,,,,,,,,,,,,,,,,,,,,,,,,,,,,,,
Perkins_W67_C1539,,"Roxbury (Boston, MA)","[Part of Plan - Land in Roxbury belonging to J. P. Fuller & B. P. Oliver, heirs",1849-12-28 (Copied 1889-11-09),"Fuller, J.P.; Oliver, B. P. ",,Station Street; Tremont Street,Plan showing layout of three lots abutting railroad station with assignments to Fuller and Oliver. Includes dimensions and sf. Edit indicates plan copied at T.F. Fuller's office.,,,"Fuller, J. Franklin (Copied)",,C-1539-P,,1 in = 50 ft,42.33150881,-71.0961,Survey Plan,1,,1,12 x 8,Pencil on trace,,,,,,,,,,,,,,,,,,,,,,,,,,,,,,,,,,,,,,,,,,,,,,,,,,,,,,,,,,,,,,,,,,,,,,,,,,,,,,,,,,,,,,,,,,,,,,,,,,,,,
Perkins_W67_C1540,,"Roxbury (Boston, MA)","[Part of Plan - Land in Roxbury belonging to J. P. Fuller & B. P. Oliver, heirs",(Copied 1889-11-09),,"Benson; Boston, City of; Roxbury Station",Station Street; Tremont Street,"Plan showing layout of block surrounding railroad station. Includes dimensions and sf. Edit indicates plan made by J.F. Full to convey by. One lot indicates ""City to widen street.""",,,"Fuller, J. Franklin (Copied)",,C-1540-P,,1 in = 20 ft,42.33150881,-71.0961,Survey Plan,1,,1,12 x 9,Pencil on trace,,,,,,,,,,,,,,,,,,,,,,,,,,,,,,,,,,,,,,,,,,,,,,,,,,,,,,,,,,,,,,,,,,,,,,,,,,,,,,,,,,,,,,,,,,,,,,,,,,,,,
Perkins_W67_C1541,,"Roxbury (Boston, MA)",[Untitled - Tremont Street],1888-10-10 (Copied 11/7/1889),,"Bates College, trustees of; Boston & Providence Corp.; Boston & Providence Railroad; Roxbury Station",Tremont Street,"Plan showing lot with dimensions and sf; border is shaded pink; border of Roxbury Street shaded blue. Penciled edits indicate adjustments to sf. Shows railroad track and ""outward track.""",,,"Minot, S. L. (Copied by ?)",,C-1541-P,,1 in = 10 ft,42.33150881,-71.0961,Survey Plan,1,2,1,23.5 X 8,Pencil on trace,Edge damage. ,,,,,,,,,,,,,,,,,,,,,,,,,,,,,,,,,,,,,,,,,,,,,,,,,,,,,,,,,,,,,,,,,,,,,,,,,,,,,,,,,,,,,,,,,,,,,,,,,,,,
Perkins_W67_C1542,,"South Boston (Boston, MA)",[Untitled - D Street],1855-06-06,,"Clapp, Amasa",D Street; Quincy Street [Defunct]; West Fifth Street; West Sixth Street; Quincy Street [Defunct],"Subdivision plan showing Lots numbered 1 thru 9 with dimensions and sf. Is excerpt of referenced registry plan, which displays more lots and owners between Sixth and Seventh Street.",,Suffolk Unindexed Plan Bk/Pg 767/303,"Wadsworth, Alexander (Copied)",,C-1542-P,,1 in = 50 ft,42.33577244,-71.0546,Survey Plan,1,,1,14.5 x 11.5,Pencil on trace,Edge damage. ,,,,,,,,,,,,,,,,,,,,,,,,,,,,,,,,,,,,,,,,,,,,,,,,,,,,,,,,,,,,,,,,,,,,,,,,,,,,,,,,,,,,,,,,,,,,,,,,,,,,
Perkins_W67_C1543,,"South Boston (Boston, MA)",Plan of Building Lots in South Boston owned by Frederick H. Flynn.,1858-05-07,,"Deblois, S.G.",D Street; Eighth Street; Seventh Street,"Subdivision plan showing Lots numbered 3 thru 37 on multiple blocks with dimensions and sf. Note in purple ink says ""Now Baxter (2)""[?] Is excerpt of referenced registry plan, which displays more lots and owners along Seventh Street.",Baxter Street was laid out in 1868; was improperly known as Eighth Street; the street now known as Eighth was extended at this time.,Suffolk Unindexed Plan Bk/Pg 737/1,"Wilson, Walter M. (Copied by H.M.)",,C-1543-P,,1 in = 30 ft,42.33577244,-71.0546,Survey Plan,1,,1,10 x 8,Pencil on ruled bond paper,,,,,,,,,,,,,,,,,,,,,,,,,,,,,,,,,,,,,,,,,,,,,,,,,,,,,,,,,,,,,,,,,,,,,,,,,,,,,,,,,,,,,,,,,,,,,,,,,,,,,
Perkins_W67_C1544,,"Boston, MA",[Untitled - West Chester Park],1889-06-11 (Copied),,"Brand and Soule; Graffam, Peter",West Chester Park [Massachusetts Avenue],"Plan showing 5 lots labelled F, G, H, I, J with building footprints and abutting passageways. Displays dimensions and sf. Contains pencil and ink edits about calculations and dashed and hatched centerlines of partition walls.",,Suffolk Unindexed Plan Bk/Pg 1877/999,"Ellis, S.C. (Copied by H. M.)",,C-1544-P,67.5,1 in = 20 ft,42.34390332,-71.0858,Survey Plan,1,,1,10 x 8,Pencil on ruled bond paper,,,,,,,,,,,,,,,,,,,,,,,,,,,,,,,,,,,,,,,,,,,,,,,,,,,,,,,,,,,,,,,,,,,,,,,,,,,,,,,,,,,,,,,,,,,,,,,,,,,,,
Perkins_W67_C1545,,"Boston, MA",[Untitled - Bowker and Sudbury Streets],1889-09-09 (Copied 1889-12-12,Boston Real Estate Trust,"Hicks, Samuel D.; Robbins, John M.",Bowker Street; Sudbury Street,"Lot plan showing dimensions and ""proposed line of Sudbury Street"". Two sides show red filled ""brick wall.""",,,Aspinwall & Lincoln (Copied by H.M.),,C-1545-P,,1 in = 8 ft,42.36188472,-71.0599,Survey Plan,1,,1,10 x 8,Ink on ruled bond paper,,,,,,,,,,,,,,,,,,,,,,,,,,,,,,,,,,,,,,,,,,,,,,,,,,,,,,,,,,,,,,,,,,,,,,,,,,,,,,,,,,,,,,,,,,,,,,,,,,,,,
Perkins_W67_C1546,,"Boston, MA",[Untitled - Newbury Street],1889-05-21 (Copied),,,Dartmouth Street; 154 - 158 Newbury Street; Public Alley 440,"Subdivision plan showing Lots A, B, C. Shows dimensions, sf, hatched building outlines, and abutting passageway. Copy of registry version but with edits indicating area sf must be wrong.",,Suffolk Unindexed Plan Bk/Pg 1876/999,"Ellis, S.C. (Copied by H. M.)",,C-1546-P,,1 in = 20 ft,42.35066216,-71.0783,Survey Plan,1,,1,10 x 8,Ink on ruled bond paper,,,,,,,,,,,,,,,,,,,,,,,,,,,,,,,,,,,,,,,,,,,,,,,,,,,,,,,,,,,,,,,,,,,,,,,,,,,,,,,,,,,,,,,,,,,,,,,,,,,,,
Perkins_W67_C1547,Ellis Estate,"Roxbury (Boston, MA)","Plan of a portion of Lot 24 as shown on a ""Plan of the Ellis Estate, Boston Highlands,"" drawn by Fuller & Whitney dated Sep. 5, 1884.",1889-09-14 (Copied 1889-11-13),"Ellis, Maria M., estate of",Karp,Fulda Street,"Lot plan showing portion of Lot 24 (abutting Lot 23) showing dimensions, sf, and face of bank wall. Is a copy of a copy of a section of a plan done by Fuller Whitney.",,Suffolk Unindexed Plan Bk/Pg 1898/383,"Moses, H.H., based on full plan by Fuller & Whitney (Copied by H.M.)",,C-1547-P,,1 in = 10 ft,42.3231539,-71.0924,Survey Plan,1,,1,10 x 8,Pencil on ruled bond paper,,,,,,,,,,,,,,,,,,,,,,,,,,,,,,,,,,,,,,,,,,,,,,,,,,,,,,,,,,,,,,,,,,,,,,,,,,,,,,,,,,,,,,,,,,,,,,,,,,,,,
Perkins_W67_C1548,,"Boston, MA",[Untitled - Irvington and St. Botolph Street],1889-07-18 (Copied 1889-11-13),,,Irvington Street [defunct]; Public Alley 402; St. Botolph Street,Subdivision plan showing lots numbered 1 through 4 with abutting passageway. Displays dimensions and sf and hatched building outlines. Copy of registry version.,,Suffolk Unindexed Plan Bk/Pg 1888/999,"Ellis, S.C. (Copied by M. T.)",,C-1548-P,,1 in = 20 ft,42.34685902,-71.0784,Survey Plan,1,,1,10 x 8,Ink on ruled bond paper,,,,,,,,,,,,,,,,,,,,,,,,,,,,,,,,,,,,,,,,,,,,,,,,,,,,,,,,,,,,,,,,,,,,,,,,,,,,,,,,,,,,,,,,,,,,,,,,,,,,,
Perkins_W67_C1549,,"Boston, MA","Plan of Mansion House Estate of D.D. Rogers, Dec. 4. Divided into Six Lots, and referred to in the Deeds of Sales.",1833-06-18 (Copied 1876-09-26),"Rogers, Daniel Denison, estate of.",State House Yard,Beacon Street; Bowdoin Street; Mount Vernon Street,"Subdivision plan showing lots numbered 1 through 7. Lot 1 is outlined in red and backed by brick wall. Copy of registry version, which displays decorative border.",Shows part of Mt. Vernon that has since been removed due to State Capitol site expansion. Daniel Denison Rogers (1751-1825) was a Boston merchant. See https://www.colonialsociety.org/node/1330,Suffolk Unindexed Plan Bk/Pg 370/135,"Fuller, Stephen P. (Copied)",,C-1549-P,,1 in = 20 ft,42.35856232,-71.0635,Survey Plan,1,,1,10 x 8,Pencil on ruled bond paper,,,,,,,,,,,,,,,,,,,,,,,,,,,,,,,,,,,,,,,,,,,,,,,,,,,,,,,,,,,,,,,,,,,,,,,,,,,,,,,,,,,,,,,,,,,,,,,,,,,,,
Perkins_W67_C1550,,"Boston, MA",[Untitled - West Chester Park & Wellington],1876-09-26 (Copied 1889-11-14),,,Wellington Street; West Chester Park (Massachusetts Avenue),Subdivision plan showing 10 lots separated by passageways. Copy of registry version.,,Suffolk Unindexed Plan Bk/Pg 1367/105,Whitman & Breck,,C-1550-P,,1 in = 20 ft,42.34140673,-71.0822,Survey Plan,1,,1,10 x 8,Pencil on ruled bond paper,,,,,,,,,,,,,,,,,,,,,,,,,,,,,,,,,,,,,,,,,,,,,,,,,,,,,,,,,,,,,,,,,,,,,,,,,,,,,,,,,,,,,,,,,,,,,,,,,,,,,
Perkins_W67_C1551,,"Cambridge, MA",[Untitled - East Cambridge],1843-12-07 (Copied 1887-10-15),,Paddon,Berkshire Street; Cambridge Street; Medford Street; Oxford Street [Defunct]; Plymouth Street; Portland Street; Windsor Street (Webster Avenue); York Street,"Area plan showing street layout with selected parcels containing dimensions, sf, building footprints, and owner's names. Notes indicates copied from an original plan on cloth at office with lines added in pencil and shaded.",,,"Wadsworth, Alexander (Copied)",,C-1551-P,,1 in = 100 ft,42.3691267,-71.0928,Survey Plan,1,2,1,18.5 x 22.5,Pencil on trace,Edge damage. ,,,,,,,,,,,,,,,,,,,,,,,,,,,,,,,,,,,,,,,,,,,,,,,,,,,,,,,,,,,,,,,,,,,,,,,,,,,,,,,,,,,,,,,,,,,,,,,,,,,,
Perkins_W67_C1552,,"Boston, MA",B. & A. R.R. Road Department Sheet No. 566; Land in Boston conveyed to Henry M.W. Whitney by the B. &. A. R.R. Co.,1889-09-01 (Copied 1890-01-08),"B. & A. Railroad Co.; Whitney, Henry M.W.",,Bothnia Street (St. Cecilia Street); Boylston Street,Plan showing triangular lot between existing parcels belonging to railroad and to Whitney. Parcel outlined in red pencil and displays dimensions and sf. Plan shows location of layers of tracks along Boylston Street. Note indicates copied from registry version.,,Suffolk Unindexed Plan Bk/Pg 1910/143,"Parker, William, Div. Engineer (Copied by H.M.)",,C-1552-P,,1 in = 20 ft,42.34745185,-71.0866,Survey Plan,1,,1,9.5 x 17,Pencil on trace,,,,,,,,,,,,,,,,,,,,,,,,,,,,,,,,,,,,,,,,,,,,,,,,,,,,,,,,,,,,,,,,,,,,,,,,,,,,,,,,,,,,,,,,,,,,,,,,,,,,,
Perkins_W67_C1553,,"East Boston (Boston, MA)",[Untitled - D Street and West Fifth Street],1889-11-06 (Copied 1890-01-08),,,Bowen Street; D Street; West Fifth Street,Copy of lot plan showing sf and dimensions. Note refers to dotted lines and figured encircled in ovals as being in red. Indicates original was taken from Suffolk registry and original of plan was left in registry.,,Suffolk Unindexed Plan Bk/Pg 1910/408,"Kelly, William, C.E. (Copied by H.M.)",,C-1553-P,,1 in = 20 ft,42.33612813,-71.0511,Survey Plan,1,,1,10 x 8,Pencil on ruled bond paper,,,,,,,,,,,,,,,,,,,,,,,,,,,,,,,,,,,,,,,,,,,,,,,,,,,,,,,,,,,,,,,,,,,,,,,,,,,,,,,,,,,,,,,,,,,,,,,,,,,,,
Perkins_W67_C1554,West End Land Co.,"Brookline, MA","[Untitled - Copy of Land on Corey Hill, Brookline]",1889-07-18 (Copied 1890-11-120,,"Clark, John M.; Stevenson, Grace; Whitney, H. M.",Beacon Street; Road No. 3 [Lancaster Terrace]; Prospect Street [Mason Terrace],"Copy of lot plan showing 236,235 sf and dimensions.","May be basis for Fuller-Whitney plan #1534-1982/1536-1984. Per urban atlases, land owned by West End Land Company in 1880s. Aspinwall & Lincoln did various surveys for this area.",Norfolk Plan #D0627-26; #D0629-149,Aspinwall & Lincoln (Copied by H.M.),,C-1554-P,,1 in = 50 ft,42.34047602,-71.131,Survey Plan,1,2,1,20 x 14.5,Pencil on trace,Edge damage. ,,,,,,,,,,,,,,,,,,,,,,,,,,,,,,,,,,,,,,,,,,,,,,,,,,,,,,,,,,,,,,,,,,,,,,,,,,,,,,,,,,,,,,,,,,,,,,,,,,,,
Perkins_W67_C1555,West End Land Co.,"Boston, MA; Brookline, MA",[Untitled - Sketches of lots in Boston and Brookline],1890-03-25,,"Armstrong, George W.; Bowditch, William P.; Doyle, Horatio; Eager, Henry B.; Evans, R.F.; Freeman; Jordan & Marsh; Long, Henry P.; Mason, Albert; Reardon, John, estate of ; Rothwell, Jasper; Wells, Henry B.; West End Land Company; Wilson, E.B.",Boston: North Washington Street. Brookline: Babcock Street; Beacon Street; Charles Street; Longwood Avenue; Marion Street; Pleasant Street; Tappen Street,"9 sketches of builidng outlines along streets. Note says ""New House near Beacon Street, Brookline, copied from plans at office, Water Road, Brookline. For section of Beacon Street, showing walk, driveway, rows of trees, bridleway and railway. See sketch book 20-65.""",Most of these lots are at or near properties for which copies were made from registry and city engineering drawings.,,[Fuller & Whitney],,C-1555-P,,1 in = 50 ft,42.34346118,-71.1233,Survey Plan,1,2,1,24 x 19,Pencil on trace,Edge damage. ,,,,,,,,,,,,,,,,,,,,,,,,,,,,,,,,,,,,,,,,,,,,,,,,,,,,,,,,,,,,,,,,,,,,,,,,,,,,,,,,,,,,,,,,,,,,,,,,,,,,
Perkins_W67_C1556,West End Land Co.,"Brookline, MA",[Untitled - Charles and Sewall Street],1889-11-13 (Copied 1890-03-12),,"Bradley, Frederick, heirs; Dexter ; Russell, Edward; Sears, Elizabeth R.; Thayer",Beacon Street; Charles Street; Sewall Avenue,"Copy of lot plan showing dimensions, sf, and abutters. Note indicates received with deed.",,Norfolk Plan #D0629-549,Aspinwall & Lincoln (Copied by H.M.),,C-1556-P,,1 in = 40 ft,42.34212111,-71.1188,Survey Plan,1,,1,10 x 11.5,Pencil on trace,Buckling.,,,,,,,,,,,,,,,,,,,,,,,,,,,,,,,,,,,,,,,,,,,,,,,,,,,,,,,,,,,,,,,,,,,,,,,,,,,,,,,,,,,,,,,,,,,,,,,,,,,,
Perkins_W67_C1557,West End Land Co.,"Brookline, MA",[Untitled - Beacon and Tappen Street],1889-09-23 (Copied 1890-03-12),West End Land Co.,,Beacon Street; Tappan Street; Winthrop Road,"Copy of lot plan showing small lot labelled No. 7 sandwiched between two larger lots owned by West End Land Company, abutted by passageway. Shows dimensions and sf.",,Norfolk Plan #D0629-232,Aspinwall & Lincoln (Copied by H.M.),,C-1557-P,,1 in = 50 ft,42.33844132,-71.138,Survey Plan,1,,1,15 x 9.5,Pencil on trace,Edge damage. ,,,,,,,,,,,,,,,,,,,,,,,,,,,,,,,,,,,,,,,,,,,,,,,,,,,,,,,,,,,,,,,,,,,,,,,,,,,,,,,,,,,,,,,,,,,,,,,,,,,,
Perkins_W67_C1558,West End Land Co.,"Brookline, MA",Copy of Plan of Land of Eugene R. Knapp,1889-11-01,,,Beacon Street; Beaconsfield Terrace [Defunct]; Tappan Street,"Copy of subdivision plan featuring lots numbered 1 thru 8 plus additional unnumbered lot. Displays dimensions and sf and indicates ""middle of partition wall"". Note indicates copied from plan in Norfolk Registry.",Beaconsfield Terrace was a planned development with individual terrace components developed by Knapp.,Norfolk Plan #D0629-168,"French, Alexis H. (Copied by H.M.)",,C-1558-P,,1 in = 30 ft,42.33819552,-71.1389,Survey Plan,1,,1,16 x 10,Pencil on trace,Buckling. Discoloration.,,,,,,,,,,,,,,,,,,,,,,,,,,,,,,,,,,,,,,,,,,,,,,,,,,,,,,,,,,,,,,,,,,,,,,,,,,,,,,,,,,,,,,,,,,,,,,,,,,,,
Perkins_W67_C1559,West End Land Co.,"Brookline, MA",Copy of Land Owned by William J. Griggs,1889-08-07 (Copied 03-12-1890),"Griggs, William J.",,Centre Street; Williams Street; Winchester Street,Copy of Lot plan showing two lots with dimensions and sf. Note indicates received with deed from Griggs to Mudgett.,,Norfolk Plan #D0625-558,"French, Alexis H. (Copied by H.M.)",,C-1559-P,,1 in = 50 ft,42.34340238,-71.1267,Survey Plan,1,,1,14 x 11.5,Pencil on trace,Edge damage. ,,,,,,,,,,,,,,,,,,,,,,,,,,,,,,,,,,,,,,,,,,,,,,,,,,,,,,,,,,,,,,,,,,,,,,,,,,,,,,,,,,,,,,,,,,,,,,,,,,,,
Perkins_W67_C1560,West End Land Co.,"Brookline, MA",[Untitled - Ivy Street and St. Mary's],1889-08-07 (Copied 03-12-1890),West End Land Co.,"Stockton, Howard",Ivy Street; St. Mary's Street,"Copy of lot plan showing 55,272 sf lot with four building footprints and abutting 15 ft wide passageway. Notes indicated copy of registry plan received from West End Land Company.",,Norfolk Plan #D0625-554,Aspinwall & Lincoln (Copied by H.M.),,C-1560-P,,1 in = 40 ft,42.34728792,-71.1075,Survey Plan,1,,1,14 x 9,Pencil on trace,Buckling.,,,,,,,,,,,,,,,,,,,,,,,,,,,,,,,,,,,,,,,,,,,,,,,,,,,,,,,,,,,,,,,,,,,,,,,,,,,,,,,,,,,,,,,,,,,,,,,,,,,,
Perkins_W67_C1561,West End Land Co.,"Brookline, MA",[Untitled - Beacon Street and Carlton Street],(Copied 1890-03-12),,"Hunt, D.; Lawrence, Arthur L.; Stockton, Howard, et al.; Wales, John; West End Land Co.; Whitney, Henry M.",Beacon Street; Carleton Street; St. Mary's Street,Copy of subdivision featuring lots numbered 1 thru 6 with abutting 15 ft. wide passageway. Some lots show building footprint. Displays dimensions and sf. Note indicates copied from plan [by Aspinwall & Lincoln) in Norfolk Registry.,,Norfolk Plan #D0598-161,None provided,,C-1561-P,,1 in = 100 ft,42.34550377,-71.1078,Survey Plan,1,,1,11 x 9,Pencil on trace,Edge damage. ,,,,,,,,,,,,,,,,,,,,,,,,,,,,,,,,,,,,,,,,,,,,,,,,,,,,,,,,,,,,,,,,,,,,,,,,,,,,,,,,,,,,,,,,,,,,,,,,,,,,
Perkins_W67_C1562,West End Land Co.,"Brighton (Boston, MA); Chestnut Hill (Boston, MA)",[Untitled - Chestnut Hill and Englewood],(Copied 1890-03-24),,"Morton, Elizabeth",Chestnut Hill Avenue; Englewood Road; Roxbury Avenue (Sutherland Road),Copy of street layout showing street and widths. Shows abutting properties. Notes indicate copied from city engineering plan.,,,None provided,,C-1562-P,,1 in = 40 ft,42.33716667,-71.1518,Survey Plan,1,2,1,23 x 16,Pencil on trace,Edge damage. ,,,,,,,,,,,,,,,,,,,,,,,,,,,,,,,,,,,,,,,,,,,,,,,,,,,,,,,,,,,,,,,,,,,,,,,,,,,,,,,,,,,,,,,,,,,,,,,,,,,,
Perkins_W67_C1563,West End Land Co.,"Brighton (Boston, MA); Chestnut Hill (Boston, MA)",[Untitled - Beacon Street and Chestnut Hill Avenue),(Copied 1890-03-24),,"Boston, City of; Stiles, George J.; West End Land Company",Chestnut Hill Avenue; Isleworth Street (Sutherland Road),"Copy of street layout showing streets with sidewalks or edging, location of abutting lot boundaries. Features measurements, lot s/f. Notes indicate copied from city engineering plan L2102.",,,None provided,,C-1563-P,,1 in = 30 ft,42.33614751,-71.1507,Survey Plan,1,2,1,38 x 15,Pencil on trace,Edge damage. Folded.,,,,,,,,,,,,,,,,,,,,,,,,,,,,,,,,,,,,,,,,,,,,,,,,,,,,,,,,,,,,,,,,,,,,,,,,,,,,,,,,,,,,,,,,,,,,,,,,,,,,
Perkins_W67_C1564,,"Allston (Boston, MA); Cambridge, MA",[Untitled - Cambridge Street],1890-03-17,,,Cambridge Street; Charles River,"Draft copy of river footprint with reference measurements and notes in pencil and red pen. Notes indicate copied at engineers' office and certain lines indicate both bulkhead and piers ""fixed by U. S. Government.""",BPL Map Collection has plans that this sketch may refer to: https://collections.leventhalmap.org/search/commonwealth:wd376648f,,[U.S. Engineers Office](Copied),,C-1564-P,,1 in = 416.66,42.35459727,-71.1161,Survey Plan,1,,1,14.5 x 7,Ink and pencil on linen,Discoloration. Stains.,,,,,,,,,,,,,,,,,,,,,,,,,,,,,,,,,,,,,,,,,,,,,,,,,,,,,,,,,,,,,,,,,,,,,,,,,,,,,,,,,,,,,,,,,,,,,,,,,,,,
Perkins_W67_C1565,,"East Boston (Boston, MA)",[Untitled - Copy of Section Two East Boston],1838-11-01 (1888-03-20),,,Central Square; Havre Street; Inverness Street; London Street; Meridian Street; Paris Street,Subdivision plan showing 4 blocks of lots with lot numbers. Note indicates copied from registry plan.,,Suffolk Unindexed Plan Bk/Pg 443/999,"Eddy, R.H., Engineers (Copied by Wilson, Henry W.)",,C-1565-P,,1 in = 200 ft,42.37272118,-71.0386,Survey Plan,1,,1,14 x 9.5,Pencil on trace,,,,,,,,,,,,,,,,,,,,,,,,,,,,,,,,,,,,,,,,,,,,,,,,,,,,,,,,,,,,,,,,,,,,,,,,,,,,,,,,,,,,,,,,,,,,,,,,,,,,,
Perkins_W67_C1566,,"East Boston (Boston, MA)",[Untitled - Havre Street],1887-07-23,,"McLaughlin, James; Ring, Robert",Decatur Street; Havre Street,Plan showing passageway with fences and division line.,,,[Fuller & Whitney],,C-1566-P,,1 in = 6 ft,42.37272118,-71.0386,Survey Plan,1,,1,6.5 x 18.5,Blueprint,,,,,,,,,,,,,,,,,,,,,,,,,,,,,,,,,,,,,,,,,,,,,,,,,,,,,,,,,,,,,,,,,,,,,,,,,,,,,,,,,,,,,,,,,,,,,,,,,,,,,
Perkins_W67_C1567,,"East Boston (Boston, MA)","Subdivision of a part of Lot No. 245, Sect 2nd",1847-09-22 {Copied 1890-03-05),,,Decatur Street; Havre Street,Draft copy of subdivision plan with six lots numbered 1 thru 6 separated by passageway from Lot no. 245. Lots display dimensions and sf. Note indicates was copy from plan filed in registry.,,Suffolk Unindexed Plan Bk/Pg 583/999,"Wadsworth, Alexander (Copied by H.M.)",,C-1567-P,,1 in = 10 ft,42.37272118,-71.0386,Survey Plan,1,,1,19 x 13.4,Pencil on trace,,,,,,,,,,,,,,,,,,,,,,,,,,,,,,,,,,,,,,,,,,,,,,,,,,,,,,,,,,,,,,,,,,,,,,,,,,,,,,,,,,,,,,,,,,,,,,,,,,,,,
Perkins_W67_C1568,,"Boston, MA",[Untitled - Thorndike and Washington Streets],"1845-03-19 (Copied 1856-06-28, 1890-02-21)",,"Calamare, J; Thorndike, heirs of; Trinity Church [Defunct]",Hawley Street; Summer Street; Washington Street,Draft copy of lot with passageway; shows table of sf calculations for lot and passageway. Copied from a plan of an estate at the corner of Franklin and Washington auctioned by N.A. Thompson. https://www.digitalcommonwealth.org/search/commonwealth:9s161d08p,Shows location of Trinity Church before it burned down and was replaced by Copley Place building.,,"Wadsworth, Alexander (Copied by Whitney, William H.)",,C-1568-P,,1 in = 20 ft,42.35498079,-71.0598,Auctioneer's Plan,1,,1,19 x 11.5,Pencil on trace,Edge damage. Fading.,,,,,,,,,,,,,,,,,,,,,,,,,,,,,,,,,,,,,,,,,,,,,,,,,,,,,,,,,,,,,,,,,,,,,,,,,,,,,,,,,,,,,,,,,,,,,,,,,,,,
Perkins_W67_C1569,,"Boston, MA",[Untitled - Copy of Plan 17-99 - Washington Street],1857-04-04 (Copied 1877-02-21),,"Beardman, ; Gibbons, Daniel L, heirs; Giles, Ann W., heirs; Thorndike, John P.",Summer Street; Washington Street,"Draft copy of lot plan showing two lots, one with a brick building, and passageway with sf and dimensions. Note indicates copied from registry plan.",Registry version contains indicates plan was done for a 1857 auction for the estate of Ann Bent.,Suffolk Unindexed Plan Bk/Pg 716/240,"Wadsworth, Alexander (Copied)",,C-1569-P,,1 in = 10 ft,42.35560398,-71.0602,Survey Plan,1,,1,10 x 16.5,Pencil on trace,Edge damage. Fading.,,,,,,,,,,,,,,,,,,,,,,,,,,,,,,,,,,,,,,,,,,,,,,,,,,,,,,,,,,,,,,,,,,,,,,,,,,,,,,,,,,,,,,,,,,,,,,,,,,,,
Perkins_W67_C1571,,"Boston, MA",[Untitled - Plan of the Brooks estate corner of Court & Washington Street],1865-10-15 (Copied 1890-03-14],,"Fifty Associates; Tudor, Frederick, heirs of; ",Cornhill Court [Defunct]; Court Street; Washington Street,"Draft copy of property lot showing outline of brick and wooden buildings, passageways, stairs, closets, and yards. Displays dimensions and, for contents within shaded lines, sf. Note indicates copied March 14, 1890 ""loaned by Mr. Davis for M. Sears.",A copy of the plan is held by the BPL: https://collections.leventhalmap.org/search/commonwealth:9s161h43w The original plan accompanied a 1866 auction of the Brooks estate,,"Wadsworth, Alexander (Copied)",,C-1571-P,,1 in = 10 ft,42.3585528,-71.0581,Survey Plan,1,2,1,24 x 16,Pencil on trace,Edge damage. ,,,,,,,,,,,,,,,,,,,,,,,,,,,,,,,,,,,,,,,,,,,,,,,,,,,,,,,,,,,,,,,,,,,,,,,,,,,,,,,,,,,,,,,,,,,,,,,,,,,,
Perkins_W67_C1572,,"Boston, MA",[Untitled - Kingston Street],1890-03-20 (Copied 1890-04-23),,,Bedford Street; Kingston Street,"Draft copy of property lot showing 1,570.3 sf with dimensions, hatched walls, and passageways, indicated by dashed lines, to Bedford Street. Edits in red indicate section at street taken by city of Boston and revised wall dimension by W. H. Whitney.",,,"Ellis, S.C. (Copied by Cutter, F.)",,C-1572-P,,1 in = 4 ft,42.35330549,-71.0594,Survey Plan,1,,1,13 x 28.5,Pencil on trace,Edge damage. ,,,,,,,,,,,,,,,,,,,,,,,,,,,,,,,,,,,,,,,,,,,,,,,,,,,,,,,,,,,,,,,,,,,,,,,,,,,,,,,,,,,,,,,,,,,,,,,,,,,,
Perkins_W67_C1573,,"Boston, MA","Copy of Part of a Plan by Thomas W. Davis, City Surveyor",1890-01-10 (Copied 1891-02-01),,"Jordan, Eben; New England Shoe and Leather Association",Bedford Street; Columbia Street [Defunct]; Kingston Street,"Draft copy of lots at street intersection; some include owners' names, sf, and dimensions. Also features measurements of corner street curbs with red lines indicating widening.",Owners' names are hard to decipher. Eben D. Jordan was co-founder of the Jordan Marsh retail store chain and of the Boston Globe.,,"Davis, Thomas W.",,C-1573-P,,1 in = 20 ft,42.35330549,-71.0594,Survey Plan,1,2,1,24 x 19,Lead and red pencil on trace,Edge damage. ,,,,,,,,,,,,,,,,,,,,,,,,,,,,,,,,,,,,,,,,,,,,,,,,,,,,,,,,,,,,,,,,,,,,,,,,,,,,,,,,,,,,,,,,,,,,,,,,,,,,
Perkins_W67_C1574,,"Boston, MA",[Untitled - Beacon and Charles Street],Not identified,,"Bryant, Mary C., heirs;",Beacon Street; Charles Street,"Draft copy of street intersection showing lots with owners' names, select dimensions, and piping locations and measurements. Note indicates copies at a [?] office.",,,None provided,,C-1574-P,,1 in = 50 ft,42.35628364,-71.0695,Survey Plan,1,,1,10 x 12,Pencil on trace,Buckling.,,,,,,,,,,,,,,,,,,,,,,,,,,,,,,,,,,,,,,,,,,,,,,,,,,,,,,,,,,,,,,,,,,,,,,,,,,,,,,,,,,,,,,,,,,,,,,,,,,,,
Perkins_W67_C1575,,"Cambridge, MA","Plan of Building Lots in Auburn Place Brighton belonging to Mrs. Joseph Everett to be sold by public auction 30 June 1847 by Thompson Auctioners, Old State House Boston",1847-06-01,"Everett, Joseph",,Franklin Street; Pleasant Street; Vernon Street,"Draft of subdivision plan showing lots numbered 16 through 27. Includes dimensions and sf. eSubtitle indicates plan done for public auction held 30 June 1847 by Thompson Auctioners, Old State House Boston. Franklin Street labelled with directions to Brookline and Cambridge College. Indicates filed in Middlesex Registry and copied March 18, 1890 from registry drawing.",Reference to Brighton seems incorrect. Fuller Whitney did later plans for this section of Cambridge. The BPL map collections feature other plans done for N. A. Thompson Auctioneers.,,"Mason, W.A. (copied by Warran, W.D.",,C-1575-P,,1 in = 50 ft,42.36506559,-71.1064,Auctioneer's Plan,1,,1,18.5 x 16,Pencil on trace,Edge damage. Buckling,,,,,,,,,,,,,,,,,,,,,,,,,,,,,,,,,,,,,,,,,,,,,,,,,,,,,,,,,,,,,,,,,,,,,,,,,,,,,,,,,,,,,,,,,,,,,,,,,,,,
Perkins_W67_C1576,,"Roxbury (Boston, MA)",Copy of part of Plan of A. Wadsworth,1839-11-30 (Copied 1890-03-26),,"Bacon, Mrs. C.; Sprague",Warren Street; Washington Street,"Subdivision plan showing block containing 6 lots (labelled ""contents"") with owners' names, sf, and dimensions, footprints of brick houses and sheds, and surrounding passageway.","The Registry contains several versions of this plan. Urban atlases indicate that in mid-19th century, this area supported many upholstery shops.",Suffolk Unindexed Plan Bk/Pg 451/81,"Wadsworth, Alexander",,C-1576-P,,1 in = 10 ft,42.33079262,-71.083,Survey Plan,1,,1,8.5 x 12.5,Lead and red pencil on trace,Edge damage. ,,,,,,,,,,,,,,,,,,,,,,,,,,,,,,,,,,,,,,,,,,,,,,,,,,,,,,,,,,,,,,,,,,,,,,,,,,,,,,,,,,,,,,,,,,,,,,,,,,,,
Perkins_W67_C1577,,"Mattapan, MA","Plan of Real Estate belonging to T. W. & J. H. Cox situated in Ward 16, Boston",1871-10-31,"Cox, T. W. & J. H. ",,"Blue Hill Avenue; Jamaica Street [Walk Hill Street]; Mattapan Street; Tileston Street [Fottler Road, Hiawatha Road]","Subdivision plan showing 3 blocks of lots. Includes dimensions, sf, and lot numbers. Note indicates copied from plan filed in registry.",David Granger was a noted surveyor who operated from 22 Old State House.,Suffolk Unindexed Plan Bk/Pg 1078/270,"Granger, David",,C-1577-P,,1 in = 100 ft,42.27751584,-71.0951,Survey Plan,1,,1,12.5 x 17.5,Pencil on trace,Edge damage. Loss. Lower left corner torn off.,,,,,,,,,,,,,,,,,,,,,,,,,,,,,,,,,,,,,,,,,,,,,,,,,,,,,,,,,,,,,,,,,,,,,,,,,,,,,,,,,,,,,,,,,,,,,,,,,,,,
Perkins_W67_C1578,West End Land Co.,"Brookline, MA",Plan of Land in Brookline owned by West End Land Co. Plan No. 2,1880-06-18; 1889-06-20,West End Land Company,"Hutchinson, Samuel; Hill, William H. Hill",Beacon Street; Marion Street; Park Street,Lot showing lots 1 and 2 with building footprints; dimensions and sf,,,"Aspinwall & Lincoln, copied from French, Alexander",,C-1578-P,,1 in = 50 ft,42.34029404,-71.1241,Survey Plan,1,,1,12 x 11.5,Brownline on vellum,,,,,,,,,,,,,,,,,,,,,,,,,,,,,,,,,,,,,,,,,,,,,,,,,,,,,,,,,,,,,,,,,,,,,,,,,,,,,,,,,,,,,,,,,,,,,,,,,,,,,
Perkins_W67_C1579,,"Boston, MA",[Untitled - Washington Street],1872-10-26,,"Atkinson, George; Callamore, John; Claflin, John C.; Gibbons, Daniel L.; Giles, Ann W.; Hardy, Alpheus, et al.; Richardson, Jeffrey; Salsbury, Edwin T.; Sargent, Henry, heirs; Stillman, Samuel; Williams, Moses",Washington Street,"Draft subdivision plan showing 9 lots with owners' names; dimensions and sf. Includes sections abutting Washington Street shaded in red pencil. Note says ""Copy of part of plan L-819.""","Plan contains property information as shown on Davis' Plan of burnt district (by fire of Nov. 9th and 10th, 1872).",,"Davis, Thomas W.",,C-1579-P,,1 in = 30 ft,42.35548654,-71.0605,Survey Plan,1,,1,12 x 14.5,Pencil on trace,Edge damage. ,,,,,,,,,,,,,,,,,,,,,,,,,,,,,,,,,,,,,,,,,,,,,,,,,,,,,,,,,,,,,,,,,,,,,,,,,,,,,,,,,,,,,,,,,,,,,,,,,,,,
Perkins_W67_C1580,,"Boston, MA",[Untitled - Charles River Bridge],1853-10-15 (Copied 1889-12-12),,,Causeway Street; Charles River Bridge [Defunct],"Draft subdivision plan of wharves no. 1 and 2, solid and pile wharves, dock locations. Displays dimensions and sf. Notes indicated copied from city surveyors' office, also references registry filing.",,Suffolk Unindexed Plan Bk/Pg 653/238,"Wadsworth, Alexander",,C-1580-P,,1 in = 40 ft,42.36690899,-71.0586,Survey Plan,1,,1,12 x 17.5,Pencil on trace,,,,,,,,,,,,,,,,,,,,,,,,,,,,,,,,,,,,,,,,,,,,,,,,,,,,,,,,,,,,,,,,,,,,,,,,,,,,,,,,,,,,,,,,,,,,,,,,,,,,,
Perkins_W67_C1581,Moody Street,"Waltham, MA",Cambridge Water Works - Stony Brook Supply - Right of Way for Pipeline,1886-11-18,,Boston Manufacturing Company,Moody Street,"Plan showing street layout, building footprints, location of utilities. Extensive descriptive paragraph. Edit says see rest of this plan: C-2354-P","Since 1887, the City of Cambridge sources some of its water from the Stony Brook tributary in Waltham.",,Waltham Office of City Engineer,,C-1581-P,,1 in = 60 ft,42.37118434,-71.2342,Engineering Drawing,1,,1,14 x 8.5,Pencil on trace,,,,,,,,,,,,,,,,,,,,,,,,,,,,,,,,,,,,,,,,,,,,,,,,,,,,,,,,,,,,,,,,,,,,,,,,,,,,,,,,,,,,,,,,,,,,,,,,,,,,,
Perkins_W67_C1582,,"Boston, MA","[Untitled - Reed Street, Washington Street]",1873-07-03 (Copied 1890-02-21),,"Thorndike, estate of.",Reed Street; Washington Street,Draft subdivision plan showing 2 lots divided by wall. Note indicates section abutting Washington Street taken by city.,Location presumed based on comparison to urban atlases.,,"Wadsworth, Alexander",,C-1582-P,,1 in = 8 ft,42.33307503,-71.0791,Survey Plan,1,,1,12 x 18.5,Pencil on trace,Edge damage. ,,,,,,,,,,,,,,,,,,,,,,,,,,,,,,,,,,,,,,,,,,,,,,,,,,,,,,,,,,,,,,,,,,,,,,,,,,,,,,,,,,,,,,,,,,,,,,,,,,,,
Perkins_W67_C1583,,"Boston, MA","[Untitled - Dedham Street, Tremont Street, Upton Street]",1863-02-11 (Copied 1890-01-24),,,Dedham Street [West Dedham Street]; [Ivanhoe Street]; Tremont Street; Upton Street,Draft subdivision plan showing 8 lots numbered 1 thru 8; dimensions and sf. Abuts 20 ft wide passageway. Note indicates copied from recorded plan.,,Suffolk Unindexed Plan Bk/Pg 823/999,"[Wilson, Henry W.] (Copied from original)",,C-1583-P,,1 in = 50 ft,42.34294311,-71.0733,Survey Plan,1,,1,11.5 x 14.5,Pencil on trace,,,,,,,,,,,,,,,,,,,,,,,,,,,,,,,,,,,,,,,,,,,,,,,,,,,,,,,,,,,,,,,,,,,,,,,,,,,,,,,,,,,,,,,,,,,,,,,,,,,,,
Perkins_W67_C1584,,"Boston, MA",[Untitled - Washington Street],1837-04-04 (copied 1870-02-21),,,Washington Street,Draft subdivision plan showing 8 lots with owners' names; dimensions and sf. Note indicates is copy of part of a plan.,,,None provided,,C-1584-P,,1 in = 20 ft,,,Survey Plan,1,,1,13.5 x 12,Pencil on trace,,,,,,,,,,,,,,,,,,,,,,,,,,,,,,,,,,,,,,,,,,,,,,,,,,,,,,,,,,,,,,,,,,,,,,,,,,,,,,,,,,,,,,,,,,,,,,,,,,,,,
Perkins_W67_C1585,,"Boston, MA","[Untitled - Concord Street, Newland Street, Shawmut Avenue]",1890-02-15,,Shawmut Avenue Baptist Church,"Concord Street [West Concord Street], Newland Street, Shawmut Avenue; Suffolk Street",Draft subdivision plan showing 4 lots numbered 1 thru 4; dimensions and sf. Note indicates plan recorded.,"Per urban atlases, owners may have included Blanchard, W.E., heirs; Smith, S., heirs.",Suffolk Unindexed Plan Bk/Pg 733/281,"Wadsworth, Alexander (copied by Wilson, Henry W.)",,C-1585-P,,1 in = 20 ft,42.33906053,-71.0759,Survey Plan,1,,1,10 x 8,Pencil on ruled bond paper,,,,,,,,,,,,,,,,,,,,,,,,,,,,,,,,,,,,,,,,,,,,,,,,,,,,,,,,,,,,,,,,,,,,,,,,,,,,,,,,,,,,,,,,,,,,,,,,,,,,,
Perkins_W67_C1586,,"Boston, MA",[Untitled - East Street and East Street Place],Not identified,,Primary School Houses; Steam House No. 7,East Street; East Street Place [East Place],Draft sketch of three lots with dimensions and sf. Note indicates is a copy from public ledger.,"Per urban atlases, abutters included Fire House No. 7 and the Channing and Guild Schools.",,None provided,,C-1586-P,,1 in = 10 ft,42.35109712,-71.0569,Survey Plan,1,,1,13 x 17,Pencil on vellum,,,,,,,,,,,,,,,,,,,,,,,,,,,,,,,,,,,,,,,,,,,,,,,,,,,,,,,,,,,,,,,,,,,,,,,,,,,,,,,,,,,,,,,,,,,,,,,,,,,,,
Perkins_W67_C1587,,"Boston, MA",[Untitled - East Street and South Street],1882-01-02,,"Doe, William G.; Parker, E.; Tuttle, T.W. [among others]",Beach Street; East Street; South Street,Draft sketch of subdivision plan showing 10 lots with dimensions and sf. Note indicates copy of a plan.,,,None provided,,C-1587-P,,1 in = 50 ft,42.35109712,-71.0569,Survey Plan,1,,1,24 x 8.5,Pencil on trace,,,,,,,,,,,,,,,,,,,,,,,,,,,,,,,,,,,,,,,,,,,,,,,,,,,,,,,,,,,,,,,,,,,,,,,,,,,,,,,,,,,,,,,,,,,,,,,,,,,,,
Perkins_W67_C1588,,"Boston, MA",[Untitled - Belvidere and Falmouth],1889-11-26,,,Belvidere Street; Falmouth Street,Draft sketch of subdivision plan showing 9 numbered lots. Displays dimensions and sf. Note states that the original of this plan was left with the Suffolk Registry of Deeds and is a true copy.,,,"Fuller, Frank L.",,C-1588-P,,1 in = 40 ft,42.34615186,-71.0848,Survey Plan,1,,1,8 x 10,Pencil or pen on ruled bond paper,,,,,,,,,,,,,,,,,,,,,,,,,,,,,,,,,,,,,,,,,,,,,,,,,,,,,,,,,,,,,,,,,,,,,,,,,,,,,,,,,,,,,,,,,,,,,,,,,,,,,
Perkins_W67_C1589,,"Boston, MA",[Untitled - East Street Place and South Street],1884-01-26 (Copied 1890-02-19),,"Boston, City of; Doe, William G.; Prescott, William A.; Tuttle, T.W.",East Street Place [East Place]; South Street,"Lot plan showing two lots with dimensions and thick hatched walls. Note says ""Dotted line are red lines.",Crafts and Forbes were civil engineers],,Crafts and Forbes (Copied),,C-1589-P,,1 in = 8 ft,42.35109712,-71.0569,Survey Plan,1,,1,12 x 15,Pencil on trace,Edge damage. ,,,,,,,,,,,,,,,,,,,,,,,,,,,,,,,,,,,,,,,,,,,,,,,,,,,,,,,,,,,,,,,,,,,,,,,,,,,,,,,,,,,,,,,,,,,,,,,,,,,,
Perkins_W67_C1591,,"South Boston (Boston, MA)",[Untitled - Broadway],Not identified,"Blake, James, heirs; Clapp; Everett, E.; Greene, Gardner & Company.",,"Broadway (West); 2nd, 3rd, and 4th Streets; Boston Harbor","Sketch of street layout with street numbers, dimensions, sf, owners. Edits on purple ink. Note indicates part of plan at Suffolk Registry and complete copy made in 1891-04-14.",,Suffolk Unindexed Plan Bk/Pg 217/115,None provided,,C-1591-P,,1 in = 2 chains (132 feet),42.33552869,-71.0457,Survey Plan,1,,1,19.5 x 9.5,Pencil on trace,Edge damage. ,,,,,,,,,,,,,,,,,,,,,,,,,,,,,,,,,,,,,,,,,,,,,,,,,,,,,,,,,,,,,,,,,,,,,,,,,,,,,,,,,,,,,,,,,,,,,,,,,,,,
Perkins_W67_C1592,,"South Boston (Boston, MA)",[Untitled - Broadway],1890-06-23,"Blake, James, heirs; Clapp; Everett, E.; Greene, Gardner & Company.",,Broadway (West); E Street; 4th Street; Boston Harbor,"Sketch of street layout with street numbers, dimensions, sf, owners. Edits on purple ink. Note indicates copies at clerk's office of Superior Court.",,,"[Wilson, Henry W.] (Copied by Vialle, G. W.)",,C-1592-P,,1 in = 2 chains (132 feet),42.33552869,-71.0457,Survey Plan,1,,1,18.5 x 12.5,Pencil on trace,,,,,,,,,,,,,,,,,,,,,,,,,,,,,,,,,,,,,,,,,,,,,,,,,,,,,,,,,,,,,,,,,,,,,,,,,,,,,,,,,,,,,,,,,,,,,,,,,,,,,
Perkins_W67_C1593,,"South Boston (Boston, MA)",[A plan of a part of South Boston],1809-06-30,"Gould, A.; Greene, Gardner; Mason, I.; Tudor, W.; Wood, I.",,B Street; C Street; D Street; E Street; F Street; Dorchester Street,"Sketch of street layout with street numbers, dimensions, sf, owners. Two streets labelled in purple ink. Note indicates compared with original at Suffolk Registry ""No essential difference."" ",Registry version contains additional descriptive information.,Suffolk Unindexed Plan Bk/Pg 230/999,None provided,,C-1593-P,,1 in = 200 ft,42.33552869,-71.0457,Survey Plan,1,,1,12.5 x 19,Pencil on trace,Edge damage. ,,,,,,,,,,,,,,,,,,,,,,,,,,,,,,,,,,,,,,,,,,,,,,,,,,,,,,,,,,,,,,,,,,,,,,,,,,,,,,,,,,,,,,,,,,,,,,,,,,,,
Perkins_W67_C1594,,"South Boston (Boston, MA)",[Untitled - Copy of Plan],1890-07-28,,,"C Street; D Street; E Street; F Street; G Street; Broadway; Dorchester Street; Old Harbor Street; 1st, 2nd, 3rd, 4th, 5th, 6th, 8th Streets","Sketch of street layout showing lots with street numbers, dimensions, sf. Notes indicate copied from plan filed in Suffolk Registry (""A true copy"") and ""Wilson's copy"" had no name or date but references 1826 deed.",Appears to be facsimile of registry filing,Suffolk Unindexed Plan Bk/Pg 314/163,"[Wilson, Henry W.] (Copied by Vialle, G. W.)",,C-1594-P,,Scale not given,42.33552869,-71.0457,Survey Plan,1,,1,10 x 17.5,Brown ink and blue pencil on vellum,,,,,,,,,,,,,,,,,,,,,,,,,,,,,,,,,,,,,,,,,,,,,,,,,,,,,,,,,,,,,,,,,,,,,,,,,,,,,,,,,,,,,,,,,,,,,,,,,,,,,
Perkins_W67_C1595,,"South Boston (Boston, MA)",[Untitled - Street layout between B and D Streets],1876-06-15 (Copied 1890-08-07),"Includes: Adams, Seth; Denny, Daniel; Loring, Caleb W.",,B Street; C Street; D Street; E Street; First Street,"Sketch of street layout showing unnamed 50-foot-wide street ""reserved for all deeds"" cross cut by B, C, D, and E streets. Shows lost widths and owners and table of owners at Fan Pier. Dashed line shows original high water mark common ? Note: ""Prepared under the direction of the Agent of the Commonwealth for the Commission & the Flats South Boston. "" Note: ""Copied by H.M. Aug 7 1890 from B-366 Harbor Commission Office. High water line shown in red.""",,,"[Wilson, Henry W.] (Copied by H.M.) ",,C-1595-P,,1 in = 50 ft,42.34114777,-71.0493,Survey Plan,1,2,1,38 x 23.5,Pencil on vellum / trace,Edge damage. Folded.,,,,,,,,,,,,,,,,,,,,,,,,,,,,,,,,,,,,,,,,,,,,,,,,,,,,,,,,,,,,,,,,,,,,,,,,,,,,,,,,,,,,,,,,,,,,,,,,,,,,
Perkins_W67_C1596,,"City Point (Boston, MA)",Copy of Part of Plan A-7 - Harbor Commissioners Office,1858-04-01 (Copied 1890-08-07),,,A Street; B Street; Dorchester Street; Dove Street; E Street; East Broadway; East First; East Second; East Third; Emerson Street; Independence Square; L Street; M Street; West First; West Second;,Sketch of street grid showing water line taken from state line of 18?? and original line at common tide. Note says buildings and squares were not copies.,,,"[Wilson, Henry W.] (Copied by H.M.) ",,C-1596-P,,1 in = 200 ft,42.33811178,-71.0375,Survey Plan,1,,1,46 x 19,Ink and pencil on vellum / trace,Edge damage. Folded.,,,,,,,,,,,,,,,,,,,,,,,,,,,,,,,,,,,,,,,,,,,,,,,,,,,,,,,,,,,,,,,,,,,,,,,,,,,,,,,,,,,,,,,,,,,,,,,,,,,,
Perkins_W68_C1597,Dorchester Neck,"South Boston (Boston, MA)",Land on Dorchester Neck,1803-12-09 (Copied),,"Bird; Clapp; Gould, Abraham; Greene, Gardiner",Boston Harbor; South Boston,Lot plan showing dimensions and notes about deeds. Notations difficult to decipher. Date and provenance unclear.,,,None provided,,C-1597-P,,1 in = 200 ft,42.3335495,-71.0497,Survey Plan,1,,1,12 x 10.5,Pencil on trace,Edge damage. ,,,,,,,,,,,,,,,,,,,,,,,,,,,,,,,,,,,,,,,,,,,,,,,,,,,,,,,,,,,,,,,,,,,,,,,,,,,,,,,,,,,,,,,,,,,,,,,,,,,,
Perkins_W68_C1598,Dorchester Neck,"South Boston (Boston, MA)",Plan of a piece of land lying in South Boston containing 15 acres and 10 rods belonging to Dr. Henry Gardner and others laid down by the scale of one of Gunters' Chains or 66 feet to one inch.,1810-01-10 (Copied 1: 1810-04-18; Copied 2: 1890-06-23),,"Blake, James; Clapp, Elisha",2nd Street; D Street; Boston Harbor,"Plan showing two blocks of lots along Second Street. Displays lot dimensions and sf. Notations indicated copied from part of plans in Vol. 10, page 171, of Partitions Executions 1791-1818, found in Supreme Judicial Court's Clerk's Office, as well as Suffolk Registry Plan. Copy by Osgood Carleton was ""divided into lots.""",,Suffolk Unindexed Plan Bk/Pg 232/999,"Wirthington, Mather (Copied 1: Carleton, Osgood; Copied 2: Wilson, Henry W.)",,C-1598-P,,1 in = 1 chain (66 feet),42.34144485,-71.0505,Survey Plan,1,4,1,23 x 19,Pencil on trace,Edge damage. ,,,,,,,,,,,,,,,,,,,,,,,,,,,,,,,,,,,,,,,,,,,,,,,,,,,,,,,,,,,,,,,,,,,,,,,,,,,,,,,,,,,,,,,,,,,,,,,,,,,,
Perkins_W68_C1599,Dorchester Neck,"South Boston (Boston, MA)","Copy of the Plan of South Boston Flats from actual survey, 1879",1879-01-01 (Copied 1890-07-18),,Boston Wharf Company; Old Colony Railroad; Wellington Wharf; various wharf owners or lessors,Atlantic Avenue; Dorchester Avenue; Eastern Avenue; Federal Street [Defunct]; Fort Point Channel; Mount Washington Avenue [Defunct],Plan showing multiple blocks of lots along Fort Point Channel. Shows Harbor Commissioner's Line of 1840 and 1857. Notes indicate copy of plan from the City Surveyors' Office.,,,(Copied by P&A?),,C-1599-P,,Scale not given,42.34285244,-71.0572,Survey Plan,1,8,1,24 x 38,Pencil on trace,Edge damage. ,,,,,,,,,,,,,,,,,,,,,,,,,,,,,,,,,,,,,,,,,,,,,,,,,,,,,,,,,,,,,,,,,,,,,,,,,,,,,,,,,,,,,,,,,,,,,,,,,,,,
Perkins_W68_C1600,Dorchester Neck,"South Boston (Boston, MA)",[Untitled - Land at Dorchester Neck],1803-11-25 (Copied 1890-08-01),"Gould, Abraham; Green, Gardiner",,Boston Harbor; South Boston,"Lot plan showing dimensions, sf, and compass points. References copy of deed in Norfolk Registry.","Deed in Norfolk Registry indicates transfer of land from Abraham Gould to Gardiner Greene at ""Dorchester Neck."" ",Norfolk Deed Bk/Pg 20/125,(Copied),,C-1600-P,,Scale not given,42.3335495,-71.0497,Survey Plan,1,,1,14 x 11,Pencil on trace,Edge damage. ,,,,,,,,,,,,,,,,,,,,,,,,,,,,,,,,,,,,,,,,,,,,,,,,,,,,,,,,,,,,,,,,,,,,,,,,,,,,,,,,,,,,,,,,,,,,,,,,,,,,
Perkins_W68_C1601,Dorchester Neck,"South Boston (Boston, MA)","Copy of Part of the Plan of South Boston Flats from actual survey, 1879",1879-01-01 (Copied 1890-07-18),,,"Dorchester Street; Emerson Street; East Broadway; East First; East Second; East Third; H, I, J, K, L, M, N, O, and P Streets; Independence Square [Medal of Honor Park]",Street layout including layout of pathways in Independence Square. Shows street names and low tide water line. Is based on Plan #C-1599-P. Notes indicated taken from Drawing #CC-424 in Boston City Surveyor's Office.,,,(Copied by P&A?),,C-1601-P,,Scale not given,42.34285244,-71.0572,Survey Plan,1,6,1,24 x 28,Pencil on trace,,,,,,,,,,,,,,,,,,,,,,,,,,,,,,,,,,,,,,,,,,,,,,,,,,,,,,,,,,,,,,,,,,,,,,,,,,,,,,,,,,,,,,,,,,,,,,,,,,,,,
Perkins_W68_C1602,Dorchester Neck,"South Boston (Boston, MA)","Copy of Part of a Plan marked ""N-88"" at State Library (Plan of the Inner Harbor of Boston).",1847-02-02 (Copied 1890-07-18),,,Dorchester Street; Second Street; Third Street; Boston Harbor,"Tracing of Section of Dorchester taken from the Plan of the Inner Harbor of Boston done by the United States Coast Survey, 1847 edition. Includes street layout and hachures, contours, and shading of coastal land and line of original high water-mark. Includes transcription of title information. Calculations and names of lettered streets in purple ink.",Part of a pair of sketches alongside plan #C-1603-P. Original plan is featured on Leventhal Map Center Collection.,,"Bache, Boutelle, Davis, Whiting (Copied J. M.?)",U.S. Coast Survey,C-1602-P,,1 in = 1500,42.34114777,-71.0493,Map,1,,1,9 x 24,Pencil on trace,Edge damage. ,,,,,,,,,,,,,,,,,,,,,,,,,,,,,,,,,,,,,,,,,,,,,,,,,,,,,,,,,,,,,,,,,,,,,,,,,,,,,,,,,,,,,,,,,,,,,,,,,,,,
Perkins_W68_C1603,Dorchester Neck,"South Boston (Boston, MA)","Copy of Part of a plan marked ""N-88"" at State Library (Plan of the Inner Harbor of Boston).",1847-02-02 (Copied 1890-07-18),,,Dorchester Street; Broadway,"Tracing of Section of Dorchester taken from the Plan of the Inner Harbor of Boston done by the United States Coast Survey, 1847 edition. Includes street layout and hachures, contours, and shading of coastal land and line of original high water mark as well as line 1650 feet from high-water mark. Includes transcription of title information.",Part of a pair of sketches alongside plan #C-1602-P. Original plan is featured on Leventhal Map Center Collection.,,"Bache, Boutelle, Davis, Whiting (Copied J. M.?)",U.S. Coast Survey,C-1603-P,,1 in = 1500,42.34114777,-71.0493,Map,1,,1,18 x 13,Pencil on trace,Edge damage. ,,,,,,,,,,,,,,,,,,,,,,,,,,,,,,,,,,,,,,,,,,,,,,,,,,,,,,,,,,,,,,,,,,,,,,,,,,,,,,,,,,,,,,,,,,,,,,,,,,,,
Perkins_W68_C1604_1,Dorchester Neck,"South Boston (Boston, MA)","Copy of Part of a Plan marked ""N-91"" at State Library (Plan of the Inner Harbor of Boston showing commissioners' lines)",1850-05-03 (Copied 1890-06-22),,Old Colony Railroad ,Broadway; Dorchester Street; West Second Street; West Third Street,"Tracing of Section of Dorchester taken from Copy of part of plan of inner harbor of Boston, showing commissioners lines, 1850 edition. Includes street layout and hachures, contours, and shading of coastal land and line of original high water-mark. Includes transcription of title information. Title note: Appointed under a resolve of the Legislature approved May 3d 1850.",Part of a pair of sketches alongside plan #C-1604-2-P. Original plan is featured on Leventhal Map Center Collection.,,Boston Harbor Commissioners,U.S. Coast Survey,C-1604-1-P,,1 in = 5000,42.34114777,-71.0493,Map,1,,1,28 x 10,Pencil on trace,Edge damage. ,,,,,,,,,,,,,,,,,,,,,,,,,,,,,,,,,,,,,,,,,,,,,,,,,,,,,,,,,,,,,,,,,,,,,,,,,,,,,,,,,,,,,,,,,,,,,,,,,,,,
Perkins_W68_C1604_2,Dorchester Neck,"South Boston (Boston, MA)","Copy of Part of a Plan marked ""N-91"" at State Library (Plan of the Inner Harbor of Boston showing commissioners' lines)",1850-05-03 (Copied 1890-06-22),,,Fourth Street; P Street,"Tracing of Section of Dorchester taken from Copy of part of plan of inner harbor of Boston, showing commissioners lines, 1850 edition. Includes street layout and hachures, contours, and shading of coastal land and line of original high-water mark as well as line 1650 feet from high water mark. Includes transcription of title information. Includes street layout and hachures, contours, and shading of coastal land and line of original high-water mark. Title note: Appointed under a resolve of the Legislature approved May 3d 1850.",Part of a pair of sketches alongside plan #C-1604-1-P. Original plan is featured on Leventhal Map Center Collection.,,Boston Harbor Commissioners,U.S. Coast Survey,C-1604-2-P,,1 in = 5000,42.33491037,-71.0272,Map,1,,1,26 x 13,Pencil on trace,Edge damage. ,,,,,,,,,,,,,,,,,,,,,,,,,,,,,,,,,,,,,,,,,,,,,,,,,,,,,,,,,,,,,,,,,,,,,,,,,,,,,,,,,,,,,,,,,,,,,,,,,,,,
Perkins_W68_C1605,Dorchester Neck,"South Boston (Boston, MA)","Copy of Part of C-30 Harbor, Commissioners' Office.",1847-02-02 (Copied 1890-08-07),,,A through F Streets; Broadway; Dorchester Street; West Second Street; West Third Street,"Tracing of Section of Dorchester taken from Copy of part of plan of inner harbor of Boston from a plan executed by Coutelle. Includes street layout and shoreline. Notes indicate taken from Commissioners' Office, from 1847 lithograph. Notes and calculations in purple ink.",Original plan is featured on Leventhal Map Center Collection.,,"Boutelle, C. O.; Whitting, H.L. (Copied by H.M.)",,C-1605-P,,1 in = 5000,42.34114777,-71.0493,Map,1,,1,30.5 x 8,Pencil on trace,Edge damage. ,,,,,,,,,,,,,,,,,,,,,,,,,,,,,,,,,,,,,,,,,,,,,,,,,,,,,,,,,,,,,,,,,,,,,,,,,,,,,,,,,,,,,,,,,,,,,,,,,,,,
Perkins_W68_C1606,Dorchester Neck,"South Boston (Boston, MA)",Copied from Memorandum - Hollis R. Bailley,1803-01-01 (Copied 1890-08-20),"Bird, Ezekiel; Bird, Samuel; Green, Gardiner; ",,,"Lot plan showing single lot with measurements and orientation marks. Note says ""Road to Nook Point.""",Dimensions appear to be taken from Deed between Birds and Greene.,,(Copied by J.H.J.),,C-1606-P,,Scale not given,,,Survey Plan,1,,1,6.5 x 11,Pencil on trace,Edge damage. ,,,,,,,,,,,,,,,,,,,,,,,,,,,,,,,,,,,,,,,,,,,,,,,,,,,,,,,,,,,,,,,,,,,,,,,,,,,,,,,,,,,,,,,,,,,,,,,,,,,,
Perkins_W68_C1607,,"Boston, MA",Part of Plan,(Copied 1890-06-18),,"Binney; Boston Water Power Co.; Lincoln, Cecilia",Boylston Street; Brookline Avenue,"Plan showing several lots with dimensions and various calculations. Note indicates ""Stake and nails put in at City Hall, June 19, 1890. Cook says he would not trust it for line or measure. Mr. Bryant (French's assistant) said the stake is not right."" Contains edits in purple ink.",,,(Copied by H.M.),,C-1607-P,"24,25,26,27",1 in = 50 ft,42.34359555,-71.1021,Survey Plan,1,3,1,26 x 31,Pencil on vellum,"Material is very brittle, yellow vellum. Edge damage.",,,,,,,,,,,,,,,,,,,,,,,,,,,,,,,,,,,,,,,,,,,,,,,,,,,,,,,,,,,,,,,,,,,,,,,,,,,,,,,,,,,,,,,,,,,,,,,,,,,,
Perkins_W68_C1608,,"Boston, MA",[Untitled - Back Bay Park],(Copied 1890-05-21),,"Binney, W. G.; Boston Water Power, Co.; Brinton, John F.; Chandler, John W.; Graffam, Peter; Lincoln, W. H.;",Back Bay Park; Boylston Street; Brookline Avenue,Plan showing several lots with dimensions and calculations. Note indicates copied at Park Commissioner's Office.,,,None provided,,C-1608-P,"24,25,26,27",1 in = 50 ft,42.34359555,-71.1021,Survey Plan,1,3,1,37.5 x 28,Pencil on trace,Edge damage. ,,,,,,,,,,,,,,,,,,,,,,,,,,,,,,,,,,,,,,,,,,,,,,,,,,,,,,,,,,,,,,,,,,,,,,,,,,,,,,,,,,,,,,,,,,,,,,,,,,,,
Perkins_W68_C1609,,"Boston, MA","Land in Boston, Mass.",1890-05-01 (Copied 1890-07-01),,,Boylston Street; Providence Street,Lot plan showing two townhouse building footprints with connecting wall colored and hatched in red and displaying sf for space. Shows street numbers of 83 and 84.,Buildings now incorporated into 200 Boylston.,,"Bowditch, Ernest W. (Copied by G. Walter Vialle)",,C-1609-P,,1 in = 4 ft,42.35240023,-71.0679,Survey Plan,1,4,1,38 x 13,Pencil on trace,Edge damage. ,,,,,,,,,,,,,,,,,,,,,,,,,,,,,,,,,,,,,,,,,,,,,,,,,,,,,,,,,,,,,,,,,,,,,,,,,,,,,,,,,,,,,,,,,,,,,,,,,,,,
Perkins_W68_C1610,,"Boston, MA","Land in Boston, Mass.",1890-08-01 (Copied),,,Boylston Street; Church Street; Providence Street,Lot plan showing townhouse building footprint with dividing wall colored and hatched in red and displaying sf for space. Shows street number of 84. References distance to nearby Church Street.,,,"Bowditch, Ernest W. (Copied)",,C-1610-P,,1 in = 4 ft,42.35240023,-71.0679,Survey Plan,1,4,1,37.5 x 11.5,Pencil on trace,Edge damage. ,,,,,,,,,,,,,,,,,,,,,,,,,,,,,,,,,,,,,,,,,,,,,,,,,,,,,,,,,,,,,,,,,,,,,,,,,,,,,,,,,,,,,,,,,,,,,,,,,,,,
Perkins_W68_C1611,,"South Boston (Boston, MA)",Plan of Wharf Property 1st Street between E and F Street,Not identified,,,E Street; F Street; First Street,"Lot plan showing two lots labelled ""solid flats"" with dimensions and sf and table of calculations. Not dated.","Per urban atlases, block housed saw mill and lumber yard. P.L. Moore, who left the plan, may have been related to Moore heirs. ",,"Moore, P. L. Moore (Copied by J.M.)",,C-1611-P,,1 in = 100 ft,42.33928122,-71.0462,Survey Plan,1,3,1,24 x 12.5,Pencil on trace,Edge damage. Tears.,,,,,,,,,,,,,,,,,,,,,,,,,,,,,,,,,,,,,,,,,,,,,,,,,,,,,,,,,,,,,,,,,,,,,,,,,,,,,,,,,,,,,,,,,,,,,,,,,,,,
Perkins_W68_C1612,,"Boston, MA",[Untitled - Washington Street],1837-06-03 (Copied 1890-05-31),"Cole, Thomas",Devens; Marlboro Hotel,Washington Street,"Lot plan showing two lots with dimensions and sf. Smaller lot is labelled as sold. Notes indicated copied a second time at Surveyors' Office Vol 16-90 and that the triangle in front of the sale lot was cut off 06/02/1846, Vol. 24, page 296 City records.","Urban atlases indicate that lot probably is 407-411 Washington Street, near the current Marlboro Building. ",,"Wadsworth, Alexander (Copied by A. R.)",,C-1612-P,,1 in = 20 ft,42.35597568,-71.0601,Survey Plan,1,,1,9.5 x 14.5,Pencil on trace,Edge damage. ,,,,,,,,,,,,,,,,,,,,,,,,,,,,,,,,,,,,,,,,,,,,,,,,,,,,,,,,,,,,,,,,,,,,,,,,,,,,,,,,,,,,,,,,,,,,,,,,,,,,
Perkins_W68_C1613,,"Boston, MA",[Untitled - Court Street and Alden Court],1824-09-09 (Copied 1890-06-09),,"Fullum, David; Wiggen",Alden Court [Defunct]; Court Street [Cambridge Street],Subdivision plan showing 3 lots with dimensions and sf. Indicates copied at Suffolk Registry.,"Located at or near 177 Court Street, which was subsequently replaced by current Cambridge Street.",Suffolk Unindexed Plan Bk/Pg 293/39,"(Copied by Warren, W.D.)",,C-1613-P,,1 in = 10 ft,42.36124707,-71.062,Survey Plan,1,,1,12 x 14.5,Pencil on trace,Edge damage. ,,,,,,,,,,,,,,,,,,,,,,,,,,,,,,,,,,,,,,,,,,,,,,,,,,,,,,,,,,,,,,,,,,,,,,,,,,,,,,,,,,,,,,,,,,,,,,,,,,,,
Perkins_W68_C1614,,"Boston, MA",[Untitled - Court Street and Alden Court],1853-02-21 (Copied 1990-06-09),,"Fullum, David; Gibbs, A.H.",Alden Court [Defunct]; Court Street [Cambridge Street],"Lot plan showing single lot with ""house & store"", with dimensions and sf. Outlined in red pencil. Note says ""Copied from Wilson's copy."" Also copied from Suffolk Registry's copy.","Located at section of Court Street that was subsequently replaced by current Cambridge Street. Per Boston directories and urban atlases, property may have belonged to Simeon P. Adams, tea merchant and overseer of the poor.",Suffolk Unindexed Plan Bk/Pg 683/245,"Wadsworth, Alexander (Copied by W. D. Warren)",,C-1614-P,,1 in = 10 ft,42.36124707,-71.062,Survey Plan,1,2,1,12 x 15,Pencil on trace,Edge damage. ,,,,,,,,,,,,,,,,,,,,,,,,,,,,,,,,,,,,,,,,,,,,,,,,,,,,,,,,,,,,,,,,,,,,,,,,,,,,,,,,,,,,,,,,,,,,,,,,,,,,
Perkins_W68_C1615,,"Boston, MA",[Untitled - Union Street],1874-07-01 (Copied),,"Burbank, A. F.; Chever, James; Roberts, J.W. & A.; Smith E.;",Blackstone Street; Old Federal Court [Defunct]; Union Street,Plan of four lots with dimensions and sf. Property boundaries outlined in red. ,"Plan is for a section of Blackstone and Union Streets which have been filled in. Per urban atlases, lots were owned by J. Raynor heirs.",,"Wadsworth, Alexander (Copied)",,C-1615-P,,1 in = 20 ft,42.36256497,-71.0576,Survey Plan,1,,1,12 x 10.5,Ink and pencil on trace,Edge damage. ,,,,,,,,,,,,,,,,,,,,,,,,,,,,,,,,,,,,,,,,,,,,,,,,,,,,,,,,,,,,,,,,,,,,,,,,,,,,,,,,,,,,,,,,,,,,,,,,,,,,
Perkins_W68_C1616,,"Winthrop, MA","Floydonia, Winthrop: The property of David Floyd.",1875-06-30 (Copied 1890-05-22),"Floyd, David",,Almont Street; Beach Street [Revere Road]; Shirley Street; Locust Street,Subdivision plan showing 17 lots on either side of Almond Street. Displays dimensions and sf.,Dean David Floyd purchased land from the Winthrop farm and became major landowner; see Massachusetts Historical Commission (https://mhc-macris.net/Documents/WTH/PDFs/WTH_110.pdf). George Wadsworth was civil engineer and surveyor based in Everett.,Suffolk Unindexed Plan Bk/Pg 1278/999,"Wadsworth, George (Copied by H.M.)",,C-1616-P,,1 in = 100 ft,42.3827778,-70.9764,Survey Plan,1,,1,12 x 8,Pencil on trace,Edge damage. ,,,,,,,,,,,,,,,,,,,,,,,,,,,,,,,,,,,,,,,,,,,,,,,,,,,,,,,,,,,,,,,,,,,,,,,,,,,,,,,,,,,,,,,,,,,,,,,,,,,,
Perkins_W68_C1617,,"Boston, MA",[Untitled - Prince Street at Little Alley],1836-07-01 (Copied 1890-08-16),,"McKay; Wiswall, William",Little Alley; Prince Street,Lot plan showing single lot with dimensions. References plan in Suffolk Registry.,,Suffolk Unindexed Plan Bk/Pg 410/60,"Wadsworth, Alexander (Copied by H.M.)",,C-1617-P,,1 in = 10 ft,42.36518168,-71.0552,Survey Plan,1,,1,8 x 12,Pencil on ruled bond paper,,,,,,,,,,,,,,,,,,,,,,,,,,,,,,,,,,,,,,,,,,,,,,,,,,,,,,,,,,,,,,,,,,,,,,,,,,,,,,,,,,,,,,,,,,,,,,,,,,,,,
Perkins_W68_C1618,,"Boston, MA",[Untitled - Bryant St. at Huntington Avenue and Parker Street],1885-01-21 (Copied),,"Elliot Land; Myers, James; Parker Street Land Associates; Rogers Avenue Land Company; Stevenson, Grace; Sumner, Eben",Bryant Street [Defunct]; Huntington Avenue; Parker Street [Hemenway],Street layout showing 6 lots and 12-foot-wide passageway off Bryant Street and lot dimensions; one lot displays sf. ,,Suffolk Unindexed Plan Bk/Pg 1927/73,"Ellis, S.C. (Copied by Henry W. Wilson)",,C-1618-P,680; 683,1 in = 100 ft,42.33915004,-71.0965,Survey Plan,1,,1,20 x 9.5,Pencil on trace,Edge damage. ,,,,,,,,,,,,,,,,,,,,,,,,,,,,,,,,,,,,,,,,,,,,,,,,,,,,,,,,,,,,,,,,,,,,,,,,,,,,,,,,,,,,,,,,,,,,,,,,,,,,
Perkins_W68_C1619,,"Boston, MA",[Untitled - Bryant St. at Parker Street],1883-11-02 (Copied),,"Elliot Land Company; Haynes, Charles, formerly; Little, Sam; Parker Street Land Associates; Rogers Avenue Land Company; Stevenson, Grace; Sumner, Eben",Bryant Street [Defunct]; Huntington Avenue; Parker Street [Hemenway],"Street layout showing 6 lots and 12-foot-wide passageway off Bryant Street and lot dimensions; some lots displays sf. Shows location of old stone bridge walls. Note indicates ""reduced copy"" of Wilson.",The Leventhal Map Center contains other maps by T.B. Moses,Suffolk Unindexed Deed Bk/Pg 1626/75,"Moses, Theodore Bland (Copied by Henry W. Wilson)",,C-1619-P,680; 683,1 in = 40 ft,42.33915004,-71.0965,Survey Plan,1,,1,14 x 9,Pencil on trace,Edge damage. ,,,,,,,,,,,,,,,,,,,,,,,,,,,,,,,,,,,,,,,,,,,,,,,,,,,,,,,,,,,,,,,,,,,,,,,,,,,,,,,,,,,,,,,,,,,,,,,,,,,,
Perkins_W68_C1620,,"Boston, MA",[Untitled - Bryant St. at Parker Street],1890-05-28 (Copied 1890-06-12),,"Elliot Land Company; Haynes, Charles, formerly; Little, Sam, formerly; Myers, James J.; Parker Street Land Associates; Rogers Avenue Land Company; Stevenson, Grace; Sumner, Eben",Bryant Street [Defunct]; Huntington Avenue; Parker Street [Hemenway],Street layout showing 7 lots and 12-foot-wide passageway off Bryant Street and lot dimensions; some lots displays sf. Shows location of old bridge way.,,,"Ellis, S.C. (Copied by Por[?], A.S.)",,C-1620-P,680; 683,1 in = 40 ft,42.33915004,-71.0965,Survey Plan,1,3,1,28 x 11,Pencil on trace,Buckling.,,,,,,,,,,,,,,,,,,,,,,,,,,,,,,,,,,,,,,,,,,,,,,,,,,,,,,,,,,,,,,,,,,,,,,,,,,,,,,,,,,,,,,,,,,,,,,,,,,,,
Perkins_W69_C1621,,"Boston, MA",Plan of an Estate in Boston Highlands,1872-02-27 (Copied 1890-07-25),"Dyer, Elisha M., Esq.",,Halleck Street [Annunciation Road]; Huntington Avenue; Parker Street [Hemenway]; Ruggles Street; Ward Street; Stony Brook,"Subdivision plan showing 7 lots numbered 16 thru 22, separated by a street, as well as large lot on other side of Stony Brook. Displays dimensions and sf. Shows outline of Huntington Avenue and ""extension of Halleck Street by the City of Boston."" Displays ""old Channel of Stony Brook"" with central line of levels. Property lots, streets, and edges of brook are shaded in color pencil.",,Suffolk Unindexed Plan Bk/Pg 1183/18,"Moses, H.H. (Copied by Vialle, J. Walter)",,C-1621-P,,1 in = 40 ft,42.33597391,-71.0934,Survey Plan,1,4,1,23 x 17.5,Pencil on trace,Buckling.,,,,,,,,,,,,,,,,,,,,,,,,,,,,,,,,,,,,,,,,,,,,,,,,,,,,,,,,,,,,,,,,,,,,,,,,,,,,,,,,,,,,,,,,,,,,,,,,,,,,
Perkins_W69_C1622,,"Boston, MA",Boston Highlands,1870-11-16 (Copied 1890-07-24),,,[Annunciation Road]; Prentiss Street; Ward Street; Stony Brook,"Lot plan showing 3-acre lot with dimensions and sf. Lot is bordered by Stony Brook and line of marsh and 30-foot wide ""contemplated street."" Ward Street is described as formerly Charles Street. Property lots, streets, and edges of brook are shaded in color pencil.",,Suffolk Unindexed Plan Bk/Pg 1029/121,"Moses, H.H. (Copied by Vialle, J. Walter)",,C-1622-P,,1 in = 30 ft,42.33597391,-71.0934,Survey Plan,1,2,1,24 x 15.5,Pencil on trace,Edge damage. ,,,,,,,,,,,,,,,,,,,,,,,,,,,,,,,,,,,,,,,,,,,,,,,,,,,,,,,,,,,,,,,,,,,,,,,,,,,,,,,,,,,,,,,,,,,,,,,,,,,,
Perkins_W69_C1623,,"Boston, MA",Adams Plan … from the Survey of the City Engineer,1886-01-01 (Copied 1890-07-23),,"Claflin, William",Antwerp Street [Defunct]; Archibald Street [Defunct]; Caldwell Street [Defunct]; Goldthwaite Street [Defunct]; Halleck Street [Annunciation Road]; Parker Street [Hemenway]; Ruggles Street; Willis Avenue [Defunct],"Subdivision plan showing 3 blocks of lots numbered 1 thru 105, with passageways. Displays standard dimensions and s f.",,Suffolk Unindexed Plan Bk/Pg 1711/150,"Bailey, John E. (Copied by Vialle, J. Walter)",,C-1623-P,,1 in = 30 ft,42.33556518,-71.0936,Survey Plan,1,2,1,11 x 16.5,Pencil on trace,Edge damage. ,,,,,,,,,,,,,,,,,,,,,,,,,,,,,,,,,,,,,,,,,,,,,,,,,,,,,,,,,,,,,,,,,,,,,,,,,,,,,,,,,,,,,,,,,,,,,,,,,,,,
Perkins_W69_C1624,,"Boston, MA",[Untitled - Essex and Kingston Streets],1867-06-10 (Copied 1890-06-100,,,Essex Street; Kingston Street,"Plan of two lots, one outlined in red pencil, and displaying dimensions, sf, outlines of a house and shed.",,,"Fuller, J. Franklin (Copied by H.M.)",,C-1624-P,,1 in = 10 ft,42.35259618,-71.0592,Survey Plan,1,2,1,11.5 x 16.5,Pencil on trace,Edge damage. ,,,,,,,,,,,,,,,,,,,,,,,,,,,,,,,,,,,,,,,,,,,,,,,,,,,,,,,,,,,,,,,,,,,,,,,,,,,,,,,,,,,,,,,,,,,,,,,,,,,,
Perkins_W69_C1625_1,,"Boston, MA",Taking of 59 sq. ft. from Boston Wesleyan Association.,1869-05-24 (Copied 1890-05-27),Boston Wesleyan Association; Bromfield House,Second Methodist Episcopal Church,Bromfield Street; Province Street; [Wesleyan Place],First of three variants of plan on same sheet showing Bromfield street. Shows property frontage with sf. Building edges lined in colored pencil (red lines indicated land taken to widen the street in 1847. Passageway separates buildings. Thos. Davis listed as city surveyor. Drawing copied at City Office.,Probably is 34 - 44 Bromfield Street; the Wesleyan Building was constructed in 1870. Incorporates various landmark structures.,,"Davis, Thomas (Copied by W.D.W.)",,C-1625-1-P,,1 in = 20 ft,42.35678538,-71.0605,Survey Plan,1,3,1,24 x 19,Pencil on trace,Buckling.,,,,,,,,,,,,,,,,,,,,,,,,,,,,,,,,,,,,,,,,,,,,,,,,,,,,,,,,,,,,,,,,,,,,,,,,,,,,,,,,,,,,,,,,,,,,,,,,,,,,
Perkins_W69_C1625_2,,"Boston, MA",[Untitled - Methodist Meeting House],1847-07-20 (Copied 1890-05-27),Methodist Meeting House,,Bromfield Street; Province Street; [Wesleyan Place],Second of three variants of plan on same sheet showing Bromfield Street. Shows property dimensions and sf. Drawing copied at City Office.,,,"Wadsworth, Alexander (Copied by WDW)",,C-1625-2-P,,1 in = 20 ft,42.35678538,-71.0605,Survey Plan,,,,,,,,,,,,,,,,,,,,,,,,,,,,,,,,,,,,,,,,,,,,,,,,,,,,,,,,,,,,,,,,,,,,,,,,,,,,,,,,,,,,,,,,,,,,,,,,,,,,,,,,,,
Perkins_W69_C1625_3,,"Boston, MA","[Untitled - Bromfield House, Methodist Chapel]",1848-10-27 (Copied 1890-05-27),Bromfield House; Methodist Meeting House,"Ballard, John",Bromfield Street; Province Street; [Wesleyan Place],Third of three variants of plan on same sheet showing Bromfield Street. Shows property dimensions and sf. Drawing copied at City Office. Contains explanation of context. Indicates was copied from 1827 plan by S.P. Fuller.,,,"Wadsworth, Alexander (Copied by WDW)",,C-1625-3-P,,1 in = 40 ft,42.35678538,-71.0605,Survey Plan,,,,,,,,,,,,,,,,,,,,,,,,,,,,,,,,,,,,,,,,,,,,,,,,,,,,,,,,,,,,,,,,,,,,,,,,,,,,,,,,,,,,,,,,,,,,,,,,,,,,,,,,,,
Perkins_W69_C1626,,"Boston, MA","[Untitled - Bromfield, Tremont, Washington Streets]",1878-01-01 (Copied 18XX-05-27),,"Cole, heirs of; Donnison, heirs of; King, C.E.; Marlboro Chapel; Marlboro Hotel; Methodist Church; Music Hall; Phillips; Quincy; Ward; Warner, R.; Wigglesworth;",Bromfield Street; Central Place [Music Hall Place]; Hamilton Place; Tremont Street; Washington Street; Winter Street,"Plan of block of lots with passageway, displaying dimensions and some owners' names. Note says plan of Studio Building from T. & J. Doane's Plan made 1874-05-05. Other sources are City survey of 1869; Aspinwall & Lincoln plan of 1878-01-10; Alex Wadsworth plan of 1876-05-05.",T. & J. Doane were a major Boston 19th-century surveying/engineering firm.,,"Aspinwall & Lincoln (Copied by Collins, Charles E.?)",,C-1626-P,,1 in = 20 ft,42.35630515,-71.0611,Survey Plan,1,8,1,38 x 24,Pencil on trace,Edge damage. ,,,,,,,,,,,,,,,,,,,,,,,,,,,,,,,,,,,,,,,,,,,,,,,,,,,,,,,,,,,,,,,,,,,,,,,,,,,,,,,,,,,,,,,,,,,,,,,,,,,,
Perkins_W69_C1627,,"Everett, MA","[Untitled - Broadway at Second Street, Everett]",1887-01-01 (Copied 1890-05-23),,"Murphy, Dennis; Pickering, George; Wakefield, S.",Broadway; Second Street,"Plan of block of lots showing dimensions and sf. Note shows penciled facsimile of stamp of Dudley P. Bailey, Counsellor at law in Everett and 17 School Street, Boston. Note says possible coped from plan of Malden.",,,Sargent ? (Copied F.M.?),,C-1627-P,,1 in = 30 ft,42.4055146,-71.0566,Survey Plan,1,2,1,20 x 16,Pencil on trace,,,,,,,,,,,,,,,,,,,,,,,,,,,,,,,,,,,,,,,,,,,,,,,,,,,,,,,,,,,,,,,,,,,,,,,,,,,,,,,,,,,,,,,,,,,,,,,,,,,,,
Perkins_W69_C1628,,"North End (Boston, MA)",[Untitled - Copy of Part of Plan - Salem and Tilston Street],1876-01-29 (Copied 1890-01-29),,,Salem Street; Tileston Street,"Plan of part of block of lots labelled No. 1 thru 8 with ""common passage."" Displays dimensions and sf. Street names are reversed.",,Suffolk Unindexed Plan Bk/Pg 1710/30,"Whitney, Frank O. (Copied by Whitney, F.)",,C-1628-P,,1 in = 8 ft,42.36617851,-71.0548,Survey Plan,1,,1,13 x 10,Pencil on trace,Tears.,,,,,,,,,,,,,,,,,,,,,,,,,,,,,,,,,,,,,,,,,,,,,,,,,,,,,,,,,,,,,,,,,,,,,,,,,,,,,,,,,,,,,,,,,,,,,,,,,,,,
Perkins_W69_C1629,,"Cambridge, MA",From Plan of Highland Street for acceptance,1887-07-25 (Copied 1890-09-22),,"Read, William, estate of; Russell, Charles Theodore; Walcott, H.P.",Appleton Street; Highland Street; Sparks Street,Plan of two lots with dimensions and orientation marks. Note indicates copied at City Hall.,Highland Street was extended from Appleton to Sparks 1887.,,"Mason, W.A. (Copied)",,C-1629-P,,1 in = 40 ft,42.37926283,-71.1325,Survey Plan,1,2,1,24 x 12,Pencil on trace,Buckling. Edge damage.,,,,,,,,,,,,,,,,,,,,,,,,,,,,,,,,,,,,,,,,,,,,,,,,,,,,,,,,,,,,,,,,,,,,,,,,,,,,,,,,,,,,,,,,,,,,,,,,,,,,
Perkins_W69_C1630,,"Boston, MA",[Untitled - Charles River],1890-05-12,,,Charles River,Sketch of land or water between Charles River and Harbor line. Annotations difficult to read but may refer to river dredging project.,,,"Whitman, H. T. (Copied)",,C-1630-P,,1 in = 2000 ft,,,Map,1,,1,11.5 x 6,Pencil on vellum,,,,,,,,,,,,,,,,,,,,,,,,,,,,,,,,,,,,,,,,,,,,,,,,,,,,,,,,,,,,,,,,,,,,,,,,,,,,,,,,,,,,,,,,,,,,,,,,,,,,,
Perkins_W69_C1631,,"Boston, MA",[Untitled - Merchants Row],,,"National Bank of the Republic; Richardson, Jeffery, estate of; ",Merchants Row; State Street,Copy of plan showing dividing partitions between two lots. Walls display information on thicknesses and alterations. Indicate copied from registry version with no date or scale.,,,"Wilson, H.M. (Copied by H.M.)",,C-1631-P,,Scale not given,42.35932551,-71.0555,Survey Plan,1,,1,8 x 10,Pencil on ruled bond paper,,,,,,,,,,,,,,,,,,,,,,,,,,,,,,,,,,,,,,,,,,,,,,,,,,,,,,,,,,,,,,,,,,,,,,,,,,,,,,,,,,,,,,,,,,,,,,,,,,,,,
Perkins_W69_C1632,,"Boston, MA",[Untitled - Washington Street],1828-08-30 (Copied 1890-10-03),,"Bigelow, A.",Washington Street,"Plan of three lots abutting passageways or courts. Lots feature street numbers, dimensions, sf. Are outlined in different colored pencil. Includes notes and references to other documents. References deed transfer from P. Thorndike to David Greenough.",,Suffolk Unindexed Plan Bk/Pg 332/12,"Fuller, Stephen P. (Copied)",,C-1632-P,,1 in = 8 ft,,,Survey Plan,1,2,1,13 x 15.5,Pencil on trace,Edge damage. Tears.,,,,,,,,,,,,,,,,,,,,,,,,,,,,,,,,,,,,,,,,,,,,,,,,,,,,,,,,,,,,,,,,,,,,,,,,,,,,,,,,,,,,,,,,,,,,,,,,,,,,
Perkins_W69_C1633,Dorchester Neck,"South Boston (Boston, MA)",[Untitled - Boston Harbor],(Copied 1890-06-23),,"Clapps, Ebenezer, heirs; Everett, Moses, heirs",Boston Harbor,Snippet of plan of two lots abutting Boston Harbor; shows rough sketch of lots 2 and 3 with dimension. References Norfolk County plan that shows location to be at Dorchester Neck.,Both Clapp and Everett were prominent in Dorchester in the late 18th century.,Norfolk Plan #D0006-246; Bk/Pg 20/123,(Copied),,C-1633-P,,1 in = 5 chains (330 feet),42.32634394,-71.0586,Survey Plan ,1,,1,9 x 6,Pencil on trace,Edge damage. ,,,,,,,,,,,,,,,,,,,,,,,,,,,,,,,,,,,,,,,,,,,,,,,,,,,,,,,,,,,,,,,,,,,,,,,,,,,,,,,,,,,,,,,,,,,,,,,,,,,,
Perkins_W69_C1634,,"Boston, MA",[Untitled - Devonshire and State Streets],1869-02-23 (Copied 1890-09-10),,"Bartlett, J.S.; Hunnewell; Lovering; Taylor, Charles",Devonshire Street; State Street,"Plan of five lots showing dimensions and sf. Piece of land shown as taken by Devonshire Street for street widening. Note indicates a true copy from the registry, reduced by 3/4.",,Suffolk Unindexed Plan Bk/Pg 971/314,"Fuller, J. Franklin (Copied by Wilson, Henry W.)",,C-1634-P,,1 in = 8 ft,42.35846628,-71.0572,Survey Plan,1,2,1,11 x 17,Pencil on trace,Edge damage. Tears.,,,,,,,,,,,,,,,,,,,,,,,,,,,,,,,,,,,,,,,,,,,,,,,,,,,,,,,,,,,,,,,,,,,,,,,,,,,,,,,,,,,,,,,,,,,,,,,,,,,,
Perkins_W69_C1635,,"Cambridge, MA",Plan of Land in Cambridgeport,1873-05-01 (Copied),,"Read, W.; Russell, C.T.",Sparks Street,Plan of three lots showing dimensions and sf.,Highland Street was extended from Appleton to Sparks 1887 and cut through these lots.,,"Mason, W.A. (Copied)",,C-1635-P,,1 in = 30 ft,42.37926283,-71.1325,Survey Plan,1,,1,11.5 x 17.5,Pencil on trace,Edge damage. ,,,,,,,,,,,,,,,,,,,,,,,,,,,,,,,,,,,,,,,,,,,,,,,,,,,,,,,,,,,,,,,,,,,,,,,,,,,,,,,,,,,,,,,,,,,,,,,,,,,,
Perkins_W69_C1636,,"South End (Boston, MA)",[Untitled - Copy of Part of Plan - Washington Street],1845-06-27 (Copied 1890-10-27),,"French, J.",Medford Court [Defunct]; Washington Street,Plan of three lots with dimensions and sf. Lots outlined in red pencil; one lot labelled brick house. Lots numbered 15 and 16.,"Per comparison to Registry version, is part of a large block subdivision",Suffolk Unindexed Plan Bk/Pg 568/999,"Wadsworth, Alexander (Copied by V.D.)",,C-1636-P,,1 in = 10 ft,42.34308657,-71.0681,Survey Plan,1,2,1,12 x 13.5,Pencil on trace,Edge damage. ,,,,,,,,,,,,,,,,,,,,,,,,,,,,,,,,,,,,,,,,,,,,,,,,,,,,,,,,,,,,,,,,,,,,,,,,,,,,,,,,,,,,,,,,,,,,,,,,,,,,
Perkins_W69_C1637,Boston Harbor Wharves,"South Boston Waterfront (Boston, MA)",[Untitled - Francis and Wales Wharves],1890-12-06,"Francis, Ebenezer; Wales, Thomas & C. W.",,[Dorchester Avenue]; Fort Point Channel; Francis Wharf [Defunct]; [Summer Street]; Wales Wharf [Defunct],"Plan of two adjacent wharves with sketches of pans and sections of proposed pile structures (marked in red ink). Handwritten engineer's stamp for J. Franklin Fuller preceded by note: ""Copied from plan marked""",Ebenezer Francis was an investor in Central Wharf; see other plans in the collection. Thomas was a prominent Boston merchant. Francis Wharf was licensed in 1882; the Wales licensed improvements in 1883/84. Licenses were stored in Suffolk Registry. See https://www.mass.gov/files/documents/2018/07/31/06-Appendix6.pdf,,(Copied by C.B.P.),,C-1637-P,,1 in = 20 ft,42.35090614,-71.0533,Survey Plan,1,2,1,26.5 x 6,Ink and pencil on vellum,Stain.,,,,,,,,,,,,,,,,,,,,,,,,,,,,,,,,,,,,,,,,,,,,,,,,,,,,,,,,,,,,,,,,,,,,,,,,,,,,,,,,,,,,,,,,,,,,,,,,,,,,
Perkins_W69_C1638,,"Boston, MA",[Untitled - Copy of Plan - Milk and Oliver Streets],1890-11-04,,,Milk Street; Oliver Street,"Subdivision plan showing 6 lots and abutting passageway with dimensions. Lots appear to be numbered from 81 thru 89 with one lot coded as ""vacant."" Is a portion of a more extensive plan in Suffolk Registry; notations are difficult to decipher.",,Suffolk Unindexed Plan Bk/Pg 332/276,(Copied),,C-1638-P,,Scale not given,42.35735724,-71.0548,Survey Plan,1,,1,10.5 x 9,Pencil on trace,Edge damage. ,,,,,,,,,,,,,,,,,,,,,,,,,,,,,,,,,,,,,,,,,,,,,,,,,,,,,,,,,,,,,,,,,,,,,,,,,,,,,,,,,,,,,,,,,,,,,,,,,,,,
Perkins_W69_C1639,,"Boston, MA",[Untitled - Commonwealth Avenue],1889-11-14 (Copied),,"Adams, Charles F. and John Quincy; Boston & Roxbury Mill Corporation; Heath, Charles H.",Commonwealth Avenue; Charles River,"Plan of several lots abutting river. Displays harbor line and table of soundings. Text indicates drawing was to accompany license to John L and Charles F. Adams dated Nov. 14, 1889, with 3 signatures of Harbor Commissioners. Note indicates soundings taken from survey of Boston Harbor in 1887.",,,Boston Harbor Commissioners,,C-1639-P,,Scale not given,,,Survey Plan,1,,1,11 x 10.5,Pencil on vellum,,,,,,,,,,,,,,,,,,,,,,,,,,,,,,,,,,,,,,,,,,,,,,,,,,,,,,,,,,,,,,,,,,,,,,,,,,,,,,,,,,,,,,,,,,,,,,,,,,,,,
Perkins_W69_C1640,,"North End (Boston, MA)",[Untitled - Sheafe Street],Not identified,"Battles, Mills, Oliver",,Sheafe Street,Plan of three lots showing dimensions and passageway. Center lot labelled House and Kitchen; other lots indicate sold by Oliver to Battles and Mills respectively. Notation indicates copied from registry survey without date or surveyor's name.,"Per 19th-century Boston directories, lot may have been at 13 Sheafe Street, owned by Henry J. Oliver.",Suffolk Unindexed Plan Bk/Pg 459/121,(Copied by H.M.),,C-1640-P,,1 in = 20 ft,42.36624107,-71.0555,Survey Plan,1,,1,8 x 10,Pencil on ruled bond paper,,,,,,,,,,,,,,,,,,,,,,,,,,,,,,,,,,,,,,,,,,,,,,,,,,,,,,,,,,,,,,,,,,,,,,,,,,,,,,,,,,,,,,,,,,,,,,,,,,,,,
Perkins_W69_C1641,,"Brookline, MA","[Untitled - Copy of a part of Map of the Town of Brookline, Mass.]",1844-01-01 (Copied 1890-04-25),,,Muddy River; Sewall Avenue,"Section of a map of the Town of Brookline as ordered by the Town authorites in 1844. Focuses on area northwest of Boston and Roxbury, near what is now Sewall Avenue. Shows hatching of bodies of water and location of Mill Dam and railroad. Note indicates copied from lithograph version.",Original plan is featured on Leventhal Map Center Collection (call no. Call #:G3764.B9 1844 .W6x).,,"Woodward, E.F. (Copied by H.M.)",,C-1641-P,,1 in = 50 rods (825 ft),42.34194636,-71.1133,Map,1,,1,8.5 x 13,Pencil on trace,Buckling.,,,,,,,,,,,,,,,,,,,,,,,,,,,,,,,,,,,,,,,,,,,,,,,,,,,,,,,,,,,,,,,,,,,,,,,,,,,,,,,,,,,,,,,,,,,,,,,,,,,,
Perkins_W69_C1642,,"Boston, MA","[Untitled - Copy of a part of Plan of the Town of Brookline, Mass.]",1847-05-12 (Copied 1890-10-30),,"Bancroft; Brook, P.C.; Varney; Woodbury",North Russell Street [Defunct],"Lot plan showing lots B, C, and D with dimensions and sf and abutting 33-foot-wide arched passageway.",,,"Wadsworth, Alexander (Copied by N.D.)",,C-1642-P,,1 in = 10 ft,42.36152933,-71.0663,Survey Plan,1,,1,8.5 x 12.5,Pencil on trace,Buckling.,,,,,,,,,,,,,,,,,,,,,,,,,,,,,,,,,,,,,,,,,,,,,,,,,,,,,,,,,,,,,,,,,,,,,,,,,,,,,,,,,,,,,,,,,,,,,,,,,,,,
Perkins_W70_C1643,Dana Estates,"Cambridge, MA",[Untitled - Dana's Marshlands in Cambridge],(Copied 1889-12-18),"Dana, Richard Henry; Dana, Sara ",Hovey; Otis: Watson,[Clarkes' Marsh];[Goff's Cove];[Whittemore's Marsh],"Plan showing several lots with acreage and border measurements. Includes lots A thru F and Nos. 35 thru 38 with notations and measurement. Includes schedule of lots. References land transfer between Dana and Joseph H. Howard and Caleb Dana Howard in 1792. Note indicated copy of original plan loaned by R. H. Dana, Esq. Lacks identifying streets but indicates canals, ditches, and other land features.",Exact location is unclear but various sites are referenced in Lucius Page's History of Cambridge: https://archive.org/details/historycambridg01paiggoog Dana was a major landowner in Cambridgeport in the 18th and 19th centuries. The Cambridge Historical Society contains an archive of maps produced by Dana (https://historycambridge.org/finding-aids/maps-and-plans-collection-1635-2012/) which references c. 1806 a plan of Dana's great marsh.,,(Copied),,C-1643-P,,Scale not given,42.36283872,-71.0826,Survey Plan,1,,1,14 x 17.5,Pencil on trace,Edge damage. Tears.,,,,,,,,,,,,,,,,,,,,,,,,,,,,,,,,,,,,,,,,,,,,,,,,,,,,,,,,,,,,,,,,,,,,,,,,,,,,,,,,,,,,,,,,,,,,,,,,,,,,
Perkins_W70_C1644,,"North End (Boston, MA)",[Untitled - Salem Street],1869-04-03 (Copied 1891-02-04),,"Adams, David; Lincoln (formerly); Richardson; Taylor; Williams",Salem Street,Plan showing several lots with dimensions and sf.,,Suffolk Unindexed Plan Bk/Pg 963/250,"Wadsworth, Alexander (Copied by C.B.D.)",,C-1644-P,,1 in = 10 ft,42.36549984,-71.0552,Survey Plan,1,,1,10 x 16.5,Pencil on trace,Edge damage. Tears.,,,,,,,,,,,,,,,,,,,,,,,,,,,,,,,,,,,,,,,,,,,,,,,,,,,,,,,,,,,,,,,,,,,,,,,,,,,,,,,,,,,,,,,,,,,,,,,,,,,,
Perkins_W70_C1645,Francis Estate,"Allston (Boston, MA)",[Untitled - Copy of a part of Plan of Beacon Trotting Park],1890-08-30,,Beacon Trotting Park; Boston & Albany Railroad,Cambridge Street; Commonwealth Avenue; Essex Street; ,Very schematic plan of area with various engineering measurements. Three streets shaded in red pencil.,Suffolk Registry shows original as part of a set of drawings.,Suffolk Unindexed Plan Bk/Pg 1955/516,None provided,"Boston, City of",C-1645-P,,1 in = 100 ft,42.35210002,-71.1156,Engineering Drawing,1,,1,16.5 x 17,Pencil on vellum,,,,,,,,,,,,,,,,,,,,,,,,,,,,,,,,,,,,,,,,,,,,,,,,,,,,,,,,,,,,,,,,,,,,,,,,,,,,,,,,,,,,,,,,,,,,,,,,,,,,,
Perkins_W70_C1646,Boston Harbor Wharves,"South Boston Waterfront (Boston, MA)",[Untitled - Copy of a part of Plan of Commercial Street],1890-12-24,,Various; see urban atlases.,Clark Street; Commercial Street; Lincolns' Wharf; Sargent's Wharf; Union Wharf,"Copy of engineering drawing of street layout; displays lot dimensions and sf; abutters. Red line is drawn on north side of Commercial, suggesting planned street reshaping. Some lots are outlined in blue pencil. Drawing is subtitled L-1384.",,,"Davis, Thomas A., city engineer","Boston, City of",C-1646-P,,1 in = 20 ft,42.36578647,-71.051,Engineering Drawing,1,,1,30 x 24,Pencil on vellum,Edge damage. Drawing folded along longer side.,,,,,,,,,,,,,,,,,,,,,,,,,,,,,,,,,,,,,,,,,,,,,,,,,,,,,,,,,,,,,,,,,,,,,,,,,,,,,,,,,,,,,,,,,,,,,,,,,,,,
Perkins_W70_C1647,Boston Harbor Wharves,"South Boston Waterfront (Boston, MA)",[Untitled - Copy of Plan of Union Wharf at Registry],1836-01-01 (Copied 1891-01-04),,,Commercial Street; Lincolns' Wharf; Sargent's Wharf; Union Wharf,"Lot plan of Union Wharf and adjacent wharves and blocks with dimensions and reference lines. Some blocks are hatched. And one is titled ""brick stoves."" Notes indicate various dimensions shown in red (not reflected on this copy).",Registry version is attached to a deed signed by William Minot and ,Suffolk Unindexed Plan Bk/Pg 414/169,(Copied by J.M.),,C-1647-P,,1 in = 50 ft,42.36578647,-71.051,Survey Plan,1,,1,17 x 12,Pencil on vellum,Edge damage. ,,,,,,,,,,,,,,,,,,,,,,,,,,,,,,,,,,,,,,,,,,,,,,,,,,,,,,,,,,,,,,,,,,,,,,,,,,,,,,,,,,,,,,,,,,,,,,,,,,,,
Perkins_W70_C1648,Boston Harbor Wharves,"South Boston Waterfront (Boston, MA)",[Untitled - Copy of Plan at Suffolk Deed 1885-549],1888-06-12 (Copied 1890-12-26),,"Ballard, George, heirs; Union Wharf Corporation",Clark Street; Commercial Street; Sargent's Wharf; Smith Alley [Defunct]; Union Wharf,"Plan of triangular 9,789 sf lot showing dimensions and notes regarding boundaries.",,Suffolk Unindexed Plan Bk/Pg 1885/549,"Whitney, Frank O. (Copied by J.M.)",,C-1648-P,,1 in = 20 ft,42.36578647,-71.051,Survey Plan,1,,1,15 X 11,Pencil on trace,Edge damage. ,,,,,,,,,,,,,,,,,,,,,,,,,,,,,,,,,,,,,,,,,,,,,,,,,,,,,,,,,,,,,,,,,,,,,,,,,,,,,,,,,,,,,,,,,,,,,,,,,,,,
Perkins_W70_C1649,Boston Harbor Wharves,"South Boston Waterfront (Boston, MA)",[Untitled - Copy of Plan of Union Wharf at Registry 568-196],1846-10-08 (Copied 1890-01-12),,"Ballard, George, heirs; Union Wharf Corporation",Commercial Street; Sargent's Wharf; Union Wharf,"Plan of triangular lot showing dimensions and note about dividing line between Ballard and Union Wharf properties. Note by copier indicates original may have been scaled at 1"" = 30 feet.","Plan in registry shows Wadsworth plan at 1"" = 20' scale",Suffolk Unindexed Plan Bk/Pg 568/196,"Wadsworth, Alexander (Copied by W. H. Wilson)",,C-1649-P,,1 in = 20 ft,42.36578647,-71.051,Survey Plan,1,,1,17 x 12.5,Pencil on trace,Edge damage. ,,,,,,,,,,,,,,,,,,,,,,,,,,,,,,,,,,,,,,,,,,,,,,,,,,,,,,,,,,,,,,,,,,,,,,,,,,,,,,,,,,,,,,,,,,,,,,,,,,,,
Perkins_W70_C1650,Boston Harbor Wharves,"South Boston Waterfront (Boston, MA)",[Untitled - Copy of Plan of Union Wharf from the of Waldo Higgins and Samuel Nott],(Copied 1890-01-12),,"Ballard, George, heirs; Callaway; Dunbar; Ober",Commercial Street; Sargent's Wharf; Union Wharf,Plan showing multiple lots and brick and wooden stores. Features dimensions and boundary notes. ,Waldo Higginson was 19th century surveyor and businessman Samuel Nott was a civil engineer with a focus on railway (see other works by these surveyors in LMEC collections);,Suffolk Unindexed Plan Bk/Pg 569/227,"Higginson, Waldo, Nott Samuel (Copied by J.M.)",,C-1650-P,,1 in = 40 ft,42.36578647,-71.051,Survey Plan,1,,1,9 x 15,Pencil on trace,Buckling.,,,,,,,,,,,,,,,,,,,,,,,,,,,,,,,,,,,,,,,,,,,,,,,,,,,,,,,,,,,,,,,,,,,,,,,,,,,,,,,,,,,,,,,,,,,,,,,,,,,,
Perkins_W70_C1651,,"Brookline, MA","[Copy of Park Commissioner Office of Part of Plan Marked Plan of Land in the City of Boston, Mass taken April 30, 1891 for a park under Chapter 195 of the Act of 1875.",1890-04-30,"Fleitmann, Ewald; May, Lewis",,Highland Road; Pond Avenue,"Lot plan showing dimensions, sf, and compass points (some in purple ink).",The Act of 1875 allow the City of Boston to lay out parks near or in the city. ,Norfolk Deed Bk/Pg 705/578; Plan Bk/Pg F1890/569; Plan Bk/Pg 1954/1575,"French, Alexis H. (Copied)",,C-1651-P,,1 in = 40 ft,42.32604635,-71.116,Survey Plan,1,,1,20 x 10,Ink and pencil on vellum,,,,,,,,,,,,,,,,,,,,,,,,,,,,,,,,,,,,,,,,,,,,,,,,,,,,,,,,,,,,,,,,,,,,,,,,,,,,,,,,,,,,,,,,,,,,,,,,,,,,,
Perkins_W70_C1652,,"Boston, MA",Copy of a Part of Plan CC490 - Plan of Commonwealth Avenue to Beacon Street,1884-01-01 (Copied 1891-02-12),,,Charlesgate East; Commonwealth Avenue,Lot plan showing dimensions and angles of street curves. Handwritten summary is not fully legible but indicates based on surveys from the City of Boston and others.,,,(Copied by V.D.),,C-1652-P,,1 in = 8 ft,42.34909199,-71.0918,Survey Plan,1,,1,21 x 12,Pencil on trace,Edge damage. ,,,,,,,,,,,,,,,,,,,,,,,,,,,,,,,,,,,,,,,,,,,,,,,,,,,,,,,,,,,,,,,,,,,,,,,,,,,,,,,,,,,,,,,,,,,,,,,,,,,,
Perkins_W70_C1653,,"Boston, MA; Brookline, MA; Roxbury (Boston, MA)",[Untitled - Copy of Plan filed in the office of the Secretary of the Commonwealth],1825-01-11 (Copied 1891-02-13),,,[Brookline Avenue]; Charles River; [Commonwealth Avenue]; Cross Dam; Mill Dam Muddy River,"Copy of map showing intersection of three communities along channel of Muddy River and Charles River. Town boundaries outlined in various colored pencil. Features boundary of Boston and Brookline from Papers of Act Feb 22, 1825. Shows outline of old mill, filling sluices, rope wall, and selected dimensions. Facsimile of Massachusetts Archive stamp of 1804. Note indicates from Maps and Plans Vol 29, Page 21.",,,"Fuller, Stephen P. (Copied by W.N.T.)",,C-1653-P,,1 in = 200 ft,42.34900477,-71.095,Map,1,,1,24 x 17,Pencil on trace,Edge damage. ,,,,,,,,,,,,,,,,,,,,,,,,,,,,,,,,,,,,,,,,,,,,,,,,,,,,,,,,,,,,,,,,,,,,,,,,,,,,,,,,,,,,,,,,,,,,,,,,,,,,
Perkins_W70_C1654,,"Newton, MA",[Untitled - Chestnut Hill and Summit Street],1866-04-13,,"Clarke, Julius I.; Houghton, Alvin; Rendell; Stephens, H.C.; Stone, Emeline T",Chestnut Avenue [Chestnut Street]; Summit Street [Defunct],"Lot plan showing dimensions, sf, and street corner radius.","Summit Street appears to be mislabeled. Location inferred from urban atlases and address of abutter Julius Clarke, who was listed as being on nearby Austin Street. Clarke was noted business person who served as Massachusetts Insurance Commissioner: https://en.wikipedia.org/wiki/Julius_L._Clarke",,"Fuller, J. Franklin",,C-1654-P,,1 in = 40 ft,42.34692649,-71.2238,Survey Plan,1,,1,16.5 x 10.5,Ink on blueprint,Edge damage. ,,,,,,,,,,,,,,,,,,,,,,,,,,,,,,,,,,,,,,,,,,,,,,,,,,,,,,,,,,,,,,,,,,,,,,,,,,,,,,,,,,,,,,,,,,,,,,,,,,,,
Perkins_W70_C1655,,"Beacon Hill (Boston, MA)",Louisburg Square,1796-01-01,,,Cedar street; Hill Street; Louisburg Square; May Street [Revere Street]; ,"Subdivision plan showing multiple lots, most numbered. Selected lots have dimensions and owners' names. Includes list of names of Mount Vernon ""proprietors"" - Barrister, Blackstone, Copley, Mason, Otis, Pepys; Williams",Louisburg Square was developed c. 1796. See Massachusetts Historical Society: https://www.masshist.org/collection-guides/view/fa0435,,None provided,,C-1655-P,,Scale not given,42.35827431,-71.0687,Survey Plan,1,,1,12 x 13.5,Ink on manilla,Edge damage. ,,,,,,,,,,,,,,,,,,,,,,,,,,,,,,,,,,,,,,,,,,,,,,,,,,,,,,,,,,,,,,,,,,,,,,,,,,,,,,,,,,,,,,,,,,,,,,,,,,,,
Perkins_W70_C1656,,"Boston, MA",[Untitled - Washington Street],1840-12-09 (Copied 1891-03-07),,"Brooks, P.C.; Brown; Shaw, L.; Whitney",Washington Street,"Plan showing 4 lots, including dimensions, sf, location of fences and walls. ",,Suffolk Unindexed Plan Bk/Pg 584/292,"Wadsworth, Alexander (Copied by H.M.)",,C-1656-P,,1 in = 10 ft,42.35498079,-71.0598,Survey Plan,1,,1,9.5 x 19,Pencil on trace,Buckling.,,,,,,,,,,,,,,,,,,,,,,,,,,,,,,,,,,,,,,,,,,,,,,,,,,,,,,,,,,,,,,,,,,,,,,,,,,,,,,,,,,,,,,,,,,,,,,,,,,,,
Perkins_W70_C1657,,"Boston, MA",[Untitled - Brookline Avenue and Boylston Street],1890-03-14,,"Binney and Brinton, E. I. Browne Tr.; Boston Water Power Co.; Candler, J.W.; Graffam, P.; Lincoln, W. H.;",Boylston Street; Brookline Avenue,Plan showing 5 lots with dimensions and sf and radial lines.,,,"Whitney, William H.",,C-1657-P,"24,25,26,27",1 in = 50 ft,42.34359555,-71.1021,Survey Plan,1,,1,10.5 x 12.5,Blueprint,,,,,,,,,,,,,,,,,,,,,,,,,,,,,,,,,,,,,,,,,,,,,,,,,,,,,,,,,,,,,,,,,,,,,,,,,,,,,,,,,,,,,,,,,,,,,,,,,,,,,
Perkins_W70_C1658,,"Boston, MA",[Untitled - Muddy River east of Brookline Avenue],1883-01-01 (Copied 1891-03-01),,"Bent, A.A.; Boylston Street Land Co.; Brooks, George; Candler, John W.; Child, L.M.; Corey, Mary Gardner; Hobart, Frances A.; Jordan, Eben; Leavett, Thomas; Lincoln, William H.; Nickerson, Albert W.; White, Warren; Whitney, Susan H., heirs; ",Boylston Street; Brookline Avenue; Muddy River;,"Plan showing 7 contiguous rectangular lots under the label ""Boylston Street."" Each lot displays sf and dimensions. Two sets of abutters are shown; ones in circles are, per notation, ""in red on original"" Number CC-476 and corrected to February 1889. ",Boylston Street was extended to Brookline Avenue in the 1880s.,,(Copied by C.B.P.),,C-1658-P,,1 in = 50 ft,42.34359555,-71.1021,Survey Plan,1,,1,48 X 13.5,Pencil on trace,Edge damage. Folds.,,,,,,,,,,,,,,,,,,,,,,,,,,,,,,,,,,,,,,,,,,,,,,,,,,,,,,,,,,,,,,,,,,,,,,,,,,,,,,,,,,,,,,,,,,,,,,,,,,,,
Perkins_W70_C1659,,"Boston, MA",[Untitled - Tremont Street copied from plan by S. P. Fuller],1841-09-22 (Copied 1891-03-25),,"Adams, B.; Crowninshield, Benjamin W.; Doggett; Thorndike, J.P.",Pemberton Square; Tremont Street,Plan showing 4 lots with dimensions and abutting passage.,,Suffolk Unindexed Plan Bk/Pg 474/266,"Fuller, Stephen P. (Copied by Eddy, R.H.; further copied by H.M.)",,C-1659-P,,1 in = 10 ft,42.359379,-71.0599,Survey Plan,1,,1,8 x 10,Pencil on ruled bond paper,,,,,,,,,,,,,,,,,,,,,,,,,,,,,,,,,,,,,,,,,,,,,,,,,,,,,,,,,,,,,,,,,,,,,,,,,,,,,,,,,,,,,,,,,,,,,,,,,,,,,
Perkins_W70_C1660,,"Boston, MA",[Untitled - Tremont Street and Phillips Place copied from plan by H.M.],1830-10-10 (Copied 1891-03-25),,"Multiple; includes Adams; Appleton; Fitch; Jackson, P.T.; Lawrence, A.; Robbins; Thorndike, J.P.",Court Street; Phillips Place [Pemberton Square]; Somerset Street; Tremont Street,Plan showing multiple lots abutting passageway. Displays lot numbers and dimensions. Note indicates plan is related to purchase by Jackson and others.,"Per registry versions, sketch is part of a larger subdivision planned between Phillips Place and Tremont Street. Pemberton Square was developed in the 1830s by P.T. Jackson on land owned by the Phillips family.",Suffolk Unindexed Plan Bk/Pg 400/97,"Wadsworth, Alexander (Copied by H.M.)",,C-1660-P,,1 in = 50 ft,42.359379,-71.0599,Survey Plan,1,,1,8 x 10,Pencil on ruled bond paper,Edge damage. ,,,,,,,,,,,,,,,,,,,,,,,,,,,,,,,,,,,,,,,,,,,,,,,,,,,,,,,,,,,,,,,,,,,,,,,,,,,,,,,,,,,,,,,,,,,,,,,,,,,,
Perkins_W70_C1661,,"Boston, MA",[Map exhibiting the position of The Boston & Worcester Rail Road in Full & Empty Basins],(Copied 1891-02-18),,Boston & Worcester Railroad,Fayette Street; Tremont Street,"Draft map showing location of roads and railroad lines and receiving basin as well as two profiles showing elevation of full and empty basin. One elevation section labelled ""Roxbury."" Note indicates H.M. compared this tracing with the plan at the railroad's office. Plan shows some abutters' names and streets that have never been built or which have been proposed.","Unclear whether all content on sketch is related. Basis appears to be maps shown in ""Location of the Boston and Worcester Railroad 1835"" by Philbrick; see https://www.loc.gov/resource/g3761pm.gla00206/",,(Copied by H.M.),,C-1661-P,,Horiz: 1 in = 200 ft; Vert: 1 in = 20 ft,42.34816473,-71.0686,Map,1,,1,38 x 24,Pencil on trace,Edge damage. Adhesive residue. Discoloration. Folds.,,,,,,,,,,,,,,,,,,,,,,,,,,,,,,,,,,,,,,,,,,,,,,,,,,,,,,,,,,,,,,,,,,,,,,,,,,,,,,,,,,,,,,,,,,,,,,,,,,,,
Perkins_W70_C1662,,"Cambridge, MA","[Land of the Estate of E.T. Hastings, Cambridgeport]",1889-04-27 (Copied 1891-02-11),"Hastings, Edmund Trowbridge, estate of",,Brookline Street; Decatur Street; Valentine Street,"Plan showing 2 adjacent lots with dimensions, sf, and stake points. Note indicates based on plan filed with Middlesex South Registry.","Hastings, along with the Dana family (related by marriage) and others, were major owners of the Cambridgeport area marshlands and developed an area of Cambridgeport called Pine Grove subdivision.",,"Mason, W.A. (Copied by W.H.T. )",,C-1662-P,,1 in = 40 ft,42.36017772,-71.105,Survey Plan,1,,1,28.5 x 23.5,Pencil on trace,Edge damage. Adhesive residue. Discoloration. Folds.,,,,,,,,,,,,,,,,,,,,,,,,,,,,,,,,,,,,,,,,,,,,,,,,,,,,,,,,,,,,,,,,,,,,,,,,,,,,,,,,,,,,,,,,,,,,,,,,,,,,
Perkins_W70_C1663,,"Boston, MA",[Untitled - Copy of Plan at Harbor Commissioners],1891-01-09 (Copied),,"Adams, Charles.F. and John Quincy; Heath, Charles H.; Roxbury Mill Corp.",Commonwealth Avenue; Charles River,Plan showing 3 lots located between Commonwealth Avenue and Charles River Harbor Line. Contains table of soundings taken in 11/14/1889 from Harbor Commission plan to accompany license to the Adams. Note indicate that original had blue and red lines and markings and the original plan had no number.,,,"Whitman, Charles E. (Copied by G.M.)",,C-1663-P,,1 in = 2000 in,42.35121194,-71.1071,Survey Plan,1,,1,18.5 x 24,Pencil on trace,Edge damage. Folds.,,,,,,,,,,,,,,,,,,,,,,,,,,,,,,,,,,,,,,,,,,,,,,,,,,,,,,,,,,,,,,,,,,,,,,,,,,,,,,,,,,,,,,,,,,,,,,,,,,,,
Perkins_W70_C1664,Boston Harbor Wharves,"South Boston Waterfront (Boston, MA)",[Untitled - Copy of Plan - Commercial Street and Union Street],1844-11-29 (Copied 1891-07-18),,"Ballard, George; Sargent; Union Wharf;",Ballard's Wharf; Clark Street; Commercial Street; Sargent's Wharf; Union Wharf,"Plan of lot showing location of brick and wooden buildings and hatched and red-lined lot with sf shown; note indicates this is the ""batter of the Union Wharf wall."" Notes also indicate information about wall materials and bolting.",,Suffolk Unindexed Plan Bk/Pg 545/279,"Wadsworth, Alexander (Copied by W.M.T.)",,C-1664-P,,1 in = 20 ft,42.36578647,-71.051,Survey Plan,1,,1,9.5 x 13.5,Pencil on trace,Edge damage. ,,,,,,,,,,,,,,,,,,,,,,,,,,,,,,,,,,,,,,,,,,,,,,,,,,,,,,,,,,,,,,,,,,,,,,,,,,,,,,,,,,,,,,,,,,,,,,,,,,,,
Perkins_W70_C1665,Boston Harbor Wharves,"South Boston Waterfront (Boston, MA)",[Untitled - Atlantic Avenue - Part of Plan],1878-01-01 (Copied),,"City of Boston; Batcheldor, John; Litchfield, William; Liverpool Wharf, proprietors; Piper",Atlantic Avenue; Congress Street; Oliver Street; Pearl Street,"Part of a plan showing street layout with outline of buildings (shaded) and harbor line from Chapter 170, Act of 1880. Note indicates copied from a plan at Harbor Commissioner without title or date; soundings not copied. Displays longitude and latitude lines.",,,(Copied),Boston Harbor Commissioner,C-1665-P,,1 in = 1000 ft,42.35430145,-71.0523,Map,1,,1,19 x 12,Pencil on trace,Edge damage. ,,,,,,,,,,,,,,,,,,,,,,,,,,,,,,,,,,,,,,,,,,,,,,,,,,,,,,,,,,,,,,,,,,,,,,,,,,,,,,,,,,,,,,,,,,,,,,,,,,,,
Perkins_W71_C1666,Boston Harbor Wharves,"South Boston Waterfront (Boston, MA)",Copy of Plan showing Property of The Boston Heating Company,1888-03-20 (Copied 1891-04-24),,"Boston Heating Company; Batcheldor, John",Atlantic Avenue,Part of a plan showing location of Boston Heating Company station. Walls shaded in red. Lines indicate location of solid filling and old Harbor Commissioner's line. Circles may indicate piling locations. Note indicates was plan no. 1064 and stamped by commissioners.,"The Boston Heating Company was formed in 1886 to operate an innovative district steam heating source. See https://www.google.com/books/edition/Journal_of_the_Association_of_Engineerin/Lp4PAQAAIAAJ In 1888, the company successfully petitioned to build a brick and pile structure on Fort Point Channel.",,(Copied by H.M.),Boston Harbor Commissioner,C-1666-P,,1 in = 8 ft,42.35430145,-71.0523,Survey Plan,1,,1,28 x 13,Pencil on trace,Edge damage. ,,,,,,,,,,,,,,,,,,,,,,,,,,,,,,,,,,,,,,,,,,,,,,,,,,,,,,,,,,,,,,,,,,,,,,,,,,,,,,,,,,,,,,,,,,,,,,,,,,,,
Perkins_W71_C1667,Boston Harbor Wharves,"South Boston Waterfront (Boston, MA)","Copy of Plan of Proposed Wharf extensions on Fort Point Channel, Boston, to be built by J.L. Batchelder, Trustee",1888-10-01 (Copied 1891-04-24),"Batcheldor, John L.",Boston Heating Company,Atlantic Avenue; Fort Point Channel,"Lot plan showing lot with proposed extension. Displays dimensions, harbor line, and [?] piling locations. Extension have corners labelled ABCD. Note indicates approved by Harbor and Land Commisioner 10-25-1888.",,,(Copied by H.M.),,C-1667-P,,1 in = 10 ft,42.35430145,-71.0523,Survey Plan,1,,1,18 x 14,Pencil on trace,Edge damage. ,,,,,,,,,,,,,,,,,,,,,,,,,,,,,,,,,,,,,,,,,,,,,,,,,,,,,,,,,,,,,,,,,,,,,,,,,,,,,,,,,,,,,,,,,,,,,,,,,,,,
Perkins_W71_C1668,Boston Harbor Wharves,"South Boston Waterfront (Boston, MA)",[Untitled - Copy of Plan of Wharf at Broad Street],1875-01-27 (Copied 1891-04-13),"Batcheldor, John L.","Dolbeare, Edmunds P, heirs of; Litchfield, William",Broad Street [Atlantic Avenue],"Lot plan showing current and proposed dimensions and sf for expanded pile wharf and dock. Displays dimensions, sf, and location of copper bolts and harbor lines. Additions are labelled in red ink and dated between 08/23/1875 and 09/27/1875.",,,"Wadsworth, Alexander (Copied by H.M.)",,C-1668-P,,1 in = 20 ft,42.35430145,-71.0523,Survey Plan,1,,1,10 x 21.5,Ink on manilla,,,,,,,,,,,,,,,,,,,,,,,,,,,,,,,,,,,,,,,,,,,,,,,,,,,,,,,,,,,,,,,,,,,,,,,,,,,,,,,,,,,,,,,,,,,,,,,,,,,,,
Perkins_W71_C1669,,"Brighton (Boston, MA); Chestnut Hill (Boston, MA)",[Untitled - Aberdeen Land Company; Argyle Road],1891-05-11 (Copied 1891-07-30),,"Benedict, William; Whitney, Clarence S. and Martha",Argyle Road [Strathmore Road]; Chiswick Road; Sutherland Road,"Lot plan showing 27,000+ sf lot with dimensions. Notes indicate original filed in Suffolk Registry.","Argyle Road originally was part of Elm Street, later subsumed by Strathmore Road.",Suffolk Unindexed Plan Bk/Pg 1998/503,"Bowditch, Ernest W. (Copied by H.M.)",,C-1669-P,,1 in = 50 ft,42.33716667,-71.1518,Survey Plan,1,,1,8 x 10,Pencil on ruled bond paper,,,,,,,,,,,,,,,,,,,,,,,,,,,,,,,,,,,,,,,,,,,,,,,,,,,,,,,,,,,,,,,,,,,,,,,,,,,,,,,,,,,,,,,,,,,,,,,,,,,,,
Perkins_W71_C1670,,"Boston, MA","[Plan No. 1 - Brookline, MA}",1890-04-30 (Copied),,"Palmer, Mary E.; Stevenson, Grace",Longwood Avenue; [Fenway Riverway],Plan showing 4 lots with dimensions and sf. Three list owners and two display building outlines. Note indicates copied from plan at Park Commissioners.,,,"French, Alexis H.",,C-1670-P,,1 in = 50 ft,42.34015781,-71.1098,Survey Plan,1,,1,12 x 11,Pencil on vellum,Edge damage. Stains.,,,,,,,,,,,,,,,,,,,,,,,,,,,,,,,,,,,,,,,,,,,,,,,,,,,,,,,,,,,,,,,,,,,,,,,,,,,,,,,,,,,,,,,,,,,,,,,,,,,,
Perkins_W71_C1671,,"Somerville, MA",Plan of Building Lots in Somerville; Surveyed for Ira Hill & Others,1870-08-16 (Copied),"Hall, Ira","Hall, Samuel, heirs of; Stimson; [Unnamed School];",Abbot; Chandler Street; Holland Street; Park Avenue; Wallis Street [Wallace Street],Subdivision plan showing 4 blocks of lots numbered 1 through 23. Lots display dimensions and sf.,Ira Hill was a prominent land speculator and developer in 19th-century Brookline.,,"Mason, W.A. (Copied)",,C-1671-P,,1 in = 30 ft,42.39830227,-71.1233,Survey Plan,1,,1,24 x 19,Pencil on trace,Edge damage. ,,,,,,,,,,,,,,,,,,,,,,,,,,,,,,,,,,,,,,,,,,,,,,,,,,,,,,,,,,,,,,,,,,,,,,,,,,,,,,,,,,,,,,,,,,,,,,,,,,,,
Perkins_W71_C1672,,"Boston, MA",[Untitled - Washington Street],1891-01-06 (Copied 1891-04-08),,"Brigham, E.F.; Gilbert, T.; Haskins (formerly)",650 Washington Street,Lot plan showing dimensions. Boundary hatched and outlined in red pencil.,,,"Wadsworth, Alexander (Copied by H.M.)",,C-1672-P,,1 in = 10 ft,42.35193315,-71.0627,Survey Plan,1,,1,11 x 17,Pencil on trace,Edge damage. Section obscured by brown square blot.,,,,,,,,,,,,,,,,,,,,,,,,,,,,,,,,,,,,,,,,,,,,,,,,,,,,,,,,,,,,,,,,,,,,,,,,,,,,,,,,,,,,,,,,,,,,,,,,,,,,
Perkins_W71_C1673,,"Boston, MA",[Untitled - Harris Street],1883-05-18 (Copied 1891-07-18),"Holway, M.S.","Canny, P.; Chisholm, J.; Coffee",19 Harris Street,"Lot plan showing 1000+ sf lot with dimensions, owner's name. Lot is outline in hatching and red pencil. Indicates locations of yard & shed and a brick building.","Accompanied by small note on 2 x 4 piece of kraft paper with notes, possibly references to other drawings.",Suffolk Unindexed Plan Bk/Pg 1601/90,"Wadsworth, Alexander (Copied by H.M.)",,C-1673-P,,1 in = 10 ft,42.36538876,-71.0523,Survey Plan,1,2,1,8 x 10,Pencil on trace,Edge damage. Tear.,,,,,,,,,,,,,,,,,,,,,,,,,,,,,,,,,,,,,,,,,,,,,,,,,,,,,,,,,,,,,,,,,,,,,,,,,,,,,,,,,,,,,,,,,,,,,,,,,,,,
Perkins_W71_C1674,,,[Untitled - Front Elevation and stairway],1891-06-27 (Copied),,,,"Architectural / construction floor plan and elevation. Elevation shows layout of door, stairs, and windows of five-story building with calculations. Plan shows detail of front stairs with steps and exterior walls, shaded in red, blue, and green.",No information is provided about owner or location.,Suffolk Unindexed Plan Bk/Pg 832-298/90,"Wilson, Henry W.",,C-1674-P,,Plan: 1 in = 4 ft; Elevation:,,,Architectural Drawing,1,,1,23.5 x 19. 5,Pencil on trace,Edge damage. ,,,,,,,,,,,,,,,,,,,,,,,,,,,,,,,,,,,,,,,,,,,,,,,,,,,,,,,,,,,,,,,,,,,,,,,,,,,,,,,,,,,,,,,,,,,,,,,,,,,,
Perkins_W71_C1675,Boston Harbor Wharves,"South Boston Waterfront (Boston, MA)",[Untitled - Ballard's Wharf],1852-12-16 (Copied 1891-07-27),,"Ballard, George; Sargent; Union Wharf",Ballard's Wharf; Clark Street; Commercial Street; Sargent's Wharf; Union Wharf,Lot plan showing triangular lot with dimensions and sf. Lot outlined in red pencil. Indicates location of copper bolt.,"Note says ""Ballards Wharf, Commercial Street, File Plan Dr C""",,"Wadsworth, Alexander (Copied by W.N.T.?)",,C-1675-P,,1 in = 20 ft,42.36578647,-71.051,Survey Plan,1,,1,24 x 10.5,Pencil on trace,Edge damage. ,,,,,,,,,,,,,,,,,,,,,,,,,,,,,,,,,,,,,,,,,,,,,,,,,,,,,,,,,,,,,,,,,,,,,,,,,,,,,,,,,,,,,,,,,,,,,,,,,,,,
Perkins_W71_C1676,,"Boston, MA",[Land of Court Street as laid out by Mayor and Alderman],(Copied 1891-08-31),,"Redding, Russell; Shaw, Robert G.; Taylor, William",Alden Lane {Defunct}; Court Street,Plan showing lot No. 2 surrounded by 3 other lots. Displays dimensions and some owners' names. Note indicates taken from filed deed.,Plan lacks original date and has illegible surveyor information. Alden Land became Alden Street.,,(Copied by N.W.A.),,C-1676-P,,Scale not given,42.36124707,-71.062,Survey Plan,1,,1,13.5 x 11,Pencil on trace,Edge damage. ,,,,,,,,,,,,,,,,,,,,,,,,,,,,,,,,,,,,,,,,,,,,,,,,,,,,,,,,,,,,,,,,,,,,,,,,,,,,,,,,,,,,,,,,,,,,,,,,,,,,
Perkins_W71_C1677,,"Boston, MA",[Untitled - Sudbury Street],1843-06-13 (Copied),,Appleton; Bass; Foster; Nichols,Court Street; Sudbury Street,Plan showing lots numbered 1 thru 6 with dimensions. Lots are bordered in red pencil and adjunct building outlines shown.,,Suffolk Unindexed Plan Bk/Pg 510/42,"Wadsworth, Alexander (Copied by N.W. A.)",,C-1677-P,,1 in = 10 ft,42.36124707,-71.062,Survey Plan,1,,1,13 x 12,Pencil on trace,Edge damage. ,,,,,,,,,,,,,,,,,,,,,,,,,,,,,,,,,,,,,,,,,,,,,,,,,,,,,,,,,,,,,,,,,,,,,,,,,,,,,,,,,,,,,,,,,,,,,,,,,,,,
Perkins_W71_C1678,Dorchester Neck,"South Boston (Boston, MA)","Copy of a Plan of South Boston and the owners lands, and the roads, taken from the original plan now in keeping, being the same plan that one was drawn from, for the Town of Boston in March 1805",1804-10-04 (Copied 1891-04-20),,Bird; Blake; Champhrey; Clapp; Everett; Gould; Hawes; Higinson; Humphrey; Scolley; Wiswell; and others,"A Street; B Street; C Street; D Street; E Street; F Street; G Street; Broadway; Dorchester Turnpike (Dorchester Street); Old Harbor Street; 1st, 2nd, 3rd, 4th, 5th, 6th, 8th Streets","Plan of properties and roads in South Boston. Various areas outlined in red, which may indicate original property boundaries before street grid implemented. Note indicates that original streets were colored in burnt sienna and harbor in blue shading. Displays Boston/Dorchester border. Note indicates Easterly part of Plan CC-419 in City Surveyors office.",Copy of a copy made 1826-05-01. See Leventhal Map Center https://collections.leventhalmap.org/search/commonwealth:x059cc367,,"Withington, Mather (Copied by H.M.)",,C-1678-P,,1 in = 16 rods / 4 chains (264),42.34114777,-71.0493,Map,1,,1,21 x 25,Pencil on trace,Edge damage. ,,,,,,,,,,,,,,,,,,,,,,,,,,,,,,,,,,,,,,,,,,,,,,,,,,,,,,,,,,,,,,,,,,,,,,,,,,,,,,,,,,,,,,,,,,,,,,,,,,,,
Perkins_W71_C1679,,"Boston, MA",[Untitled - Foster Place / Van Rensselaer Place],1855-01-01 (Copied 1891-06-01),,Brackett; Lemist; Lodge; Simpson; Treadwell; Wolcott,Foster Place or Van Rensselaer Place (Allen's Alley),"Plan showing two lots with dimensions and sf. Notes indicate ""Figures on this plan verified, E. Hill, Dec. 99"" and ""may be Jan 27 1855 #651 - A.W. at EWB [sp?] office.""","Prior to 1852, Van Rensselaer Place was called Foster Place. ",,(Copied by H.M.),,C-1679-P,,Scale not given,42.35168519,-71.0655,Survey Plan,1,,1,8 x 10,Pencil on ruled bond paper,,,,,,,,,,,,,,,,,,,,,,,,,,,,,,,,,,,,,,,,,,,,,,,,,,,,,,,,,,,,,,,,,,,,,,,,,,,,,,,,,,,,,,,,,,,,,,,,,,,,,
Perkins_W71_C1680,Dorchester Neck,"South Boston (Boston, MA)",[Untitled - Dorchester Avenue and First Street],1875-05-06 (Copied),,,Dorchester Avenue; First Street,Plan of five lots spread over two blocks separated by a 25-foot-wide passage. Displays Boston Harbor Commissioner's Line.,,,"Wilson, Henry W.",,C-1680-P,,1 in = 80 ft,42.33735246,-71.0434,Survey Plan,1,,1,12 x 15.5,Ink on vellum,Buckling.,,,,,,,,,,,,,,,,,,,,,,,,,,,,,,,,,,,,,,,,,,,,,,,,,,,,,,,,,,,,,,,,,,,,,,,,,,,,,,,,,,,,,,,,,,,,,,,,,,,,
Perkins_W71_C1681,,"Boston, MA","Copy of Plan of Land of J. Huntington Wolcott, Boylston Street",1848-12-06 (Copied),"Wolcott, J. Huntington","Foster; Lodge, G.; Loring, E.G.; Thorndike, J.B.; Wheeler",Boylston Street; Van Rensselaer Place (Allen's Alley),"Plan of lot with building footprints, dimensions, and sf. Lot is outlined in red pencil. Contains later information added by E. Hill in 1899 including calculations based on acreage sold. Note says red lines and figures indicate 1828 plan information.",,Suffolk Unindexed Plan Bk/Pg 813/320,None provided,,C-1681-P,,1 in = 20 ft,42.35168519,-71.0655,Survey Plan,1,,1,12.5 x 19,Pencil on trace,Edge damage. ,,,,,,,,,,,,,,,,,,,,,,,,,,,,,,,,,,,,,,,,,,,,,,,,,,,,,,,,,,,,,,,,,,,,,,,,,,,,,,,,,,,,,,,,,,,,,,,,,,,,
Perkins_W71_C1682,,"Boston, MA",[Untitled - Lot between Boylston and Van Rensselaer Place],1850-10-03 (Copied 1891-05-29),"Wolcott, J. Huntington","Boston, City of (formerly Althorp and Wheeler); Dixwell; Thorndike, J.B.",Boylston Street; Van Rensselaer Place (Allen's Alley),"Plan of lot with building footprints, dimensions, and sf. One section is outlined in red pencil. Calculations in purple ink.",,Suffolk Unindexed Plan Bk/Pg 707/300,"Wadsworth, Alexander (Copied by C.R.P.)",,C-1682-P,,1 in = 20 ft,42.35168519,-71.0655,Survey Plan,1,,1,11.5 x 19,Pencil on trace,Edge damage. ,,,,,,,,,,,,,,,,,,,,,,,,,,,,,,,,,,,,,,,,,,,,,,,,,,,,,,,,,,,,,,,,,,,,,,,,,,,,,,,,,,,,,,,,,,,,,,,,,,,,
Perkins_W71_C1683,West End Land Co.,"Boston, MA",Commonwealth Avenue (formerly Brighton Avenue) from Beacon Street to Essex Street showing proposed grades with profiles.,1887-03-12 (Copied 1891-08-17),,"Abbott; Adams; Boston, City of; Bacon, Jerome B; Bowditch, J.L. et al.; Brannen et al; Commonwealth Land Association, Sanders, Orren S., Hurd, Theodore, and Guernsey, Daniel, trustees; Cousins, John E.; Heath, Charles, Heath, Charles and Atkinson, Edward, trustees; Lawrence, William R.; Roxbury Mill Corporation; Stetting, Samuel; Villard, E.; Union Land Company, Greeley, B.J. and Grew, S.C.; West End Land Company, Whitney, Henry, Branson, and Hyde, trustees;",Avon Street; Beacon Street; Brookline Avenue; Commonwealth Avenue; Essex Street;,"Plan and profiles of Commonwealth Avenue. Displays sf of lots; elevation heights and abutters' names. Several lots labelled ""Released."" Another displays building footprint. Profiles display city base line. References drawing #C-1328-P for remainder of the drawing. Sheet has been folded three times with additional side containing pasted-on piece of bond paper containing metadata. Notes indicates copied from drawing at City Hall and with additional information added on Sept. 23, 1891 by H.M. based on drawing CC 521 at City Surveyors Office. Plan had been rolled on a stick and stored in a drawer ""upstairs.'",,,(Copied by Atwood),,C-1683-P,"585, 798-801",Horiz: 1 in = 40 ft; Vert: 1 in = 5 ft,42.38371326,-71.1246,Engineering Drawing,1,,1,110 x 24,Pencil on trace; pasted on bond sheet,Edge damage. Discoloration. Tears.,,,,,,,,,,,,,,,,,,,,,,,,,,,,,,,,,,,,,,,,,,,,,,,,,,,,,,,,,,,,,,,,,,,,,,,,,,,,,,,,,,,,,,,,,,,,,,,,,,,,
Perkins_W71_C1684,William Carlton Estate,"Boston, MA","William Carlton Estate, Boston, Mass.",1891-03-01 (Copied),"Carlton, William, estate of.",,Beach Street; Harrison Avenue,"Plan showing lot with 12-foot-wide passageway. Displays dimensions and line of fence. Lot outlined in red pencil (per note, not on original drawing).",,Suffolk Unindexed Plan Bk/Pg 2010/282,"Bowditch, Ernest W. (Copied by J.H.S.)",,C-1684-P,,1 in = 8 ft,42.35183458,-71.0619,Survey Plan,1,,1,14.5 x 7.5,Pencil on trace,Edge damage. Brown square blotch on one corner.,,,,,,,,,,,,,,,,,,,,,,,,,,,,,,,,,,,,,,,,,,,,,,,,,,,,,,,,,,,,,,,,,,,,,,,,,,,,,,,,,,,,,,,,,,,,,,,,,,,,
Perkins_W71_C1685,Boston Harbor Wharves,"South Boston Waterfront (Boston, MA)",[Untitled - Ballard's Wharf and Commercial Street],1854-02-27 (Copied 1892-01-30),,"Ballard, George",Ballard's Wharf; Clark Street; Commercial Street; Eastern Avenue; Sargent's Wharf; Union Wharf,"Lot plan showing subdivision with 15 lots, one set numbered 1 thru 10. Displays dimensions and sf. Lots abut passageway and wooden stores. Note indicates merged with other registry drawings.",,Suffolk Unindexed Plan Bk/Pg 650/303,"Wadsworth, Alexander (Copied by H. Sanborn?)",,C-1685-P,,1 in = 40 ft,42.36578647,-71.051,Survey Plan,1,,1,16.5 x 9.5,Pencil on trace,Edge damage. ,,,,,,,,,,,,,,,,,,,,,,,,,,,,,,,,,,,,,,,,,,,,,,,,,,,,,,,,,,,,,,,,,,,,,,,,,,,,,,,,,,,,,,,,,,,,,,,,,,,,
Perkins_W72_C1686,Boston Harbor Wharves,"South Boston Waterfront (Boston, MA)",[Untitled - Ballard's Wharf and Commercial Street],1879-06-01 (Copied 1892-02-01),,"Adam, Horatio; Bassett, Zephnniah; Bergen, Patrick; Dyer, Micah; Parkman, Frances; Richardson, Seth; Robbins, James M.; Vose, Thomas B.; Webster, John; Whitney, M.",Ballard's Wharf; Commercial Street; Sargent's Wharf,"Plan showing multiple lots divided by a passageway. Lots feature occupants' names, dimensions, and sf. Note indicates this is an unfinished copy of part of plan at City Hall.",,,(Copied),,C-1686-P,,1 in = 20 ft,42.36578647,-71.051,Survey Plan,1,,1,24 x 16,Pencil on trace,Edge damage. ,,,,,,,,,,,,,,,,,,,,,,,,,,,,,,,,,,,,,,,,,,,,,,,,,,,,,,,,,,,,,,,,,,,,,,,,,,,,,,,,,,,,,,,,,,,,,,,,,,,,
Perkins_W72_C1687,Boston Harbor Wharves,"South Boston Waterfront (Boston, MA)",Copy of part of plan of Commercial Street and Eastern Railroad Depot belonging to Russell & Standish - for sale,1843-06-02 (Copied),Russell & Standish,,Commercial Street; Eastern Avenue; Fleet Street; Sargent's Wharf,Plan showing lots on either side of Eastern Avenue; one set numbered 12 through 27. Lots display dimensions. Also location of two boat slips.,Version filed in Suffolk Registry indicates that this was to be site of new railroad depot and hotel.,Suffolk Unindexed Plan Bk/Pg 506/39,"Bryant, G.J.F. (Copied by Wilson, H.W.)",,C-1687-P,,1 in = 4 ft,42.36578647,-71.051,Survey Plan,1,,1,14 x 9,Pencil on trace,Edge damage. ,,,,,,,,,,,,,,,,,,,,,,,,,,,,,,,,,,,,,,,,,,,,,,,,,,,,,,,,,,,,,,,,,,,,,,,,,,,,,,,,,,,,,,,,,,,,,,,,,,,,
Perkins_W72_C1688,,"Boston, MA",[Copied from plan 133 - Harrison & Oak Streets],1871-11-27 (Copied 1892-01-27),,"Blackie, John; Hunnewell, H. Hollis; Peyser, Dorothea; Rowe, Anna; Scott, James; Warren, William; Winthrop, R.C.",Harrison Avenue; Maple Place; Nassau Street; Oak Street,Plan showing lots along Harrison Avenue with sidewalks displaying dimensions and sf. Building facade lines outlined in red pencil.,,,"(Copied by Sanborn, H.)",,C-1688-P,,1 in = 20 ft,42.34822121,-71.0626,Survey Plan,1,,1,22 x 14,Pencil on trace,Edge damage. ,,,,,,,,,,,,,,,,,,,,,,,,,,,,,,,,,,,,,,,,,,,,,,,,,,,,,,,,,,,,,,,,,,,,,,,,,,,,,,,,,,,,,,,,,,,,,,,,,,,,
Perkins_W72_C1689,,"Boston, MA",[Copied from plan 488 - Harrison & Oak Streets],1884-01-01 (Copied 1892-01-27),,,Harrison Avenue; Maple Place; Nassau Street; Oak Street,Schematic plan showing outline of streets and lots at sidewalk edges. Note indicates copied from plan 488 at city surveyor's office. ,,,"(Copied by Sanborn, H.)",,C-1689-P,,Scale not given,42.34822121,-71.0626,Survey Plan,1,,1,24 x 14.5,Pencil on trace,Edge damage. ,,,,,,,,,,,,,,,,,,,,,,,,,,,,,,,,,,,,,,,,,,,,,,,,,,,,,,,,,,,,,,,,,,,,,,,,,,,,,,,,,,,,,,,,,,,,,,,,,,,,
Perkins_W72_C1690,,"Boston, MA",[Huntington Entrance - Back Bay Fens],1888-09-01 (Copied 1892-01-23),,,Fenway; Huntington Entrance [Forsythe Way],"Layout showing outline of streets, plants, and bodies of water. Displays grid of dashed lines and location of water lines and stairwells. Note indicates copied from plan 488 at city engineer's office. ","See Olmsted Archives Job#916, Drawing 0916-148 for blueprint version (https://olmstedonline.org/Job/Details/00916).",,(Copied by C.H.E.),,C-1690-P,,1 in = 40 ft,42.34084212,-71.0935,Engineering Drawing,1,,1,28 x 24,Pencil on trace,Edge damage. ,,,,,,,,,,,,,,,,,,,,,,,,,,,,,,,,,,,,,,,,,,,,,,,,,,,,,,,,,,,,,,,,,,,,,,,,,,,,,,,,,,,,,,,,,,,,,,,,,,,,
Perkins_W72_C1691,,"Dorchester (Boston, MA)",Plan of Land in Dorchester belonging to Matthew Dalton. Subdivided and drawn.,1885-02-02 (Copied 1892-01-21),"Dalton, Matthew","Clapp, Amasa; Clapp, L. & E.; Leech",Buttonwood Street; Dorchester Avenue; Locust Avenue,"Subdivision plan showing Lots A thru F and Lots No. 34, 35, 38, 40. Lots display dimensions, sf, and selected sale or ownership information. Notes indicate some lots referenced on plan dated 1854-12-15 as drawn by John H. Rice, surveyor (surveyor and successor to L. Briggs & Co.) and recorded in Norfolk Deeds Registry (Plan of Lands lying East of Dorchester Avenue).",,Norfolk Plan #D0335-18; Suffolk Unindexed Plan Bk/Pg 1809/485,"Rice, John R. (Copied by C.A. Evans)",,C-1691-P,,1 in = 40 ft,42.32347441,-71.0567,Survey Plan,1,,1,9.5 x 15,Pencil on trace,Buckling.,,,,,,,,,,,,,,,,,,,,,,,,,,,,,,,,,,,,,,,,,,,,,,,,,,,,,,,,,,,,,,,,,,,,,,,,,,,,,,,,,,,,,,,,,,,,,,,,,,,,
Perkins_W72_C1692,"Keenan, P.J.","Watertown, MA",Plan of Land belonging to P.J. Keenan,1890-01-01,"Keenan, P.J.","Coffin, Dorcas J.",Arlington Street; Mount Auburn Street; Prentiss Street,Subdivision plan showing 8 lots with dimensions and sf.,,,"Jackson, C.F.",,C-1692-P,,1 in = 50 ft,42.37267086,-71.1563,Survey Plan,1,,1,12 x 12.5,Blueprint,Edge damage. ,,,,,,,,,,,,,,,,,,,,,,,,,,,,,,,,,,,,,,,,,,,,,,,,,,,,,,,,,,,,,,,,,,,,,,,,,,,,,,,,,,,,,,,,,,,,,,,,,,,,
Perkins_W72_C1693,,"Boston, MA",[Untitled - Foster Place / Van Rensselaer Place],1845-05-14,,"Ames, Samuel T.; Chipman, Charles; Dixwell, E.S.; Foster, William, heirs; Motley, John Lothrop; Thorndike, L.P.; Wheeler, Benjamin",Boylston Street; Foster Place {Defunct],"Subdivision plan showing lots with dimensions and sf, select owners, and property deed references. Lines and markings are in either black or blue pencil; notes indicate pencil colors related to copies and that Whitney received plan from Mr. Carret in 1891 and returned it in 1899.",,Suffolk Unindexed Plan Bk/Pg 707/300; 813/320; 1871-97,"Fuller, Stephen P. (Copied by Hill, E.)",,C-1693-P,,1 in = 20 ft,42.35168519,-71.0655,Survey Plan,1,,1,16 x 20.5,Pencil on trace,Edge damage. ,,,,,,,,,,,,,,,,,,,,,,,,,,,,,,,,,,,,,,,,,,,,,,,,,,,,,,,,,,,,,,,,,,,,,,,,,,,,,,,,,,,,,,,,,,,,,,,,,,,,
Perkins_W72_C1694,,"Malden, MA","[Untitled - Copy of portion of plan at City Engineer's Office, Malden - Summer Street]",1858-08-01 (Copied),,"Boston & Maine Railroad; Harnden, John",Pleasant Street,Plan showing location of station next to railroad tracks with dashed line representing possibly a new street.,The original Malden Train station opened in 1845.,,"Sargent, John (Copied)",,C-1694-P,,1 in = 30 ft,42.42720846,-71.0745,Survey Plan,1,,1,14 x 11,Pencil on trace,Buckling. Tears.,,,,,,,,,,,,,,,,,,,,,,,,,,,,,,,,,,,,,,,,,,,,,,,,,,,,,,,,,,,,,,,,,,,,,,,,,,,,,,,,,,,,,,,,,,,,,,,,,,,,
Perkins_W72_C1695,,"Boston, MA","[Untitled - Copy of Plan of Berkeley, Tremont, and Warren Street]",(Copied 1891-10-23),,,Berkeley Street; Tremont Street; Warren Street,"Lot plan showing dimensions, sf, and location mark of a large lot as well as an abutting 12 ft wide passageway and smaller lot. Main lot outlined in red pencil. Notes indicate copied from plan #466 in J.F. Fuller's office and plan does not include pier lines shown on original plan.","Per urban atlases, property was the site of Odd Fellows Hall, built in 1871 as a fraternal lodge.",,"Fuller, J. Franklin (Copied by H.M.)",,C-1695-P,,1 in = 10 ft,42.34532046,-71.0703,Survey Plan,1,,1,19 x 20.5,Pencil on trace,Buckling. Tears.,,,,,,,,,,,,,,,,,,,,,,,,,,,,,,,,,,,,,,,,,,,,,,,,,,,,,,,,,,,,,,,,,,,,,,,,,,,,,,,,,,,,,,,,,,,,,,,,,,,,
Perkins_W72_C1696,,"Boston, MA",Copy of Plan of land belonging to Boston Water Power,(Copied 1891-12-02),,"Bowditch, H.I.; Chandler, T.W.; Ellis, Calvin; Guild, E.H.; Parkman, Mary; Peters, G.H.; ",Boylston Street; Providence Street; Public Gardens,"Subdivision plan showing 6 lots with occupant's names, lot dimensions. Note indicates based on registry drawing.",,Suffolk Unindexed Plan Bk/Pg 753/73,"Whitwell, W.S. (Copied by Whitney, William H.)",,C-1696-P,,1 in = 40 ft,42.35171047,-71.0708,Survey Plan,1,,1,10 x 12.5,Pencil on trace,Buckling. Edge damage. Stain.,,,,,,,,,,,,,,,,,,,,,,,,,,,,,,,,,,,,,,,,,,,,,,,,,,,,,,,,,,,,,,,,,,,,,,,,,,,,,,,,,,,,,,,,,,,,,,,,,,,,
Perkins_W72_C1697,,"Boston, MA",[Caledonia Street and Huntington Avenue],1891-07-03 (Copied 1891-07-21),,,Caledonia Street [Defunct]; Huntington Avenue,"Lot plan of 9,875 sf lot with dimensions and notes related to walls at property line. Abuts 10 ft wide passageway. Note indicates copied from a blueprint.",,,"Morrison, J. W. (Copied by Sanborn, H.)",,C-1697-P,"102, 103, 104",1 in = 8 ft,42.34417043,-71.0836,Survey Plan,1,,1,24 x 18.5,Pencil on trace,Edge damage. ,,,,,,,,,,,,,,,,,,,,,,,,,,,,,,,,,,,,,,,,,,,,,,,,,,,,,,,,,,,,,,,,,,,,,,,,,,,,,,,,,,,,,,,,,,,,,,,,,,,,
Perkins_W72_C1698,,"Boston, MA",Copy of Portion of Plan of Prospective Widening of Pleasant Street,1890-01-01 (Copied 1891-10-02),,,Pleasant Street [Defunct]; Spear Place [Defunct]; Washington Street,Street layout showing lots with sf and select dimensions and lines of existing and proposed street sides. Lots are shaded in either yellow or red. Note indicates copied from plan at city hall.,,,"(Copied by Hardy, J.B.)",,C-1698-P,,1 in = 20 ft,42.34786435,-71.065,Survey Plan,1,,1,14 x 12.5,Pencil on trace,Edge damage. ,,,,,,,,,,,,,,,,,,,,,,,,,,,,,,,,,,,,,,,,,,,,,,,,,,,,,,,,,,,,,,,,,,,,,,,,,,,,,,,,,,,,,,,,,,,,,,,,,,,,
Perkins_W72_C1699,,"Boston, MA",Copy of Portion of Plan of Prospective Widening of Pleasant Street,1890-01-01 (Copied 1891-10-02),,,Pleasant Street [Defunct]; Pleasant Street Place [Defunct]; Shawmut Street; Tennyson Street [Defunct],Street layout showing lots with sf and select dimensions and lines of existing and proposed street sides. Includes selected street numbers. Lots are shaded in either yellow or red. Note indicates copied from plan at city hall.,,,"(Copied by Hardy, J.B.)",,C-1699-P,,1 in = 20 ft,42.34786435,-71.065,Survey Plan,1,,1,14 x 9,Pencil on vellum,Edge damage.,,,,,,,,,,,,,,,,,,,,,,,,,,,,,,,,,,,,,,,,,,,,,,,,,,,,,,,,,,,,,,,,,,,,,,,,,,,,,,,,,,,,,,,,,,,,,,,,,,,,
Perkins_W72_C1700,,"Boston, MA",[Untitled - Ohio and Washington Streets],1882-08-26 (Copied 1891-10-02),,"Bartlett, Edward J.; Thorndike, William M.",Ohio Street [Marginal Road]; Washington Street,Lot plan showing dimensions and sf of 3 lots abutted by passageway. Lot abutting Washington Street is outlined in red and indicates is to be taken by City of Boston. Copied from registry filing.,,Suffolk Unindexed Plan Bk/Pg 1571/35,"Perkins, Charles C. (Copied by H.M.)",,C-1700-P,,1 in = 5 ft,42.34764199,-71.0645,Survey Plan,1,,1,8 x 10,Pencil on ruled bond paper,,,,,,,,,,,,,,,,,,,,,,,,,,,,,,,,,,,,,,,,,,,,,,,,,,,,,,,,,,,,,,,,,,,,,,,,,,,,,,,,,,,,,,,,,,,,,,,,,,,,,
Perkins_W73_C1701,,"Boston, MA",[Untitled - Ohio and Washington Streets],1888-03-08 (Copied 1891-09-30),,"Bartlett, Edward J.; Child, M.S.; Thorndike, William M.; Tilton, Joseph F.",Ohio Street [Marginal Road]; Spear Place [Defunct]; Washington Street,Lot plan showing dimensions and sf of lot abutted by passageway. Lot is outlined in red and displays outlines of wooden tenements and a brick building. Note indicates copied from C. E. Stratton (sp?).,,,"Fuller, J. Franklin (Copied by H.M.)",,C-1701-P,,1 in = 8 ft,42.34764199,-71.0645,Survey Plan,1,,1,22.5 x 15.5,Pencil on trace,Edge damage. Buckling.,,,,,,,,,,,,,,,,,,,,,,,,,,,,,,,,,,,,,,,,,,,,,,,,,,,,,,,,,,,,,,,,,,,,,,,,,,,,,,,,,,,,,,,,,,,,,,,,,,,,
Perkins_W73_C1702,,"Boston, MA",[Untitled - Pleasant and Washington Streets],1840-04-04 (Copied 1891-09-26),,"Hunt, Matthew M.; Leeds",Ohio Street [Marginal Road]; Pleasant Street [Defunct],Lot plan showing dimensions and sf of lot. Lot is outlined in red and displays outlines of a brick building.,,,"Wadsworth, Alexander (Copied by H.M.)",,C-1702-P,,1 in = 10 ft,42.34764199,-71.0645,Survey Plan,1,,1,10.5 x 14,Ink on manilla,Buckling. Edge damage.,,,,,,,,,,,,,,,,,,,,,,,,,,,,,,,,,,,,,,,,,,,,,,,,,,,,,,,,,,,,,,,,,,,,,,,,,,,,,,,,,,,,,,,,,,,,,,,,,,,,
Perkins_W73_C1703,,"Boston, MA",[Untitled - Orange and Pleasant Streets],1793-08-01 (Copied 1891-10-02),,"Faxon, Richard; Spear, John; Spear, Nathaniel; Spear, Thomas; Wheeler",Orange Street [Defunct]; Pleasant Street [Defunct]; Spear Place [Defunct]; Washington Street,Block layout with 12' wide passageway showing 5 numbered lots with dimensions and notes regarding walls. Contains [illegible] notations about lot privileges.,Thomas Spear was a participant in the Boston Tea Party.,Suffolk Unindexed Plan Bk/Pg 176/272,"Mead, Israel (Copied by Hardy, J.B.)",,C-1703-P,,1 in = 10 ft,42.34786435,-71.065,Survey Plan,1,,1,26 x 8.5,Pencil on trace,Buckling.,,,,,,,,,,,,,,,,,,,,,,,,,,,,,,,,,,,,,,,,,,,,,,,,,,,,,,,,,,,,,,,,,,,,,,,,,,,,,,,,,,,,,,,,,,,,,,,,,,,,
Perkins_W73_C1704,,"Jamaica Plain (Boston, MA)",[Untitled - Forest Hills and Washington Streets],Not identified,,"Clarke, James Freeman",Forest Hills Street; Washington Street,"Plan showing 4 lots with dimensions; one lot shows owner's name. Note indicates copied from City Surveyors' Office with house, drives, and other features omitted.",Clarke was a unitarian minister and expert on comparative religions.,,"Jones, J. Edward (Copied by W.H.T.)",,C-1704-P,,1 in = 30 ft,42.30950905,-71.1033,Survey Plan,1,,1,15 x 11,Pencil on trace,Buckling. Edge damage.,,,,,,,,,,,,,,,,,,,,,,,,,,,,,,,,,,,,,,,,,,,,,,,,,,,,,,,,,,,,,,,,,,,,,,,,,,,,,,,,,,,,,,,,,,,,,,,,,,,,
Perkins_W73_C1706,Alvin Adams Estate Plans,"Watertown, MA",Plan of Land in Watertown owned by Edward L. Adams,1862-01-01 (Copied 1892-04-29),"Adams, Edward L.","Coolidge; Frazier, George; Hurd, John",Mount Auburn Street; School Street,Lot plan showing large lot trisected by dashed lines presenting walls with dimensions and sf. Area expressed in acre and rod units.,Edward Livingston Adams was a son of Alvin Adams.,,"Mason, W.A. & Barbour, W.S.",,C-1706-P,,1 in = 50 ft,42.37077235,-71.1651,Survey Plan,1,,1,33 x 21,Pencil on trace,Buckling. Edge damage. Holes along center fold.,,,,,,,,,,,,,,,,,,,,,,,,,,,,,,,,,,,,,,,,,,,,,,,,,,,,,,,,,,,,,,,,,,,,,,,,,,,,,,,,,,,,,,,,,,,,,,,,,,,,
Perkins_W73_C1707,Alvin Adams Estate Plans,"Watertown, MA",Plan of Land in Watertown owned by Jeremiah Russell,1859-09-01 (Copied 1892-04-30),"Russell, Jeremiah","Gay; Pratt; Stearns, S.;",Mount Auburn Street; School Street,Lot plan showing 14-acre lot with dimensions and area in acres and rods.,,,"Mason, W.A.",,C-1707-P,,1 in = 50 ft,42.37077235,-71.1651,Survey Plan,1,,1,28 x 23.5,Pencil on trace,Buckling. Edge damage. Folded.,,,,,,,,,,,,,,,,,,,,,,,,,,,,,,,,,,,,,,,,,,,,,,,,,,,,,,,,,,,,,,,,,,,,,,,,,,,,,,,,,,,,,,,,,,,,,,,,,,,,
Perkins_W73_C1708,,"Watertown, MA",Plan of premises in East Watertown belonging to Sam'l S. Gleason,1892-02-12 (Copied 1892-07-29),"Gleason, Samuel L.",Sacred Heart Church ,Belmont Street; 770 Mount Auburn Street,Subdivision plan showing 9 lots with dimensions and sf. One lot contains building footprint.,,,"Mason, W.A. (Copied by C.I.H.)",,C-1708-P,,1 in = 20 ft,42.37455639,-71.1511,Survey Plan,1,,1,28 x 17.5,Pencil on trace,Buckling.,,,,,,,,,,,,,,,,,,,,,,,,,,,,,,,,,,,,,,,,,,,,,,,,,,,,,,,,,,,,,,,,,,,,,,,,,,,,,,,,,,,,,,,,,,,,,,,,,,,,
Perkins_W73_C1709,,"Boston, MA",[Untitled - Devonshire and Milk Street],1890-09-28 (Copied),,"Minot, William et al; Phelps, J.T.",Devonshire Street; Milk Street,"Lot plan showing 2,835 sf lot with dimensions and details regarding center lines of walls with abutters. Note indicated copied from plan loaned by W.H. Sprague.","Per urban atlases, lot may have been occupied by International Trust Co.",,"Ellis, S.C. (Copied by I.H.S.)",,C-1709-P,,1 in = 8 ft,42.35684025,-71.0574,Survey Plan,1,,1,19 x 12,Pencil on trace,Buckling. Edge damage.,,,,,,,,,,,,,,,,,,,,,,,,,,,,,,,,,,,,,,,,,,,,,,,,,,,,,,,,,,,,,,,,,,,,,,,,,,,,,,,,,,,,,,,,,,,,,,,,,,,,
Perkins_W73_C1710,"Centre Street, JP","Jamaica Plain (Boston, MA)",[Untitled - Centre Street and Houghton Place],1889-03-20 (Copied 1892-03-22),,,Bolster Street; Centre Street; Houghton Place [Mozart Street],"Lot plan showing dimensions and sf. Note indicates a true copy by Henry W. Mclean, C.E., of plan filed at Registry.",Garbett & Wood were Boston surveyors William A. Garbett and Charles Henry Wilkes Wood. Garbett also did numerous surveys as sole proprietor; see https://collections.leventhalmap.org/search/commonwealth:9s161f81w,Suffolk Unindexed Deed Bk/Pg 1883/505,Garbett & Wood (Copied by H.M.),,C-1710-P,,1 in = 30 ft,42.3231851,-71.1041,Survey Plan,1,,1,8 x 10,Pencil on ruled bond paper,Stains.,,,,,,,,,,,,,,,,,,,,,,,,,,,,,,,,,,,,,,,,,,,,,,,,,,,,,,,,,,,,,,,,,,,,,,,,,,,,,,,,,,,,,,,,,,,,,,,,,,,,
Perkins_W73_C1711,Neponset Avenue / Tolman Estate,"Dorchester (Boston, MA)","[Untitled - College Marsh, Neponset]",1881-07-08,,"Minot, Nathaniel; Old Colony Railroad",Neponset Avenue,"Plan showing lot with dimensions surrounded by 7 numbered lots and straddling a river. Note indicates that plan is of ""College Marsh"" Neponset and attributed to Morse [?], copied from tracing. Highlights line between ""upland and marsh.""","Per Norfolk Registry of Deeds, Minott (Minot) sold various lots in the early 1800s. Waterway shown on map probably is Pine Neck.",,Moses (Copied by W.N.T.),,C-1711-P,,Scale not given,42.28725833,-71.0439,Survey Plan,1,,1,9.5 x 6,Pencil on trace,,,,,,,,,,,,,,,,,,,,,,,,,,,,,,,,,,,,,,,,,,,,,,,,,,,,,,,,,,,,,,,,,,,,,,,,,,,,,,,,,,,,,,,,,,,,,,,,,,,,,
Perkins_W73_C1712,Neponset Avenue / Tolman Estate,"Dorchester (Boston, MA)",[Untitled - Tolman Street - Plan No. 1],1880-07-01,,"Connelly; Putnam, Silas S.; Robertson, Joseph W.; Tolman, Joseph, heirs; Old Colony Railroad",Neponset Avenue; Norwood Street; Pine Neck Creek; Tolman Street,"Plan showing 8 lots labelled A thru K with dimensions and sf. Two lots bordering Pine Neck Creek labeled as ""marsh"" or ""upland."" Note indicates land ""heretofore held in common by Mary W. Sumner and Elizabeth S. Tolman & others claimants under the will of Nathaniel Tolman."" Copier's note indicates ""some omission N. of Tolman Street. Based on registry plan. Labeled as Plan No. 1 (Plan No. 2 available in Suffolk Registry).",,Suffolk Unindexed Deed Bk/Pg 1513/20,"Briggs, Luther, Jr. (Copied by W.N.T.)",,C-1712-P,,1 in = 150 ft,42.2869956,-71.0445,Survey Plan,1,,1,8.5 x 15.5,Pencil on trace,Edge damage. ,,,,,,,,,,,,,,,,,,,,,,,,,,,,,,,,,,,,,,,,,,,,,,,,,,,,,,,,,,,,,,,,,,,,,,,,,,,,,,,,,,,,,,,,,,,,,,,,,,,,
Perkins_W73_C1713,Neponset Avenue / Tolman Estate,"Dorchester (Boston, MA)",[Untitled - Neponset Avenue - Bromley Atlas],Not identified,,"Boston, City of (Minot School); Hildreth, Ruth, heirs; Holbrook, Nathan; Lindsley, Joseph C.; Minot, Rachel; Munier, Mary F.; Newhall, Annie and Maria; Simpson, Mary; Swan, W.E.C.; Tolman, Joseph, heirs; Old Colony Railroad",Neponset Avenue,Section of property atlas map showing 9 lots. Note indicates source is Bromley Atlas.,Abutters' names match those shown in the 1889 Bromley Atlas for Roxbury.,,"Bromley, G.W. (Copied)",G.W. Bromley & Co.,C-1713-P,,1 in = 100 ft,42.2869956,-71.0445,Survey Plan,1,,1,15 x 14.5,Pencil on trace,Edge damage. ,,,,,,,,,,,,,,,,,,,,,,,,,,,,,,,,,,,,,,,,,,,,,,,,,,,,,,,,,,,,,,,,,,,,,,,,,,,,,,,,,,,,,,,,,,,,,,,,,,,,
Perkins_W73_C1714,Neponset Avenue / Tolman Estate,"Dorchester (Boston, MA)",[Untitled - Neponset Avenue - Atlas],Not identified,,"Holbrook, Nathan; Lindsley, Joseph C.; Minot, Rachel; Newhall, Maria; Tolman, Joseph, heirs; Tolman, Thomas J., heirs; Willard, heirs; Old Colony Railroad",Neponset Avenue; Neponset Station [Defunct]; Walnut Street,"Section of property atlas map showing 6 lots with occupants' name bordering Pine Neck Creek. Note indicates ""Atlas.""",Abutters' names match those shown in the 1874 Hopkins Atlas.,,None provided,,C-1714-P,,1 in = 600 ft,42.2869956,-71.0445,Survey Plan,1,,1,6 x 8,Pencil on vellum,Edge damage. ,,,,,,,,,,,,,,,,,,,,,,,,,,,,,,,,,,,,,,,,,,,,,,,,,,,,,,,,,,,,,,,,,,,,,,,,,,,,,,,,,,,,,,,,,,,,,,,,,,,,
Perkins_W73_C1715,Neponset Avenue / Tolman Estate,"Dorchester (Boston, MA)","Copy of Plan of the Old Colony & Tall River Railroad, Quincy to Braintree",1858-01-01,Old Colony Railroad,"French, J.; Preston, J.; Tolman, Joseph; Tolman, Thomas J.",Pine Neck Creek,"Map showing path of railroad with locations of abutters and dimensions of property frontages. Note indicate ""made some minor additions of names, etc. at Norfolk Registry Clerk of Courts.",Norfolk registry contains various plans that show names of abutters along railroad line.,,None provided,,C-1715-P,,1 in = 100 ft,42.2869956,-71.0445,Engineering Drawing,1,,1,14 x 9.5,Pencil on trace,Buckling. Edge damage. Folded.,,,,,,,,,,,,,,,,,,,,,,,,,,,,,,,,,,,,,,,,,,,,,,,,,,,,,,,,,,,,,,,,,,,,,,,,,,,,,,,,,,,,,,,,,,,,,,,,,,,,
Perkins_W73_C1716,Neponset Avenue / Tolman Estate,"Dorchester (Boston, MA)",[Untitled - Proposed extension of Norwood Street],(Copied 1892-03-02),Old Colony Railroad,"Coffin, Zebulon Erastus (Coffin Valve Company); Minot; Pope; Tolman; Old Colony Railroad",Neponset Avenue; Norwood Street; Tolman Street,"Plan showing proposed extension of Norwood Street through land of Coffin (lot used for manufacturing) to proposed extension of Neponset Street. Shows select dimensions, lines of proposed rail road track to connect with Old Colony Railroad; property lines of abutters. Note indicates copy of plan brought in y Mr. Coffin and said to be by L. Briggs.","Mr. Coffin owned Coffin Valve Company, major manufacturer of valves for fire hydrants and other applications.",,"Briggs, Luther, Jr. (Copied)",,C-1716-P,,1 in = 16 ft,42.2869956,-71.0445,Engineering Drawing,1,,1,32 x 24,Pencil on trace,Edge damage. Creases. Stains.,,,,,,,,,,,,,,,,,,,,,,,,,,,,,,,,,,,,,,,,,,,,,,,,,,,,,,,,,,,,,,,,,,,,,,,,,,,,,,,,,,,,,,,,,,,,,,,,,,,,
Perkins_W73_C1717,,"Boston, MA","[Portion of Plan of the Inner Harbor of Boston, executed by the U.S. Coast Survey for the Commissioners, appointed by a resolve of the Legislature passed Apr. 16, 1846}",1846-04-16 (Copied 1892-07-13),,,,"Rough sketch of harbor line with docks outlined in ink over reference lines. Note indicates ""CC-50 City Surveyors Office"")",Original plan is featured on Leventhal Map Center Collection.,,"Bache, Boutelle (Copied by Tolman)",U.S. Coast Survey,C-1717-P,,1 in = 5000,42.33811178,-71.0375,Map,1,,1,9.5 x 12.5,Ink on vellum,Stains.,,,,,,,,,,,,,,,,,,,,,,,,,,,,,,,,,,,,,,,,,,,,,,,,,,,,,,,,,,,,,,,,,,,,,,,,,,,,,,,,,,,,,,,,,,,,,,,,,,,,
Perkins_W73_C1718,Boston Harbor Wharves,"South Boston Waterfront (Boston, MA)",[Untitled - Wharves on Lynn Street (Commercial Street)],1828-10-06 (Copied 1892-07-12),,"Chamberlain, Ezra; Hylers, J.; Ingersoll, James; Vernon, William",Charter Street; Lynn Street (Commercial Street); Charles River Channel,Plan showing multiple lots of wharves with dimensions and occupants' names and market caps. ,,Suffolk Unindexed Deed Bk/Pg 331/215,"Fuller, Stephen P. (Copied by Tolman)",,C-1718-P,,1 in = 40 ft,42.36841527,-71.0569,Survey Plan,1,,1,8 x 14.5,Pencil on trace,Buckling. Edge damage.,,,,,,,,,,,,,,,,,,,,,,,,,,,,,,,,,,,,,,,,,,,,,,,,,,,,,,,,,,,,,,,,,,,,,,,,,,,,,,,,,,,,,,,,,,,,,,,,,,,,
Perkins_W73_C1719,Gray Estate,"Dorchester (Boston, MA)",Copy of Part of Plan - L-2362 - Part 1 - Dorchester,(Copied 1892-03-23),"Gray, Estate of","Burrill, Isaac S.; Caldwell, Sarah A.; Cunningham, James; Flick, Charles A.; Thompson, James P.",Cunningham Street; Dalmatia Street [Woodcliffe Street]; Dewey Street; Howard Avenue; Quincy Street; Wayland Street,"Plan of street layout of Howard Street, showing intersecting streets, abutters' names, and dimensions. Notes indicate ""relocation"" of frontage on Gray's property; the original drawing had no date or signature and certain items were shown in red.",,,(Copied by J.M.),,C-1719-P,,1 in = 40 ft,42.31648,-71.0747,Engineering Drawing,1,,1,38 x 27,Pencil on trace,Edge damage. Creases.,,,,,,,,,,,,,,,,,,,,,,,,,,,,,,,,,,,,,,,,,,,,,,,,,,,,,,,,,,,,,,,,,,,,,,,,,,,,,,,,,,,,,,,,,,,,,,,,,,,,
Perkins_W73_C1720,,"Boston, MA",[Untitled - Allen Street and Kennard's Avenue],1843-06-25 (Copied 1892-04-13),,"Hart, H., heirs",Allen Street (Blossom Street); Kennard's Street [Defunct],Subdivision plan showing lots No. 1 thru 5 with 3 ft wide passageway. Lots display sf and dimensions and are outlined in red.,,Suffolk Unindexed Deed Bk/Pg 513/88,"Wadsworth, Alexander (Copied by H.M.)",,C-1720-P,,1 in = 10 ft,42.36419252,-71.0686,Survey Plan,1,,1,9.5 x 13.5,Pencil on trace,Edge damage. Stains.,,,,,,,,,,,,,,,,,,,,,,,,,,,,,,,,,,,,,,,,,,,,,,,,,,,,,,,,,,,,,,,,,,,,,,,,,,,,,,,,,,,,,,,,,,,,,,,,,,,,
Perkins_W73_C1721,Brighton & Poplar Streets,"Boston, MA",[Untitled - Kennard's Avenue],(Copied 1892-04-14),,"Brux?, Mary E.; Carr, Ellen A.; Colson, M.A.; Whiting, Elbert",Allen Street (Blossom Street); Kennard's Street [Defunct]; Poplar Street [Defunct],"Plan showing selected portion of street, with number addresses, and residents' names. Group of 4 lots shown at two scales. A portion that will be impacted by street widening shaded in red. Note indicates profiles and some figures omitted.",,,(Copied by H.M.),,C-1721-P,,1 in = 20 ft; 1 in = 16 ft,42.36419252,-71.0686,Engineering Drawing,1,,1,14 x 12.5,Pencil on trace,Buckling. Edge damage.,,,,,,,,,,,,,,,,,,,,,,,,,,,,,,,,,,,,,,,,,,,,,,,,,,,,,,,,,,,,,,,,,,,,,,,,,,,,,,,,,,,,,,,,,,,,,,,,,,,,
Perkins_W73_C1722,Boston Harbor Wharves,"South Boston Waterfront (Boston, MA)","Plan showing proposed extension of Tirrell's Wharf, Boston, Mass.",1882-05-01 (Copied 1892-08-12),"Tirrell, Jessie",Howe; Emery,Emery's Wharf; Hobbs Wharf; Howes Wharf; Shaving Street; Tirrells Wharf; Fort Port Channel,"Plan and section of three wharves. Plan displays old and current wharf line and pilings. Section displays high and low water lines and earth fillings beyond old wharf. Various features colored red, blue, or yellow.",,,"Haafensen, Septus (Copied by Sanborn, J.H.)",,C-1722-P,,Horiz: 1 in = 20 ft; Vert: 1 in = 5 ft,42.34981092,-71.0542,Survey Plan,1,,1,20 x 16.5,Pencil on trace,Edge damage. ,,,,,,,,,,,,,,,,,,,,,,,,,,,,,,,,,,,,,,,,,,,,,,,,,,,,,,,,,,,,,,,,,,,,,,,,,,,,,,,,,,,,,,,,,,,,,,,,,,,,
Perkins_W73_C1723,Bumstead / Gibbons Court,"Boston, MA",[Untitled - Boylston and Tremont Streets],1841-10-08 (Copied 1894-03-24),,"Bumstead, heirs; Sprague, Charles.; Stickney, J. ",Boylston Street; Head Place; Tremont Street,"Subdivision plan showing 12 numbered lots, number 1 thru 12, accompanied by passageway to Bumstead Court and separated by lane titled Head Place. Shows sf and dimensions. Lots outlined in red. Note indicates that plan refers to conveyances with regard to land at Boylston Street conveyed to City of Boston. Copied from registry plan.",,Suffolk Unindexed Deed Bk/Pg 475/205,"Wadsworth, Alexander (Copied by H.M.)",,C-1723-P,,1 in = 20 ft,42.35265508,-71.0644,Survey Plan,1,,1,10 x 20.5,Pencil on trace,Edge damage. ,,,,,,,,,,,,,,,,,,,,,,,,,,,,,,,,,,,,,,,,,,,,,,,,,,,,,,,,,,,,,,,,,,,,,,,,,,,,,,,,,,,,,,,,,,,,,,,,,,,,
Perkins_W73_C1724,,"Boston, MA",Plan of party wall between Estates of the late Geo. E. Head & Manton Eastburn.,1872-05-06 (Copied),"Eastbarn, Manton; Head, George E.",,Head Place; Tremont Street,Lot plan showing lot with dimensions and shaded and dashed wall indicators. Displays wall dimensions and level of Head Place location.,Eastburn was the fourth episcopal bishop of Massachusetts (https://en.wikipedia.org/wiki/Manton_Eastburn). Addresses shown in 1880 Bromley Atlas as 180 and 181 Tremont Street.,Suffolk Unindexed Deed Bk/Pg 1105/230,"Townsend, George O. (Copied by I.H.S.)",,C-1724-P,,1 in = 8 ft,42.35265508,-71.0644,Survey Plan,1,,1,10 x 13.5,Pencil on trace,Edge damage. ,,,,,,,,,,,,,,,,,,,,,,,,,,,,,,,,,,,,,,,,,,,,,,,,,,,,,,,,,,,,,,,,,,,,,,,,,,,,,,,,,,,,,,,,,,,,,,,,,,,,
Perkins_W73_C1725,,"North End (Boston, MA)",[Untitled - Endicott and Stillman Streets],1838-05-03 (Copied 1892-07-07),,"Austin; Barbour, R.; Callanan, J.; McIntire, C.; Roberts, R.S.; Wise",Endicott Street; Stillman Street,Subdivision plan showing 9 lots numbered 1 through 9 and outlined in red as well as several additional lots. Dimensions and Sf areas included. Shows 10-foot-wide passageway.,,Suffolk Unindexed Deed Bk/Pg 438/212,"Wadsworth, Alexander (Copied by H.M.)",,C-1725-P,,1 in = 30 ft,42.36389717,-71.0572,Survey Plan,1,,1,9 x 10.5,Pencil on vellum,Buckling. Discoloration. Edge damage.,,,,,,,,,,,,,,,,,,,,,,,,,,,,,,,,,,,,,,,,,,,,,,,,,,,,,,,,,,,,,,,,,,,,,,,,,,,,,,,,,,,,,,,,,,,,,,,,,,,,
Perkins_W73_C1726,"Centre Street, JP","Jamaica Plain (Boston, MA)",Plan of Land belonging to Ezra Conant,1868-05-20 (Copied),"Conant, Ezra","Hyde; Smith, P.B.; Weld; public school",Heath Street; Walden Place [Defunct]; Walden Street,"Subdivision plan showing 32 lots numbered 1 thru 32, with dimensions. Note indicates reduced scale.",,Suffolk Unindexed Deed Bk/Pg 923/999,"Moses, Theodore Bland. (Copied by H. M.)",,C-1726-P,,1 in = 30 ft,42.3231851,-71.1041,Survey Plan,1,,1,8 X 10,Pencil on ruled bond paper,,,,,,,,,,,,,,,,,,,,,,,,,,,,,,,,,,,,,,,,,,,,,,,,,,,,,,,,,,,,,,,,,,,,,,,,,,,,,,,,,,,,,,,,,,,,,,,,,,,,,
Perkins_W73_C1727,,"Beacon Hill (Boston, MA)",[Untitled - Louisburg Square],1826-04-10,,,Cedar Street; Louisburg Square; Sumner Street [Mt. Vernon Street],"Subdivision plan showing 3 blocks of lots 57 lots numbered 1 thru 57, with dimensions and sf; lots also coded by letters A, B, C, D. Note indicates ""reduced copy of plan recorded with Suffolk Deeds""; also labelled Exhibit L.",,,"Fuller, Stephen P.",,C-1727-P,,1 in = 50 ft,42.35827431,-71.0687,Survey Plan,1,,1,9 x 10.5,Blueprint,,,,,,,,,,,,,,,,,,,,,,,,,,,,,,,,,,,,,,,,,,,,,,,,,,,,,,,,,,,,,,,,,,,,,,,,,,,,,,,,,,,,,,,,,,,,,,,,,,,,,
Perkins_W73_C1728,Francis Estate,"Allston (Boston, MA)",[Untitled - Brighton Avenue and Commonwealth Avenue],Not identified,,"Boston and Albany Railroad; Bowditch, J.I.; Downing, Catherine E.;P arker, Charles H.; Kendall, J.B.; McElroy, Albert; ",Ashford Street; Brighton Avenue; Commonwealth Avenue; Gardner Street; Malvern Street,Schematic plan showing major avenues and streets. Selected lots have owner names and one displays sf.,"Based on property owners' names, plan probably drawn c. 1890s.",,None provided,,C-1728-P,,Scale not given,42.35291473,-71.121,Survey Plan,1,,1,37.5 x 23.5,Pencil on trace,Creases.,,,,,,,,,,,,,,,,,,,,,,,,,,,,,,,,,,,,,,,,,,,,,,,,,,,,,,,,,,,,,,,,,,,,,,,,,,,,,,,,,,,,,,,,,,,,,,,,,,,,
Perkins_W73_C1729,,"Boston, MA",[Untitled - Crescent Place and Pitts Court],1838-09-01 (1892-03-30),,"Dupee; Hubbard; Johnson, Daniel, estate of; Lamson; McAllaster; Parkman; Plummer; Pratt; Tuckerman; Wardell, Francis",Crescent Place [Defunct]; Pitts Court [Defunct]; Pitts Street [Defunct],"Subdivision plan showing 13 lots with alleyway. Displays dimensions and sf. Also lists registry plan numbers for selected lots. Note indicates based on a plan brought in by ""Mr. Snow.""",,Suffolk Unindexed Deed Bk/Pg 450/255,"Fuller, Stephen P. (Copied by Tolman)",,C-1729-P,,Scale not given,42.36267134,-71.0627,Survey Plan,1,,1,9 x 14.5,Pencil on trace,Buckling. Discoloration. Edge damage.,,,,,,,,,,,,,,,,,,,,,,,,,,,,,,,,,,,,,,,,,,,,,,,,,,,,,,,,,,,,,,,,,,,,,,,,,,,,,,,,,,,,,,,,,,,,,,,,,,,,
Perkins_W73_C1730,William Carlton Estate,"Boston, MA","William Carlton's Estate, Boston, Mass.",1877-01-22 (Copied 1892-07-02),"Carlton, William, estate of.",Harrison Avenue School,Beach Street; Harrison Avenue,"Plan showing lot with 12-foot-wide passageway. Displays dimensions and line of brick wall and location of shed, boiler room, and archways. Components outlined in red pencil done on version side (per note, not on original drawing).",,Suffolk Unindexed Plan Bk/Pg 2010/282,"Bowditch, Ernest W. (Copied by C.L.H.)",,C-1730-P,,1 in = 10 ft,42.35183458,-71.0619,Survey Plan,1,,1,21.5 x 24,Pencil on trace,Edge damage. ,,,,,,,,,,,,,,,,,,,,,,,,,,,,,,,,,,,,,,,,,,,,,,,,,,,,,,,,,,,,,,,,,,,,,,,,,,,,,,,,,,,,,,,,,,,,,,,,,,,,
Perkins_W73_C1731,,"Jamaica Plain (Boston, MA)","Plan of an Estate in Roxbury, Mass. Belonging to the Heirs of the late Pelig Heath, Esq.",1847-08-20 (Copied 1891-11-18),"Heath, Peleg, estate of.","Heath, Samuel W.; Huntington, Ralph; Russell, John; Stevens, Lorenzo; Sutton, Samuel; Ward, James O.",Cross Street [Day Street]; Heath Street;,"Plan showing 4 lots with dimensions and areas shown in both acres and rods and building footprints. Lots are outlined in red; water features in blue. Subtitle indicates was copied by J.F. Bryant, architect (1852), then by L. Briggs for Norfolk Registry (1875).",,Norfolk Plan #1847-22; Bk/Pg 2/22,"Whitney, Charles F.; Bryant, J.F. (Copied by Hardy, J.B.?)",,C-1731-P,,1 in = 60 ft,42.32663452,-71.1074,Survey Plan,1,,1,48 x 24,Pencil on trace,Edge damage. Creases. Stains.,,,,,,,,,,,,,,,,,,,,,,,,,,,,,,,,,,,,,,,,,,,,,,,,,,,,,,,,,,,,,,,,,,,,,,,,,,,,,,,,,,,,,,,,,,,,,,,,,,,,
Perkins_W73_C1732,,"Jamaica Plain (Boston, MA)",Plan of House Lots in Boston belonging to Christopher Weed,1872-06-25 (1913-07-08),"Weed, Otis H.",,Craft Street [Craftson Way]; Heath Street [South Huntington Way]; Kimball Street [Defunct]; Tremont Street [Huntington Avenue],Subdivision plan showing 51 numbered lots with sf a dimensions. 2 lots display building footprints. Note says: buildings not to be erected nearer than ten feet for Heath and Kimball Streets. Copied from Registry version.,Registry version indicates the plan was reproduced as a lithograph by J. Mayer of State Street in Boston. See https://collections.leventhalmap.org/search/commonwealth:1257bb259,Suffolk Unindexed Plan Bk/Pg 1114/320,Whitman & Breck (Copied by E.S.P.),,C-1732-P,,1 in = 40 ft,42.33072255,-71.1121,Survey Plan,1,,1,17.5 x 12.5,Pencil on trace,Edge damage. ,,,,,,,,,,,,,,,,,,,,,,,,,,,,,,,,,,,,,,,,,,,,,,,,,,,,,,,,,,,,,,,,,,,,,,,,,,,,,,,,,,,,,,,,,,,,,,,,,,,,
Perkins_W73_C1733,,"Jamaica Plain (Boston, MA)",Plan of Land of Abby A. Randall in Boston Highlands,1874-11-05 (Copied 1891-11-19),"Randall, Abby A.","Klouse, Seaman; Nickerson, Joseph; Stevens; Trescott, Elijah; ",Day Street; Grotto Glenn Road; Randall Avenue [Defunct],Lot plan showing dimensions and sf. Property extends to center of Randall Avenue.,,Suffolk Unindexed Plan Bk/Pg 1265/999,"Wadsworth, Alexander (Copied by H.M.)",,C-1733-P,,1 in = 50 ft,42.32540502,-71.1077,Survey Plan,1,,1,8 x 10,Pencil on ruled bond paper,Edge damage. ,,,,,,,,,,,,,,,,,,,,,,,,,,,,,,,,,,,,,,,,,,,,,,,,,,,,,,,,,,,,,,,,,,,,,,,,,,,,,,,,,,,,,,,,,,,,,,,,,,,,
Perkins_W73_C1734,,"Jamaica Plain (Boston, MA)","Plan of Land belonging to A. A. Randall situated in Ward 15, Boston",(Copied 1913-07-08),"Randall, Abby A.","Hayden; Nickerson, Joseph; Shaw",Day Street; Grotto Glenn Road,Lot plan showing dimensions and sf.,,Suffolk Unindexed Plan Bk/Pg 1115/78,"Granger, David (Copied by E. S. P.)",,C-1734-P,,1 in = 50 ft,42.32540502,-71.1077,Survey Plan,1,,1,9.5 x 15.5,Pencil on trace,Edge damage. ,,,,,,,,,,,,,,,,,,,,,,,,,,,,,,,,,,,,,,,,,,,,,,,,,,,,,,,,,,,,,,,,,,,,,,,,,,,,,,,,,,,,,,,,,,,,,,,,,,,,
Perkins_W73_C1735,,"Boston, MA",Plan of the Charles River Wharf Co. in the City of Boston,1838-05-13 (Copied),Charles River Wharf,,Brighton Street [Defunct]; Livingston Street [Defunct],Plan showing two lots with dimensions and sf.,"Is an excerpt of the original Registry version, which is a 33-lot subdivision. Location is now near Whittier Place. Company was incorporated in 1836",Suffolk Unindexed Plan Bk/Pg 431/192,"Wadsworth, Alexander (Copied)",,C-1735-P,,1 in = 40 ft,42.36588508,-71.0669,Survey Plan,1,,1,7.5 x 10,Pencil on trace,Buckling. Edge damage.,,,,,,,,,,,,,,,,,,,,,,,,,,,,,,,,,,,,,,,,,,,,,,,,,,,,,,,,,,,,,,,,,,,,,,,,,,,,,,,,,,,,,,,,,,,,,,,,,,,,
Perkins_W73_C1736,Downtown Boston Infrastructure,"Boston, MA",[Untitled - Federal Street and High Street],(Copied 1892-11-08),,"Alford, Mary; Cook, Charles; Haynes, John C.; Ware, Leonard; and others",Federal Street; High Street; Summer Street,"Plan showing block of lots. Displays dimensions, sf; and owners' names. Note says ""pieces with area given tinted pink."" One survey line labelled ""Line of widening April 18th, 1873."" Replica of stamp indicates from Boston City Surveyor's Office #L-364.",,,(Copied by C.L.H.),,C-1736-P,,1 in = 20 ft,42.35332886,-71.0563,Survey Plan,1,,1,14 x 14.5,Pencil on trace,Buckling. Creases. Edge damage.,,,,,,,,,,,,,,,,,,,,,,,,,,,,,,,,,,,,,,,,,,,,,,,,,,,,,,,,,,,,,,,,,,,,,,,,,,,,,,,,,,,,,,,,,,,,,,,,,,,,
Perkins_W73_C1737,Downtown Boston Infrastructure,"Boston, MA","[Federal Street and High Street - To be sold at Public Auction on Monday, May 11th, 1868 at 12 1/2 o'clock on the premises.]",1868-04-22 (Copied 1892-11-04),,"Atkins, B., heirs of; Bond, Joseph",Federal Street; High Street,Auctioneer's version of subdivision plan showing 6 lots with dimensions and sf. Property lines represented by hatched lines.,,,"Wadsworth, Alexander (Copied by Bell, F.C.)","Porter, J.K. & Co., Auctioneers",C-1737-P,,1 in = 10 ft,42.35332886,-71.0563,Auctioneer's Plan,1,,1,13 x 19,Pencil on trace,Edge damage. ,,,,,,,,,,,,,,,,,,,,,,,,,,,,,,,,,,,,,,,,,,,,,,,,,,,,,,,,,,,,,,,,,,,,,,,,,,,,,,,,,,,,,,,,,,,,,,,,,,,,
Perkins_W73_C1738,Downtown Boston Infrastructure,"Boston, MA",[Untitled - Copy of Plan - Federal Street and High Street],1869-05-01 (Copied 1892-11-05),,"Tufts, C.; Wheelwright",Federal Street; High Street,Plan showing four lots with dimensions and sf. Property lines outlined in red.,,,"Wadsworth, Alexander (Copied by Bell, F.C.)",,C-1738-P,,1 in = 10 ft,42.35332886,-71.0563,Survey Plan,1,,1,16.5 x 19 ,Pencil on trace,Edge damage. Creases.,,,,,,,,,,,,,,,,,,,,,,,,,,,,,,,,,,,,,,,,,,,,,,,,,,,,,,,,,,,,,,,,,,,,,,,,,,,,,,,,,,,,,,,,,,,,,,,,,,,,
Perkins_W73_C1739,Tremont Temple,"Boston, MA",[Untitled - Chapman Place and School Street],1859-12-28 (Copied 1892-10-05),,"Baker, Amos; Burnham; Channing; Tremont Temple",Chapman Place; School Street,"Plan of two lots labelled No. One and Two, with dimensions and orientation marks. Abuts 10-foot-wide passageway; note indicates passageway to be kept open for light and air. Boundaries are outlined in red and hatching.",,Suffolk Unindexed Plan Bk/Pg 770/220,"Wadsworth, Alexander; Wilson, Henry W. (Copied by Bell, F.C.)",,C-1739-P,,1 in = 10 ft,42.35762088,-71.0606,Survey Plan,1,,1,16 x 9.5,Pencil on trace,Edge damage. ,,,,,,,,,,,,,,,,,,,,,,,,,,,,,,,,,,,,,,,,,,,,,,,,,,,,,,,,,,,,,,,,,,,,,,,,,,,,,,,,,,,,,,,,,,,,,,,,,,,,
Perkins_W73_C1740,,"Boston, MA","Copy of S. P. Fuller's Plan dated March 29, 1824]",1829-03-29 (Copied 1892-09-15),,"Boylston; Hubbard; Brewer, Thomas; Sprerr, Josiah",Common Street [Tremont Street],"Plan of two lots with dimensions and sf. One lot abuts brick house with window and eaves. Original notation for Common Street annotated to say ""Now Tremont Street.""",Portions of Tremont Street were renamed Common in 1836.,Suffolk Unindexed Plan Bk/Pg 340/154,"Fuller, Stephen P. (Copied by C.L.H.)",,C-1740-P,,1 in = 20 ft,42.35660212,-71.0612,Survey Plan,1,,1,10 x 13.5,Pencil on trace,Buckling. Edge damage.,,,,,,,,,,,,,,,,,,,,,,,,,,,,,,,,,,,,,,,,,,,,,,,,,,,,,,,,,,,,,,,,,,,,,,,,,,,,,,,,,,,,,,,,,,,,,,,,,,,,
Perkins_W73_C1741,,"Charlestown (Boston, MA)",Copy of Part of Plan L1999 - City Survey],1884-11-17 (Copied),,"Cushing, Nathan",Benedict Street [Defunct]; Brown Court [Defunct]; Lawrence Street,Plan of portion of city block with 6-7 lots. Displays dimensions.,Section of Lawrence Street shown on the plan has been replaced by a mall.,,Boston City Surveyor Office (Copied),,C-1741-P,,1 in = 100 ft,42.3753837,-71.0658,Survey Plan,1,,1,14.5 x 11.5,Pencil on trace,Buckling. Edge damage.,,,,,,,,,,,,,,,,,,,,,,,,,,,,,,,,,,,,,,,,,,,,,,,,,,,,,,,,,,,,,,,,,,,,,,,,,,,,,,,,,,,,,,,,,,,,,,,,,,,,
Perkins_W73_C1742,,"Boston, MA",Copy of Part of Plan CC63 - Tremont Street],1865-11-25 (Copied 1892-09-20),,Metropolitan Railroad,Boston Common; Mason Street; Temple Place; Tremont Street; West Street,"Street plan showing layout along two blocks facing the Boston common with railroad lines and dimensions of street widths and tree locations. Dimensions of fronts of lots in purple pen. Later note says that ""C.C. Parkins says this is the line of Tremont St. not yet defined and shows the line of old fence bases.""",Shows Mason Street as extending onto Tremont Street (this section of Mason since obliterated).,,Boston City Surveyor Office (Copied),,C-1742-P,,1 in = 40 ft,42.35435232,-71.0637,Survey Plan,1,,1,23 x 9.5,Pencil on trace,,,,,,,,,,,,,,,,,,,,,,,,,,,,,,,,,,,,,,,,,,,,,,,,,,,,,,,,,,,,,,,,,,,,,,,,,,,,,,,,,,,,,,,,,,,,,,,,,,,,,
Perkins_W73_C1743,,"Jamaica Plain (Boston, MA)",[Untitled - Centre Street and Parker Street],1889-05-17 (Copied 1892-10-12),,"Lowell, R.A.; Murry",Centre Street; Parker Street,Plan showing 3 lots with dimensions and sf. Note indicates original of plan left at Registry of Deeds.,"Stretch of Parker Street shown no longer intersects with Centre Street, now is Lamartine Street.",,"Garbett & Wood (Copied by Bell, A.C.)",,C-1743-P,,1 in = 50 ft,42.32289806,-71.1016,Survey Plan,1,,1,9.5 x 11,Pencil on trace,Edge damage. ,,,,,,,,,,,,,,,,,,,,,,,,,,,,,,,,,,,,,,,,,,,,,,,,,,,,,,,,,,,,,,,,,,,,,,,,,,,,,,,,,,,,,,,,,,,,,,,,,,,,
Perkins_W73_C1744,,"Wakefield, MA","Copy of Portion of plan marked Plan of the Nash Farm in Wakefield and Stoneham belonging to Nutter & Boynton of Boston, Mass.",1885-02-01 (Copied),Nutter & Boynton,Barrett,Spring Street,"Subdivision plan showing 9 lots with dimensions and sf bisected by two streets. Notes refer to plot 1784 and figures on ""Mead plan.""",,Middlesex South Unindexed Plan Bk/Pg 45/51,"Mead, Franklin",,C-1744-P,,1 in = 100 ft,42.47568284,-71.0743,Survey Plan,1,,1,24 x 14.5,Ink on vellum,Edge damage. Holes,,,,,,,,,,,,,,,,,,,,,,,,,,,,,,,,,,,,,,,,,,,,,,,,,,,,,,,,,,,,,,,,,,,,,,,,,,,,,,,,,,,,,,,,,,,,,,,,,,,,
Perkins_W73_C1745,Dorchester Neck,"South Boston (Boston, MA)","[Copy of Part of Plan at Park Commissioners marked as follows: Plan of Land in the City of Boston, Mass. Taken Apr. 30 1890 for Park under Chapter 185 of the Act of 1885.",1890-04-30 (Copied 1892-09-26),"Bellows, A.F., heirs; Hall, Dexter A.; Hankey, Anthony",,P Street; Q Street [Farragut Road]; Sixth Street,Block layout showing lots of 3 occupants with dimensions and building footprints. Displays harbor line and boundary line for taking of land that was eventually extended to current day Columbia Boulevard and William J. Day Boulevard.,,,(Copied by J.M.),,C-1745-P,,1 in = 50 ft,42.33327657,-71.026,Survey Plan,1,,1,16 x 16.5,Pencil on vellum,Buckling. Creases. Edge damage.,,,,,,,,,,,,,,,,,,,,,,,,,,,,,,,,,,,,,,,,,,,,,,,,,,,,,,,,,,,,,,,,,,,,,,,,,,,,,,,,,,,,,,,,,,,,,,,,,,,,
Perkins_W73_C1746,Chauncy and Rowe Streets / Avenue de Lafayette,"Boston, MA",[Copy of Part of Plan in City Surveyors Office - L 2203],1890-01-10 (Copied 1892-09-27),"Church, Henry A.; Hemenway, Charles P., trustees; Joy, John D.W.; Nevins David and Henry C.; Potter, Robert K., heirs.",,Chauncy Street; Essex Street; Exeter Place [Avenue de Lafayette]; Harrison Avenue; Oxford Street; Rowe Place [Avenue de Lafayette],Block layout showing 6 lots spread over 2 blocks. Dimensions and sf provided for widths of Chauncy Street and sections of street abutting building lots. Some lots are hatched; note indicates where on original drawing hatching was done in red or yellow. Note indicates the widening of Chauncy Street between Summer and Essex Streets according to this plan passed the Board of Street Commissioners Jan 20th 1890 but failed to pass the City Council.,,,(Copied by C.L.H.),,C-1746-P,,1 in = 20 ft,42.35305238,-71.0607,Survey Plan,1,,1,24.5 x 17,Pencil on trace,Edge damage. ,,,,,,,,,,,,,,,,,,,,,,,,,,,,,,,,,,,,,,,,,,,,,,,,,,,,,,,,,,,,,,,,,,,,,,,,,,,,,,,,,,,,,,,,,,,,,,,,,,,,
Perkins_W73_C1747,Chauncy and Rowe Streets / Avenue de Lafayette,"Boston, MA","[Untitled - Rowe Street, now Chauncy Street]",Not identified,,Brooks; Church; Hall & Adams,Rowe Street [Chauncy Street],"Plan of two lots labelled A and B, inserted within other lots. Plan is undated but notation ""now Chauncy Street is in red ink (later addition)","The church referenced probably was the Rowe Street Church, which eventually became the Clarendon Baptist Church.",Suffolk Unindexed Plan Bk/Pg 561/48,(Copied),,C-1747-P,,Scale not given,42.35305238,-71.0607,Survey Plan,1,,1,14 x 8,Pencil on trace,Edge damage. ,,,,,,,,,,,,,,,,,,,,,,,,,,,,,,,,,,,,,,,,,,,,,,,,,,,,,,,,,,,,,,,,,,,,,,,,,,,,,,,,,,,,,,,,,,,,,,,,,,,,
Perkins_W73_C1748,Chauncy and Rowe Streets / Avenue de Lafayette,"Boston, MA",[Untitled - Copy of Plan of Chauncy Street at Rowe Place],1890-01-10 (Copied 1892-10-25),"Church, Henry A.; Hemenway, Charles P., trustees; Joy, John D.W.",,Chauncy Street; Essex Street; Exeter Place [Avenue de Lafayette]; Harrison Avenue; Odford Street; Rowe Place [Avenue de Lafayette],"Block layout showing 6 lots spread over 2 blocks. Dimensions and sf provided for widths of Chauncy Street and sections of street abutting building lots. Some lots are hatched. Large red letters state ""NOT ADOPTED.""",See drawing C-1747-P,,"(Copied by Bell, F.C.)",,C-1748-P,,1 in = 20 ft,42.35305238,-71.0607,Survey Plan,1,,1,24 x 19,Pencil on trace,Edge damage. ,,,,,,,,,,,,,,,,,,,,,,,,,,,,,,,,,,,,,,,,,,,,,,,,,,,,,,,,,,,,,,,,,,,,,,,,,,,,,,,,,,,,,,,,,,,,,,,,,,,,
Perkins_W74_C1749,Dorchester Neck,"South Boston (Boston, MA)","Copy of Part of Plan of Neponset River and Part of Dorchester Bay showing Harbor lines proposed by the Commission, 1854",1854-01-01 (Copied ?-9-27),,,P Street; Q Street [Farragut Road]; Fourth Street; Fifth Street; Sixth Street,"Section of plan showing street grid, shore line, and harbor line. Lists names of commissioners.",Full plan is in Leventhal Map Collection: https://collections.leventhalmap.org/search/commonwealth:1257bb16b,,"Bradley, W. H. (Copied by J.M.)",Boston Harbor Commissioner,C-1749-P,,1 in = 500 ft,42.33327657,-71.026,Survey Plan,1,,1,18 x 11.5,Pencil on vellum,Edge damage. Crease.,,,,,,,,,,,,,,,,,,,,,,,,,,,,,,,,,,,,,,,,,,,,,,,,,,,,,,,,,,,,,,,,,,,,,,,,,,,,,,,,,,,,,,,,,,,,,,,,,,,,
Perkins_W74_C1750,,"Boston, MA",Plan of the Arsenal Estate,1853-08-06 (Copied 1893-01-18),,"Block, A.F.; Dexter, Louisa; Field, Joseph, estate of; Paine, John T.; Pfaff, Charles; Phillips, estate of; Rohan, Edward; Walker, William",Pleasant Street [Park Street South],"Subdivision plan showing 8 lots numbered 1 thru 9 with dimensions, sf, and footprint of building fronts.","The estate was the focus of an 1892 legal dispute, Jackson versus Stevenson, which featured the original plan. (http://masscases.com/cases/sjc/156/156mass496.html)",Suffolk Unindexed Plan Bk/Pg 651/999,"Chesbrough, E.S., city engineer (Copied by C.L.H.)",,C-1750-P,,1 in = 20 ft,42.35179328,-71.067,Survey Plan,1,,1,9.5 x 14.5,Pencil on trace,Buckling. Edge damage.,,,,,,,,,,,,,,,,,,,,,,,,,,,,,,,,,,,,,,,,,,,,,,,,,,,,,,,,,,,,,,,,,,,,,,,,,,,,,,,,,,,,,,,,,,,,,,,,,,,,
Perkins_W74_C1751,,"Boston, MA",[Untitled - Causeway Street],(Copied 1893-02-25),,,Causeway Street; Leverett Street; Prospect Street [Defunct]; Staniford Street; Wall Street [Defunct],Plan of street layout possibly lines which represent railroad tracks. Note indicates copied from City Engineer's office.,,,(Copied by H.M.),Boston City Engineers Office,C-1751-P,,1 in = 50 ft,42.36394527,-71.0636,Survey Plan,1,,1,7.5 x 9,Pencil on trace,Buckling. Edge damage.,,,,,,,,,,,,,,,,,,,,,,,,,,,,,,,,,,,,,,,,,,,,,,,,,,,,,,,,,,,,,,,,,,,,,,,,,,,,,,,,,,,,,,,,,,,,,,,,,,,,
Perkins_W74_C1752,,"Boston, MA",[Untitled - Washington & Winter Streets],1877-08-02 (Copied 1893-02-13),,"Copenhagen, Arnold; Ditson, Oliver",Jackson Street; Washington Street; Winter Street,Plan showing three lots with dimensions and sf; boundaries are hatched and outlined in red pencil. Note indicates a true copy of registry version.,,Suffolk Unindexed Plan Bk/Pg 1393/143,"Wadsworth, Alexander (Copied by C.L.H.)",,C-1752-P,,1 in = 10 ft,42.35545585,-71.0606,Survey Plan,1,,1,9 x 14,Pencil on trace,Buckling. Edge damage.,,,,,,,,,,,,,,,,,,,,,,,,,,,,,,,,,,,,,,,,,,,,,,,,,,,,,,,,,,,,,,,,,,,,,,,,,,,,,,,,,,,,,,,,,,,,,,,,,,,,
Perkins_W74_C1753,,"Boston, MA",[Untitled - Washington & Winter Streets],1872-04-20 (Copied 1893-02-13),"Richards, Rebecca G.","Copenhagen, Arnold",Jackson Street; Washington Street; Winter Street,Plan showing three lots with dimensions and sf; boundaries are hatched and outlined in red pencil. Note indicates a true copy of registry version.,,Suffolk Unindexed Plan Bk/Pg 1117/36,"Wadsworth, Alexander (Copied by Bell, F.C.)",,C-1753-P,,1 in = 10 ft,42.35545585,-71.0606,Survey Plan,1,,1,8.5 x 11,Pencil on trace,Edge damage. ,,,,,,,,,,,,,,,,,,,,,,,,,,,,,,,,,,,,,,,,,,,,,,,,,,,,,,,,,,,,,,,,,,,,,,,,,,,,,,,,,,,,,,,,,,,,,,,,,,,,
Perkins_W74_C1754,,"Boston, MA","[Plan of Lands, Broad, Batterymarch and Hamilton Streets]",1852-10-29 (Copied 1893-04-11),,,Batterymarch Street; Broad Street; Hamilton Street [Batterymarch Street],Plan showing three lots with dimensions and sf. Copier's notes indicated etched lines represent red lines and content in parentheses represent red letters.,,Suffolk Unindexed Plan Bk/Pg 640/78,"Walling, Henry Francis (Copied by C.L.H.)",,C-1754-P,,1 in = 10 ft,42.35755007,-71.0536,Survey Plan,1,,1,9.5 x 14,Pencil on trace,Buckling. Edge damage.,,,,,,,,,,,,,,,,,,,,,,,,,,,,,,,,,,,,,,,,,,,,,,,,,,,,,,,,,,,,,,,,,,,,,,,,,,,,,,,,,,,,,,,,,,,,,,,,,,,,
Perkins_W74_C1755,Boston Harbor Wharves,"South Boston Waterfront (Boston, MA)",[Untitled - Sea Street],1852-11-22 (Copied 1893-02-24),City of Boston,"Bliss, Levi; Piper, S.; Richardson, D.",Sea Street [Atlantic Avenue at Essex Street],"Plan showing dimensions and sf of street frontage for two lots. One lot is labelled as pipe yard belonging to the City of Boston. One line is labelled as being in red, representing line of widening.","According to documents of the City of Boston, land was acquired for a pipe yard in the early 1850s. Shown on 1874 Hopkins Atlas.",,"Chesbrough, E.S., city engineer (Copied by C.L.H.)",,C-1755-P,,1 in = 10 ft,42.35237954,-71.056,Survey Plan,1,,1,14 x 7.5,Pencil on trace,,,,,,,,,,,,,,,,,,,,,,,,,,,,,,,,,,,,,,,,,,,,,,,,,,,,,,,,,,,,,,,,,,,,,,,,,,,,,,,,,,,,,,,,,,,,,,,,,,,,,
Perkins_W74_C1756,Boston Harbor Wharves,"South Boston Waterfront (Boston, MA)",Plan of Land of heirs of Moses & Mary Wallack sold to N. Piper,1841-10-18 (Copied 1893-02-24),,"Wallack, Moses; Piper, N.",Sea Street [Atlantic Avenue at Essex Street],Lot plan showing dimensions and sf. Note indicates coped registry.,,,"Higginson, Waldo (Copied by C. L. H.)",,C-1756-P,,1 in = 20 ft,42.35237954,-71.056,Survey Plan,1,,1,10 x 12.5,Pencil on trace,Edge damage. ,,,,,,,,,,,,,,,,,,,,,,,,,,,,,,,,,,,,,,,,,,,,,,,,,,,,,,,,,,,,,,,,,,,,,,,,,,,,,,,,,,,,,,,,,,,,,,,,,,,,
Perkins_W74_C1757,,"Boston, MA","Plan of an estate belonging to the City of Boston; to be sold by Public Auction on Thursday, April 23, 1891 at 12 o'clock on the premises by order of the Boston Water Board",1891-04-07 (Copied),City of Boston Water Board,"Francis, Ebenezer, estate of; Hecht, J.H.; Richardson, Thomas F.; Roth, Bridget",Federal Street; Linwood Place [Defunct]; Waverly Place [Defunct],Lot plan showing dimensions and sf. Boundaries and outlines of wooden sheds and brick buildings are hatched; one brick building features covered passageway.,,,"Davis, Thomas, city surveyor (Copied)","Morse, L. Foster (Auctioneer)",C-1757-P,,1 in = 8 ft,42.35237954,-71.056,Auctioneer's Plan,1,,1,24 x 19,Pencil on trace,,,,,,,,,,,,,,,,,,,,,,,,,,,,,,,,,,,,,,,,,,,,,,,,,,,,,,,,,,,,,,,,,,,,,,,,,,,,,,,,,,,,,,,,,,,,,,,,,,,,,
Perkins_W74_C1758,,"Boston, MA","Untitled - Copy of Plan for Edw. I. Browne, Trustee of Francis Estate",1880-12-23 (Copied 1893-03-03),"Francis, Ebenezer, Estate of","Bliss, Levi, heirs of; Boston, City of",South Street,"Lot plan showing dimensions and sf of two lots; smaller lot indicates ""taken for widening."" Note says copy of plan at J.F.F.'s #818 F+W.",,,(Copied by W.N.T.),,C-1758-P,,1 in = 8 ft,42.35237954,-71.056,Survey Plan,1,,1,20 x 24,Pencil on trace,Edge damage. ,,,,,,,,,,,,,,,,,,,,,,,,,,,,,,,,,,,,,,,,,,,,,,,,,,,,,,,,,,,,,,,,,,,,,,,,,,,,,,,,,,,,,,,,,,,,,,,,,,,,
Perkins_W74_C1759,,"Boston, MA",[Untitled - Merrimac Street at Market Street],1828-01-01 (Copied),,"Heath, Vinal; Weld",Market Street; Merrimac Street; Portland Street,Subdivision plan showing 8 lots numbered 1 thru 8 with dimensions; shows passageway. Note indicates compared with registry plan and differences shown thus.,,,"Wadsworth, Alexander (Copied by C.L.H.)",,C-1759-P,,1 in = 12 ft,42.36287733,-71.0601,Survey Plan,1,,1,19 x 13,Pencil on trace,Edge damage. Stain.,,,,,,,,,,,,,,,,,,,,,,,,,,,,,,,,,,,,,,,,,,,,,,,,,,,,,,,,,,,,,,,,,,,,,,,,,,,,,,,,,,,,,,,,,,,,,,,,,,,,
Perkins_W74_C1760,,"North End (Boston, MA)",[Untitled - Charlestown Street],1853-01-27 (Copied 1893-04-22),,"Fletcher, William; Kittridge; Patten",Charlestown Street [North Washington Street],"Lot plan showing two lots with dimensions. Both lots are labelled ""Store."" Note indicates copied from registry.",Exact location on Charlestown Street is unclear.,Suffolk Unindexed Plan Bk/Pg 642/210,"Wadsworth, Alexander (Copied by H.M.)",,C-1760-P,,1 in = 10 ft,42.36440342,-71.0581,Survey Plan,1,,1,9 x 17.5,Pencil on trace,,,,,,,,,,,,,,,,,,,,,,,,,,,,,,,,,,,,,,,,,,,,,,,,,,,,,,,,,,,,,,,,,,,,,,,,,,,,,,,,,,,,,,,,,,,,,,,,,,,,,
Perkins_W74_C1761,Brookline Gas Light Company,"Allston (Boston, MA)","Plan of Land in Allston sold by Isaac Pratt, Jr., to The Brookline Gas Light Co.",1893-03-01 (Copied 1892-03-10),"Brookline Gas Light Co.; Pratt, Isaac, Jr.","Colby, Patrick",Cambridge Street; Charles River,"Plan showing lot with dimensions and sf and a dashed line through middle of lot. Notes indicates partition plan is recorded in Suffolk Registry, was copied at Brookline Gas Company's offices, and references a deed line from Windom Street.",Windom Street was laid out in 1892. Isaac Pratt was a wealthy iron dealer.,Suffolk Unindexed Plan Bk/Pg 1881/592,"Mason, W.A. (Copied by C.L.H.)",,C-1761-P,,1 in = 60 ft,42.36031352,-71.1179,Survey Plan,1,,1,24 x 14,Pencil on trace,Edge damage. ,,,,,,,,,,,,,,,,,,,,,,,,,,,,,,,,,,,,,,,,,,,,,,,,,,,,,,,,,,,,,,,,,,,,,,,,,,,,,,,,,,,,,,,,,,,,,,,,,,,,
Perkins_W74_C1762_A,,"Boston, MA",[Untitled - Chestnut Hill and Willow Street],1892-04-28 (Copied),"Parker, Charles H.; Shelton, Charles P., trustee; Stanwood, Caroline",,Chestnut Street; Willow Street,Plan showing the sidewalk front of three townhouses with overall dimensions and outlines of building stoops. Notes indicate that plan relates to installation of a fence on side and involved the city surveyor (drawing indexed E. 503) and copy of the plan was loaned by Robert Derrick of 40 Water Street. Smaller plan (C-1762-b-P) has been taped to the plan.,,,"Moses, H.M. (Copied)",,C-1762-A-P,,1 in = 4 ft,42.3574149,-71.0682,Survey Plan,1,,1,23.5 x 11,Pencil on trace,Buckling. Edge damage.,,,,,,,,,,,,,,,,,,,,,,,,,,,,,,,,,,,,,,,,,,,,,,,,,,,,,,,,,,,,,,,,,,,,,,,,,,,,,,,,,,,,,,,,,,,,,,,,,,,,
Perkins_W74_C1762_B,,"Boston, MA","Copy of Portion of Plan E 503, City Hall Surveyor",1892-12-22 (Copied),"Higgins, J. J.; Parker, Charles H.; Stanwood, Caroline; Upham, J. B.",,"31, 35, 37 Chestnut Street; Willow Street",Variant of C-1762-a-P but showing 4 townhouses and slightly different owners and displays line of street and street numbers. Building facades shaded in red pencil. Is taped onto plan C-1762-A-P).,,,(Copied),,C-1762-B-P,,1 in = 20 ft,42.3574149,-71.0682,Survey Plan,1,,1,9 x 3,Pencil on trace,Edge damage. Stain.,,,,,,,,,,,,,,,,,,,,,,,,,,,,,,,,,,,,,,,,,,,,,,,,,,,,,,,,,,,,,,,,,,,,,,,,,,,,,,,,,,,,,,,,,,,,,,,,,,,,
Perkins_W74_C1763,,"Boston, MA",[Untitled - Washington and Waltham Streets],1867-05-14 (Copied 1892-12-29),,"Packard; Cumston, William",Waltham Street; Washington Street,Subdivision plan showing five lots numbered 1 thru 5. Displays sf and dimensions. Boundaries outlined in red pencil. Indicates taken from Suffolk Deed #900-258.,,,"Wadsworth, Alexander (Copied by C.L.H.)",,C-1763-P,,1 in = 20 ft,42.34177106,-71.0688,Survey Plan,1,,1,9.5 x 14,Pencil on trace,Edge damage. ,,,,,,,,,,,,,,,,,,,,,,,,,,,,,,,,,,,,,,,,,,,,,,,,,,,,,,,,,,,,,,,,,,,,,,,,,,,,,,,,,,,,,,,,,,,,,,,,,,,,
Perkins_W74_C1764,,"Boston, MA",[Untitled - Washington and Waltham Streets],1868-04-18 (Copied 1892-12-27),,"Brown, S.A. et al, trustees; Cumston, William; Fitch, Joseph; Lobdell",Waltham Street; Washington Street,Subdivision plan showing six lots numbered 1 thru 6 with passageways abutting one side and rear. Displays sf and dimensions. Boundaries outlined in red pencil. Indicates taken from Suffolk Deed ,"Site may have been or else abutted the Washingtonian Home (41 Washington Street), a noted treatment center for ""insobriety."" William Cumston was an owner of Hallet & Cumston Piano Facatory, located in a converted gasometer.",Suffolk Unindexed Plan Bk/Pg 996/20,"Wadsworth, Alexander (Copied by C.L.H.)",,C-1764-P,,1 in = 20 ft,42.34177106,-71.0688,Survey Plan,1,,1,9.5 x 14,Pencil on trace,Edge damage. ,,,,,,,,,,,,,,,,,,,,,,,,,,,,,,,,,,,,,,,,,,,,,,,,,,,,,,,,,,,,,,,,,,,,,,,,,,,,,,,,,,,,,,,,,,,,,,,,,,,,
Perkins_W74_C1765,,"Cambridge, MA",[Untitled - Main Street],1872-11-22 (Copied 1893-03-14),,"Cook, Josiah W.; Hosmer, estate of",Main Street,Lot plan showing long sliver of property with dimensions and sf. Note indicates copied from Mr. Bancroft's book.,Location appears to be on section of Massachusetts Avenue that previously was part of Main Street.,Middlesex South Unindexed Deed Bk/Pg 1276/422,"Mason, W.A. (Copied)",,C-1765-P,,1 in = 10 ft,42.36482941,-71.1021,Survey Plan,1,,1,13.5 x 6.5,Pencil on vellum,,,,,,,,,,,,,,,,,,,,,,,,,,,,,,,,,,,,,,,,,,,,,,,,,,,,,,,,,,,,,,,,,,,,,,,,,,,,,,,,,,,,,,,,,,,,,,,,,,,,,
Perkins_W74_C1766,Brighton & Poplar Streets,"Boston, MA",[Untitled - Copy of Part of Plan - Brighton and Poplar Streets],1867-01-04 (Copied),,,Brighton Street [Defunct]; Poplar Street [Defunct],Lot plan showing two lots with dimensions and outlines of brick houses. Outlines shown for entire block. Notations reference deeds or other documents.,Streets have been removed; nearest street is Emerson Place. Original plan filed in Registry extends to Boston Harbor.,Suffolk Unindexed Plan Bk/Pg 897/999,"Wadsworth, Alexander (Copied)",,C-1766-P,,1 in = 80 ft,42.36488325,-71.0686,Survey Plan,1,,1,7.5 x 9.5,Pencil on trace,,,,,,,,,,,,,,,,,,,,,,,,,,,,,,,,,,,,,,,,,,,,,,,,,,,,,,,,,,,,,,,,,,,,,,,,,,,,,,,,,,,,,,,,,,,,,,,,,,,,,
Perkins_W74_C1767,Chauncy and Rowe Streets / Avenue de Lafayette,"Boston, MA",[Untitled - Copy of Survey - Essex Street and Rowe Pasture],1827-08-03 (Copied 1893-03-04),,Francis; Luddon; Simmonds,Essex Street; Rowe Place [Avenue de Lafayette],Subdivision plan showing 6 lots numbered 1 through 6 with dimensions and sf.,,,"Fuller, Stephen P. (Copied by C.L.H.)",,C-1767-P,,1 in = 20 ft,42.35305238,-71.0607,Survey Plan,1,,1,10 x 7.5,Pencil on trace,Edge damage. ,,,,,,,,,,,,,,,,,,,,,,,,,,,,,,,,,,,,,,,,,,,,,,,,,,,,,,,,,,,,,,,,,,,,,,,,,,,,,,,,,,,,,,,,,,,,,,,,,,,,
Perkins_W74_C1768,Chauncy and Rowe Streets / Avenue de Lafayette,"Boston, MA",Copy of Part of Plan in City Surveyors Office - M 293,1872-03-28 (Copied 1893-02-28),,,Rowe Place [Avenue de Lafayette],"Subdivision plan showing 8 blocks with dimensions and sf, outlined in red pencil. Additional lots show building footprints. Several drawing areas state: More house lots here; also on plan C-231.",,,"Wadsworth, Alexander (Copied)",,C-1768-P,,1 in = 20 ft,42.35305238,-71.0607,Survey Plan,1,,1,17 x 15,Pencil on trace,Edge damage. ,,,,,,,,,,,,,,,,,,,,,,,,,,,,,,,,,,,,,,,,,,,,,,,,,,,,,,,,,,,,,,,,,,,,,,,,,,,,,,,,,,,,,,,,,,,,,,,,,,,,
Perkins_W74_C1769,,"Boston, MA",Copy of Plan of land belonging to Boston Water Power,1857-09-01 (Copied 1858-10-27),Boston Water Power Company,"Guild, E.H.; Parkman, M.E.; Peters, George H.",Boylston Street; Providence Street; Public Gardens,Subdivision plan showing lot. Only abutters display lot dimensions. Extension of Boylston Street labelled Avenue 2.,,,"Henck, J.B. (Copied by W.W. Whitwell)",,C-1769-P,,1 in = 40 ft,42.35171047,-71.0708,Survey Plan,1,,1,13.5 x 8.5,Pencil on trace,Buckling. Edge damage.,,,,,,,,,,,,,,,,,,,,,,,,,,,,,,,,,,,,,,,,,,,,,,,,,,,,,,,,,,,,,,,,,,,,,,,,,,,,,,,,,,,,,,,,,,,,,,,,,,,,
Perkins_W74_C1770,,"Boston, MA",[Untitled - Boylston and Providence Streets],1857-05-27 (Copied),,Burnham,Boylston Street; Providence Street,"Lot plan showing single lot with dimensions and sf. Notes say ""Wilson's copy"" and ""Probably May 27 has been erased.""",,Suffolk Unindexed Plan Bk/Pg 742/280,"Henck, J.B. (Copied)",,C-1770-P,,1 in = 15 ft,42.35171047,-71.0708,Survey Plan,1,,1,7 x 13.5,Pencil on trace,,,,,,,,,,,,,,,,,,,,,,,,,,,,,,,,,,,,,,,,,,,,,,,,,,,,,,,,,,,,,,,,,,,,,,,,,,,,,,,,,,,,,,,,,,,,,,,,,,,,,
Perkins_W74_C1771,,"Boston, MA",[Untitled - Washington and Waltham Streets],1868-04-18 (Copied 1892-12-29),,"Haskell, estate of, Brown, Eaton, trustees; Lobdell",Waltham Street; Washington Street,Lot plan showing lot divided by a passageway. Displays dimensions and sf. Some property borders outlined in red. Contains additional calculations.,"Per urban atlases, lot was located at the end of the ""Continental Block.""",Suffolk Unindexed Plan Bk/Pg 996/20,"Wadsworth, Alexander (Copied by C.L.H.)",,C-1771-P,,1 in = 20 ft,42.34177106,-71.0688,Survey Plan,1,,1,10 x 15,Pencil on trace,Edge damage. ,,,,,,,,,,,,,,,,,,,,,,,,,,,,,,,,,,,,,,,,,,,,,,,,,,,,,,,,,,,,,,,,,,,,,,,,,,,,,,,,,,,,,,,,,,,,,,,,,,,,
Perkins_W74_C1772,,"Boston, MA",[Untitled - Washington and Waltham Streets],1863-10-10 (Copied 1892-12-29),,"Selden & Binnse; White, B.C.",Waltham Street; Washington Street,Lot plan showing three lots. Displays dimensions and sf. Two lots outlined in red.,,Suffolk Unindexed Plan Bk/Pg 834/236,"Wadsworth, Alexander (Copied by C.L.H.)",,C-1772-P,,1 in = 20 ft,42.34177106,-71.0688,Survey Plan,1,,1,9.5 x 14,Pencil on trace,Edge damage. ,,,,,,,,,,,,,,,,,,,,,,,,,,,,,,,,,,,,,,,,,,,,,,,,,,,,,,,,,,,,,,,,,,,,,,,,,,,,,,,,,,,,,,,,,,,,,,,,,,,,
Perkins_W74_C1773,,"Boston, MA",[Untitled - Merchants Row],1846-01-10 (Copied 1893-02-07),,"Greenough, David, heirs; Goddard, Jonathan, formerly Hubbart, John.",Merchants Row; Butler Row [Butler Square],"Copy of plan showing outline of brick store, safes, and coal hole, abutting passageway (Butler's Row). Displays dimensions and sf. Property lines surrounded by dashed lines. Note indicates copied ""at office.""",,,"Wadsworth, Alexander (Copied by C.L.H.)",,C-1773-P,,1 in = 10 ft,42.35932551,-71.0555,Survey Plan,1,,1,10.5 x 9,Pencil on trace,,,,,,,,,,,,,,,,,,,,,,,,,,,,,,,,,,,,,,,,,,,,,,,,,,,,,,,,,,,,,,,,,,,,,,,,,,,,,,,,,,,,,,,,,,,,,,,,,,,,,
Perkins_W74_C1774,"Centre Street, JP","Jamaica Plain (Boston, MA)",[Untitled - Centre Street - Part of Plan L1758],1883-07-28 (Copied 1892-04-04),,"Brewer, Gardner, heirs; Cramer, John, heirs; Johnson, John; Nawn, Owen; Surplus, Catherine and Patrick; Wisker, Justin",Bickford Street; Centre Street; Chestnut Avenue; Parker Street; Wyman Place,Street layout showing dimensions and sf and outlines of buildings. One side of Centre Street is shaded in red pencil as are selected building footprints. Note indicates copied at City Surveyors Office from plan dated 1894-11-10 and that items in purple ink were added wall marks in Jan. 1894.,,,(Copied),,C-1774-P,,1 in = 20 ft,42.3231851,-71.1041,Survey Plan,1,,1,26.5 x 9.5,Pencil on trace,Edge damage. ,,,,,,,,,,,,,,,,,,,,,,,,,,,,,,,,,,,,,,,,,,,,,,,,,,,,,,,,,,,,,,,,,,,,,,,,,,,,,,,,,,,,,,,,,,,,,,,,,,,,
Perkins_W74_C1775,,"North End (Boston, MA)",[Untitled - Hanover Street],1842-04-30 (Copied 1893-02-01),,"Shattuck, George C.",Hanover Street,"Plan showing three lots numbered 1 through 3 with dimensions. Lots display footprints of houses, sheds, and yards with an ""arched passage"" and abutted by 6-foot-wide passage. Note indicates copied at the Registry.","Based on urban atlases and Boston directories, lots may have been owned by George C. Shattuck at 152 - 158 Hanover Street (since demolished). Shattuck came from a noted family of physicians.",Suffolk Unindexed Plan Bk/Pg 487/236,"Lincoln, Ezra, Jr. (Copied)",,C-1775-P,,1 in = 10 ft,42.36208931,-71.0568,Survey Plan,1,,1,9.5 x 13.5,Pencil on trace,Edge damage. ,,,,,,,,,,,,,,,,,,,,,,,,,,,,,,,,,,,,,,,,,,,,,,,,,,,,,,,,,,,,,,,,,,,,,,,,,,,,,,,,,,,,,,,,,,,,,,,,,,,,
Perkins_W74_C1776,,"North End (Boston, MA)",[Untitled - Hanover Street and Portland Street],1852-03-17 (Copied 1893-04-05),,"American House; Binney, heirs; Boardman, heirs; Bruck; Utley, heirs",Hanover Street; Portland Street [Defunct],"Plan showing two lots with dimensions and sf. Shows outline of brick houses, sheds, arch, and ""Voluntary set back."" Lot outlines and select dimensions in red, per note added by Fuller & Whitney and copy made for W. Minot.",Located at section of Court Street that was subsequently replaced by Congress Street and Route 93. American House was a prominent 19th-century hotel and gathering place.,Suffolk Unindexed Plan Bk/Pg 1351/202,"Wadsworth, Alexander (Copied by C.L.H.)",,C-1776-P,,1 in = 10 ft,42.36186915,-71.0577,Survey Plan,1,,1,13 x 24,Pencil on trace,Edge damage. ,,,,,,,,,,,,,,,,,,,,,,,,,,,,,,,,,,,,,,,,,,,,,,,,,,,,,,,,,,,,,,,,,,,,,,,,,,,,,,,,,,,,,,,,,,,,,,,,,,,,
Perkins_W74_C1777,,"Boston, MA",[Untitled - Willow Street],1892-02-01 (Copied),,"Higgins, J.J., Shelton, George, Trustee; Stanwood, Caroline",Chestnut Street; Willow Street,Lot plan showing brick stable with dimensions and sf and abutting passageway and projecting elements. Lot displays hatched lines.,,Suffolk Unindexed Plan Bk/Pg 2050/166,Morton & Quimby (Copied by C.L.H.),,C-1777-P,,1 in = 4 ft,42.3574149,-71.0682,Survey Plan,1,,1,10.5 x 13.5,Pencil on trace,Edge damage. ,,,,,,,,,,,,,,,,,,,,,,,,,,,,,,,,,,,,,,,,,,,,,,,,,,,,,,,,,,,,,,,,,,,,,,,,,,,,,,,,,,,,,,,,,,,,,,,,,,,,
Perkins_W74_C1778,,"Boston, MA",[Untitled - Washington Street],1874-03-14 (Copied 1893-02-08),,,"Kneeland Place [Monsignor Shea Road]; 550, 552, 554 Washington Street [1 Washington Street]","Lot plan showing several lots and passageway with dimensions and sf. Displays facsimile of stamp for Ernest W. Bowditch, civil and topographical engineer.",,,"Bowditch, Ernest (Copied by W.N.T.)",,C-1778-P,,1 in = 40 ft,42.35076443,-71.063,Survey Plan,1,,1,10 x 8,Pencil on trace,Edge damage. ,,,,,,,,,,,,,,,,,,,,,,,,,,,,,,,,,,,,,,,,,,,,,,,,,,,,,,,,,,,,,,,,,,,,,,,,,,,,,,,,,,,,,,,,,,,,,,,,,,,,
Perkins_W74_C1779,Boston Harbor Wharves,"South Boston Waterfront (Boston, MA)",Copy of Plan of Land on Sea Street belonging to Solomon Piper,1857-01-06 (Copied 1893-02-11),"Piper, Solomon",,Federal Street [Atlantic Avenue]; Sea Street [Defunct],"Plan showing 4 lots labelled A thru D and displaying dimensions and sf. Lots display multiple calculations from various reference lines; Lots B, C, D outlined in blue. Note indicates that plan was marked as land by Jacob Hecht.","Plan located on section of former Federal Street, now Atlantic Avenue. Per urban atlases, Piper owned land on both sides of street, including Piper's wharf. See plan in LMEC collection https://collections.leventhalmap.org/search/commonwealth:9s161h60j, showing lots in Piper's estate for auction. Piper was a well-known Boston merchant.",,"Notting, Samuel? (Copied by Johnson)",,C-1779-P,,1 in = 20 ft,42.35237954,-71.056,Survey Plan,1,,1,17 x 12,Pencil on trace,,,,,,,,,,,,,,,,,,,,,,,,,,,,,,,,,,,,,,,,,,,,,,,,,,,,,,,,,,,,,,,,,,,,,,,,,,,,,,,,,,,,,,,,,,,,,,,,,,,,,
Perkins_W74_C1780,,"Cambridge, MA",Copy of Part of Plan C-17,1893-03-26 (Copied),,,Bay Street; Green Street; Hancock Street; Main Street {Massachusetts Avenue],"Plan of block showing multiple lots, some with dimensions and sf and building footprints. One lot appears to be template for a subdivision and is labelled No. 362. Note indicates copied from a plan at Cambridge City Hall.",,,JM (?) (Copied),"Cambridge, City of",C-1780-P,,Scale not given,42.36843337,-71.1097,Survey Plan,1,,1,15.5 x 12,Pencil on trace,Buckling. Edge damage.,,,,,,,,,,,,,,,,,,,,,,,,,,,,,,,,,,,,,,,,,,,,,,,,,,,,,,,,,,,,,,,,,,,,,,,,,,,,,,,,,,,,,,,,,,,,,,,,,,,,
Perkins_W74_C1781,,"Brookline, MA",Copy of Brookline: Jacob W. & Mary B. Pierces Lots on Pipe Route,1870-01-31 (Copied 1892-01-12),"Pierce, Jacob W. & Mary B.","Began, Joseph; Dance, Charles, heirs; Fisher, Francis K.; Boston Hartford & Erie Railroad, Woonsocket Division",[Clinton Road]; [Fisher Avenue],"Plan showing 4 lots labelled 1 thru 4 and displaying dimensions and sf. 3 lots outlined in red, one is shaded in blue and straddles railroad line. Note states is copy for ___ & Thorndike.","Per Norfolk Registry of Deeds Book - Page 391-283, surveyor Wightman was engineer at Chestnut Hill Reservoir. The reference to a pipe route may refer to transfer of land from Pierce to City of Boston related to water supply. Jacob Pierce was one of several landowners who developed Fisher Hill with Frederick Law Olmsted in the 1880s.",Norfolk - multiple plans under owner's names of Pierce and Fisher,"Wightman, Henry M. (Copied)",,C-1781-P,,1 in = 80 ft,42.33578869,-71.1432,Survey Plan,1,,1,16.5 x 12,Pencil on vellum,Edge damage. Crease. Discoloration (burn marks).,,,,,,,,,,,,,,,,,,,,,,,,,,,,,,,,,,,,,,,,,,,,,,,,,,,,,,,,,,,,,,,,,,,,,,,,,,,,,,,,,,,,,,,,,,,,,,,,,,,,
Perkins_W74_C1782,,"Boston, MA","Copy of Part of Plan of Land in the City of Boston taken April 30, 1890 for a park under Chapter 185, Act of 1875",1890-04-30 (Copied1892-12-13),,"Binney, Henry P.; Boston, City of; Briggs, John; Clarke, Caroline H.; Coe, Annie; Leukhardt, Rosina; Palmer, Mary; Poor of the City of Boston, overseers; Stevenson, Grace; Boston & Albany Railroad",Autumn Street; Bellevue Street [Pilgrim Road]; Berner Square [defunct]; Bernier Street [defunct]; Francis Street; Longwood Park [defunct]; Longwood Street; Plymouth Street [Nessel Way]; Riverway; Woodstock Street,"Plan showing multiple blocks abutting railroad. Lots display variously dimensions, sf, owners' names, and building footprints. Select lots are outlined in red. Note indicates Plan No. 1, Brookline, MA. Edit indicates copied at Park Commissioner's Office.",French was a surveyor active in Brookline. The referenced 1875 Act was for Boston to lay out public parks (https://www.boston.gov/sites/default/files/file/2024/03/Chapter%20185%20of%20the%20Acts%20of%201875.pdf),,"French, Alexis H., civil engineer (Copied by C.L.H.)",,C-1782-P,,1 in = 50 ft,42.33960524,-71.1085,Survey Plan,1,,1,36 x 24,Pencil on trace,Edge damage. Folded in half. Stains.,,,,,,,,,,,,,,,,,,,,,,,,,,,,,,,,,,,,,,,,,,,,,,,,,,,,,,,,,,,,,,,,,,,,,,,,,,,,,,,,,,,,,,,,,,,,,,,,,,,,
Perkins_W74_C1783,,"Dorchester (Boston, MA)",Copy of Plat of Lots in Boston [Dorchester District] belonging to B. P. Cunningham,1870-12-01 (Copied),,,Milton Avenue; Norfolk Street; Prospect Avenue [Edson Street],"Subdivision plan showing 3 blocks of lots, numbered 1 thru 64. Displays selected dimensions.","An published variant which credits Merry and T.M. Nelson, asst. surveyor is in the LMEC collection: https://collections.leventhalmap.org/search/commonwealth:9s161f65h The registry copy credits Nelson as the surveyor.",Suffolk Unindexed Plan Bk/Pg 1026/23,"Walling, Henry Francis (Copied by Merry, Leon)",,C-1783-P,,1 in = 60 ft,42.28655347,-71.0782,Survey Plan,1,,1,9.5 x 14.5,Pencil on trace,Edge damage. ,,,,,,,,,,,,,,,,,,,,,,,,,,,,,,,,,,,,,,,,,,,,,,,,,,,,,,,,,,,,,,,,,,,,,,,,,,,,,,,,,,,,,,,,,,,,,,,,,,,,
Perkins_W74_C1784,,"Dorchester (Boston, MA)",Copy of Small portion of ? 38 Dor [illegible],Not identified,,"Scott, Frank H.",Milton Avenue; Prospect Avenue [Edson Street],"Plan of two lots with dimensions and reference measurements along street line. Dashed lines of lot boundaries suggest plan used to reconfigure street; note states ""red lines dotted."" Sketch contains minimal metadata.","Based on street configuration and owner names,' plan probably created c. 1890.",,(Copied by Tolman),,C-1784-P,,1 in = 40 ft,42.28655347,-71.0782,Survey Plan,1,,1,9 x 11,Pencil on trace,,,,,,,,,,,,,,,,,,,,,,,,,,,,,,,,,,,,,,,,,,,,,,,,,,,,,,,,,,,,,,,,,,,,,,,,,,,,,,,,,,,,,,,,,,,,,,,,,,,,,
Perkins_W74_C1785,,"Boston, MA",[Untitled - Pearl Place / Wendell Street],1881-12-10 (Copied 1893-06-08),,"Boardman, William H.; Dodge; Smith, J.M.",Pearl Place [Defunct]; Wendell Street,"Subdivision plan showing 11 numbered lots with dimensions and sf and one building outline. Some lots outlined in red. Note states ""Pearl Place now Wendell in 1882.'","Pearl Place was renamed Wendell Street in 1880s; this section of Wendell later eliminated. Per urban atlases, in the 1890s, the lots belonged to Horace B. Taylor, president of the Plymouth and Sandwich Street Railway.",,"Wadsworth, Alexander (Copied by C.L.H.)",,C-1785-P,,1 in = 10 ft,42.35661856,-71.0534,Survey Plan,1,,1,9.3 x 13,Pencil on trace,Edge damage. ,,,,,,,,,,,,,,,,,,,,,,,,,,,,,,,,,,,,,,,,,,,,,,,,,,,,,,,,,,,,,,,,,,,,,,,,,,,,,,,,,,,,,,,,,,,,,,,,,,,,
Perkins_W74_C1786,,"Boston, MA",[Untitled - Pearl Place / Pearl Street],1846-12-29 (Copied 1893-06-12),,"Bullard, formerly; Dodge; Smith, J.M.",Pearl Place [Defunct]; Pearl Street,"Plan showing two lots, both labelled as ""store"" and displaying sf and dashed lines for wall boundaries. Note indicates copied from registry plan relating to deed from Baker to Codman.",,Suffolk Unindexed Plan Bk/Pg 571/227,"Wadsworth, Alexander (Copied by Bell, F.C.)",,C-1786-P,,1 in = 10 ft,42.35581268,-71.0544,Survey Plan,1,,1,11 x 16,Pencil on trace,Edge damage. ,,,,,,,,,,,,,,,,,,,,,,,,,,,,,,,,,,,,,,,,,,,,,,,,,,,,,,,,,,,,,,,,,,,,,,,,,,,,,,,,,,,,,,,,,,,,,,,,,,,,
Perkins_W74_C1787,,"Cambridge, MA",[Untitled - Main Street],1873-10-17 (Copied),,"Cook, Josiah W.",Main Street,"Plan showing two lots numbered 1 and 2 with dimensions and building footprint at front. Edit says copy of part of registry plan. ""To be returned to Fred Pope, architect, 87 Washington Street, Boston.""",Location appears to be on section of Massachusetts Avenue that previously was part of Main Street.,,None provided,,C-1787-P,,1 in = 8 ft,42.36862328,-71.1095,Survey Plan,1,,1,11.5 x 16.5,Pencil on trace,Edge damage. ,,,,,,,,,,,,,,,,,,,,,,,,,,,,,,,,,,,,,,,,,,,,,,,,,,,,,,,,,,,,,,,,,,,,,,,,,,,,,,,,,,,,,,,,,,,,,,,,,,,,
Perkins_W74_C1788,Brighton & Poplar Streets,"Boston, MA",[Untitled - Copy of Part of plan - Brighton and Poplar Streets],1884-12-19 (Copied),,,Brighton Street [Defunct]; Charles Street; Poplar Street [Defunct],"Lot plan showing two lots with dimensions and outlines of brick houses, separated by 10-foot-wide passageway. Copied from registry document.",Streets have been removed; nearest street is Emerson Place.,Suffolk Unindexed Plan Bk/Pg 1664/370,"Perkins, Charles S. (Copied by C.L.H.)",,C-1788-P,,1 in = 20 ft,42.36488325,-71.0686,Survey Plan,1,,1,10.5 x 15.5,Pencil on trace,Edge damage. ,,,,,,,,,,,,,,,,,,,,,,,,,,,,,,,,,,,,,,,,,,,,,,,,,,,,,,,,,,,,,,,,,,,,,,,,,,,,,,,,,,,,,,,,,,,,,,,,,,,,
Perkins_W74_C1789,Brighton & Poplar Streets,"Boston, MA",[Untitled - Copy of Part of plan - Brighton and Poplar Streets],1888-09-08 (Copied 1893-05-19),,"Taylor, Charles J. et al.",Brighton Street [Defunct]; Poplar Street [Defunct]; Porcelain Place [Defunct],"Plan showing block of 10 lots, 8 of which are numbered 1 thru 4 or 125 thru 133, with dimensions and sf and building outlines with hatched borders. Contains facsimile for stamp of Brice C. Evans & Son., H.Q. Arl Building, Boston, Mass.",Brice S. Evans was a real estate dealer and auctioneer based in Back Bay.,,"Perkins, Charles S. (Copied by F.C.B.)",,C-1789-P,,1 in = 8 ft,42.36488325,-71.0686,Survey Plan,1,,1,24 x 17,Pencil on trace,Edge damage. Discoloration.,,,,,,,,,,,,,,,,,,,,,,,,,,,,,,,,,,,,,,,,,,,,,,,,,,,,,,,,,,,,,,,,,,,,,,,,,,,,,,,,,,,,,,,,,,,,,,,,,,,,
Perkins_W74_C1790,,"Boston, MA",[Untitled - Friend Street],1867-01-01 (Copied 1893-06-28),,"Boston Fire Department Hook & Ladder No. 1; Peak, John; Smith, Ebenezer",Friend Street; Merrimac Street,"Lot plan showing lot showing sf and dimensions and footprints of building, privies, and yard. Lot in outlined in red pencil and street curb shown in dashed lines. Note indicates from plan in Vol 3 (pg 2) in Dept of Public Buildings. Also references registry transaction between Francis J. Oliver and aSusan Heard to City of Boston, March 1842.",Hook & Ladder House No. 1 was located at 153 Friend Street.,,(Copied by H.M.),"Boston, City of",C-1790-P,,1 in = 5 ft,42.36261006,-71.0596,Survey Plan,1,,1,23 x 17.5,Pencil on trace,Edge damage. ,,,,,,,,,,,,,,,,,,,,,,,,,,,,,,,,,,,,,,,,,,,,,,,,,,,,,,,,,,,,,,,,,,,,,,,,,,,,,,,,,,,,,,,,,,,,,,,,,,,,
Perkins_W75_C1791,,"Boston, MA",[Untitled - Wait Street between Hillside and Tremont],1882-09-22 (Copied 1893-05-03),,"Browne, R. Quincy; Fuller, Charles E.",Hillside Street; Tremont Street; Wait Street,"Layout of Wait Street showing lines of streets, fronts of abutting lot, and dimensions and sf. Note indicates copy of portion of drawing L1659 in City Surveyors Office; red lines dotted.",Urban atlases indicate that this lot became subdivision known as Hillside House.,,"Boston City Surveyor Office (Copied by Whitney, William H.)",,C-1791-P,,1 in = 40 ft,42.33321999,-71.1062,Survey Plan,1,,1,22.5 x 7,Pencil on trace,Edge damage. Tears.,,,,,,,,,,,,,,,,,,,,,,,,,,,,,,,,,,,,,,,,,,,,,,,,,,,,,,,,,,,,,,,,,,,,,,,,,,,,,,,,,,,,,,,,,,,,,,,,,,,,
Perkins_W75_C1792,,"Boston, MA",[Untitled - Hillside Street at Hill Avenue],1882-02-27 (Copied 1893-05-03),,"Browne, R. Quincy; Fuller, Charles E.; Wait, Sarah J. (Wait, Thomas C., heirs)",Hill Avenue [Parker Hill Avenue]; Hillside Street,"Layout of section of Hillside Street showing lines of streets, fronts of abutting lot, and dimensions and sf. Note indicates copy of portion of drawing L1605 in City Surveyors Office; red lines dotted.",Urban atlases indicate that this lot became subdivision known as Hillside House.,,"Boston City Surveyor Office (Copied by Whitney, William H.)",,C-1792-P,,1 in = 40 ft,42.33321999,-71.1062,Survey Plan,1,,1,28.5 x 8,Pencil on trace,Edge damage. Large tear through center.,,,,,,,,,,,,,,,,,,,,,,,,,,,,,,,,,,,,,,,,,,,,,,,,,,,,,,,,,,,,,,,,,,,,,,,,,,,,,,,,,,,,,,,,,,,,,,,,,,,,
Perkins_W75_C1793,"Centre Street, JP","Jamaica Plain (Boston, MA)",[Untitled - Centre Street - Part of Plan at City Hall],1889-01-03 (Copied),,,Amory Street; Bromley Park [Defunct]; Brunswick Avenue [Defunct]; Centre Street; Lamartine Street; Ritchie Street; Stony Brook Place; Wise Street,"Street layout showing Centre Street at intersection point. Intersection of Centre, Amory, and Richie show 5 lots with sf dimensions and sf. Other section shows revised street location.",,,None provided,,C-1793-P,,1 in = 40 ft,42.32275704,-71.0997,Survey Plan,1,,1,28 x 24,Pencil on trace,Edge damage. Hole.,,,,,,,,,,,,,,,,,,,,,,,,,,,,,,,,,,,,,,,,,,,,,,,,,,,,,,,,,,,,,,,,,,,,,,,,,,,,,,,,,,,,,,,,,,,,,,,,,,,,
Perkins_W75_C1794,Dana Estates,"Cambridge, MA",Copy of Plan of the Causeway over the Marsh in Cambridge exhibiting names of owners and quantity of land through which it passes including Mr. Jarvis' Upland,1792-11-12 (Copied 1893-05-03),"Adams, John; Beal, Thomas; Beard, Jonas ; Belknap, Joseph; Butterfield, Samuel; Calfour, William; Frost; Jarvis, Leonard; Puffill, Noah, heirs; Russell, Sam; Whitemore",,Causeway [Main Street]; Pelham Island [Cambridgeport]; West Boston Bridge [Longfellow Bridge],"Plan showing lots over causeway with owners' names, dimensions, and multiple sets of calculations and field notes in black and red pencil and purple ink.",Leonard Jarvis and the Dana family were involved in the development of east Cambridge in the 1800s.,,"Carleton, Osgood (Copied by C.L.H.)",,C-1794-P,,1 in = 10 chains (660),42.36259778,-71.0852,Survey Plan,1,,1,79 x 11.5,Pencil on trace,Edge damage. Folded in half lengthwise. Discoloration.,,,,,,,,,,,,,,,,,,,,,,,,,,,,,,,,,,,,,,,,,,,,,,,,,,,,,,,,,,,,,,,,,,,,,,,,,,,,,,,,,,,,,,,,,,,,,,,,,,,,
Perkins_W75_C1795,,"Boston, MA",[Untitled - Copy of Plan - Charles Street and Mill Dam],(Copied 1893-05-03),,"Mason, J.; Otis, H.G.;",Beacon Street; Cambridge Street; Causeway Street; Chestnut Street; May Street; Mill Dam; Pinckney Street; Sumner Street; West Boston Bridge [Defunct]; Charles River,"Plan of two lots, outlined in red, abutting a 30-foot-wide canal, and displaying dimensions and sf.","No creation date is shown but based on contents, is prior to Back Bay fill. Reference to H. G. Otis may refer to Harrison Gray Otis, who owned property nearby.",,"Wadsworth, Alexander (Copied by C.L.H.)",,C-1795-P,,1 in = 100 ft,42.35646207,-71.0734,Survey Plan,1,,1,44 x 27,Pencil on trace,Edge damage. Discoloration. Seam damage.,,,,,,,,,,,,,,,,,,,,,,,,,,,,,,,,,,,,,,,,,,,,,,,,,,,,,,,,,,,,,,,,,,,,,,,,,,,,,,,,,,,,,,,,,,,,,,,,,,,,
Perkins_W75_C1796,,"Cambridge, MA",[Plan of Land in Cambridge made on parchment watermarked],1803-01-01 (Copied 1893-05-01),,"Adams, John; Belknap; Frost; Hastings; Mason; Russell; Smith; Swan","Austin Street [Bishop Allen Drive]; Canal Street; Columbia Street; Harvard Street; Norfolk Street; Suffolk Street; Washington Street; Windsor Street; Worcester Street; Charles River Bridge; ""Public Gardens""","Subdivision plan showing multiple blocks of lots, some with dimensions and numbers and owner's names. Some markings in red pencil. Overlay of alternative road locations. Lacks original surveyor information. Note indicates water marker on the original was 1803.",,,"(Copied by Hammond, C. L.)",,C-1796-P,,Scale not given,42.36391373,-71.0897,Survey Plan,1,,1,77 x 23,Pencil on trace,Edge damage. Discoloration. Seam damage.,,,,,,,,,,,,,,,,,,,,,,,,,,,,,,,,,,,,,,,,,,,,,,,,,,,,,,,,,,,,,,,,,,,,,,,,,,,,,,,,,,,,,,,,,,,,,,,,,,,,
Perkins_W75_C1797,Dana Estates,"Cambridge, MA",[Untitled - Broadway & Causeway (Main Street)],1842-07-01 (Copied 1893-05-04),,"Bent; Burridge & Bowman; Cambridge, town of, school; Chamberlain; Clark, J.; Dollinger, J.; Fisher, J.; Hovey & Marksham; Howlet; Luke; Mason; Pierce, A.H.; Rand; Richardson, John",Broadway; Causeway [Main Street]; West Boston Bridge [Longfellow Bridge],"Street layout showing multiple blocks of lots, some outlined in red, with dimensions and sf, some blocks divided by passageways. Many streets unnamed.",,,"Wadsworth, Alexander (Copied by C.L.H.)",,C-1797-P,,1 in = 40 ft,42.36259778,-71.0852,Survey Plan,1,,1,46 x 25,Pencil on trace,Edge damage. Discoloration. Seam damage.,,,,,,,,,,,,,,,,,,,,,,,,,,,,,,,,,,,,,,,,,,,,,,,,,,,,,,,,,,,,,,,,,,,,,,,,,,,,,,,,,,,,,,,,,,,,,,,,,,,,
Perkins_W75_C1798,Dana Estates,"Cambridge, MA","Copy of Plan of Property of Cambridgeport, showing present & former lines of ownership",1870-11-27 (Copied 1893-05-01),,"Dixon, Edward; Dixon, Walter; Frost, Gideon; Parish; Russell, Thomas; unnamed bridge","Broad Canal [Defunct]; Broadway; Court Street [Point Park, Third Street]; West Boston Bridge [Longfellow Bridge]","Street layout showing multiple blocks of lots, some with dimensions and sf and outlines of stores, offices, sheds, and sidewalks. Displays Commissioners' lines at river bank. Note indicates related to real estate transactions between Josiah Mason and Vose & Makepeace on May 19, 1802 and drawing compared to original tracing (P 1197) at Cambridge City Hall.","Vose & Makepeace conveyed to Josiah Mason, Jr. land in 1802 to create the Broad Canal: https://www.perseus.tufts.edu/hopper/text",,"Mason, W.A. & Elliot, C.D. (Copied by C.L.H.)",,C-1798-P,,1 in = 40 ft,42.36259778,-71.0852,Survey Plan,1,,1,41.5 x 21,Pencil on trace,Edge damage. Discoloration. Seam damage.,,,,,,,,,,,,,,,,,,,,,,,,,,,,,,,,,,,,,,,,,,,,,,,,,,,,,,,,,,,,,,,,,,,,,,,,,,,,,,,,,,,,,,,,,,,,,,,,,,,,
Perkins_W75_C1799,,"Boston, MA",[Untitled - Copy of Plan - Huntington Avenue and St. Stephen Street],1893-05-01 (Copied 1901-01-01),,"Edwards, James; Stevenson, James",Huntington Avenue; Jarvis Street [Defunct]; St. Stephen Street,"Street layout showing dimensions, sf., and owners. Dashed lines along streets may indicate change in street lines. Includes facsimile of names from Board of Surveyors. Some markings in purple or red, including red shading. Refers to plans No. M-67 and M-68. Notes indicate was annotated in 1899 and/or 1901.",Urban atlases indicate unnamed 50 ft wide street may have been forerunner of Opera Place.,,"(Copied by Bell, F.C.)",Boston Board of Survey,C-1799-P,57,1 in = 250,42.3410443,-71.0893,Survey Plan,1,,1,18 x 23,Pencil on trace,Edge damage. Discoloration. Hole. Seam damage.,,,,,,,,,,,,,,,,,,,,,,,,,,,,,,,,,,,,,,,,,,,,,,,,,,,,,,,,,,,,,,,,,,,,,,,,,,,,,,,,,,,,,,,,,,,,,,,,,,,,
Perkins_W75_C1800,,"Boston, MA","[Untitled - Copy of Plan - Gainsborough Street, Jarvis Street, and Parker Street]",1892-05-29 (Copied 1893-05-01),,"Braman, Grenville; Edwards, James; Hyde, Henry D.; Jackson, Joseph A.; Mercantile Land Company, Charles Burrage, Charles E. Jackson, William W. Whitcomb, trustees; Stevenson, James",Gainsborough Street; Jarvis Street [Defunct]; Parker Street [Hemenway Street],"Street layout showing dimensions, sf., and owners. Dashed lines along streets may indicate change in street lines. Includes facsimile of names from Board of Surveyors. Some markings in red. Refers to City Survey plan No. M-53 and Board of Survey Act, Chapter 323 of Acts of 1891. Notes indicate was annotated in 1899 and/or 1901.",,,"(Copied by Bell, F.C.)",Boston Board of Survey,C-1800-P,681,1 in = 250,42.34247073,-71.0901,Survey Plan,1,,1,23 x 18,Pencil on trace,Edge damage. ,,,,,,,,,,,,,,,,,,,,,,,,,,,,,,,,,,,,,,,,,,,,,,,,,,,,,,,,,,,,,,,,,,,,,,,,,,,,,,,,,,,,,,,,,,,,,,,,,,,,
Perkins_W75_C1801,,"Boston, MA","Copy of Plan M-68 at Bryant Street, Huntington Avenue, and St. Stephen Street",(Copied 1893-05-25),,"Edwards, James; Elliot Land Company; Huntington Storage Warehouse Company",Bryant Street [Defunct]; Huntington Avenue; Parker Street [Hemenway],"Street layout showing dimensions, sf., and owners. Dashed lines along streets may indicate change in street lines. Includes facsimile of names from Board of Surveyors. Some markings in red. Refers to City Survey plan No. M-68 and Board of Survey Act, Chapter 323 of Acts of 1891. Notes indicate was annotated in 1901 by W.H. Whitney.",,,"(Copied by Bell, F.C.)",Boston Board of Survey,C-1801-P,"680, 683",1 in = 250,42.33915004,-71.0965,Survey Plan,1,,1,35 x 23,Pencil on trace,Edge damage. ,,,,,,,,,,,,,,,,,,,,,,,,,,,,,,,,,,,,,,,,,,,,,,,,,,,,,,,,,,,,,,,,,,,,,,,,,,,,,,,,,,,,,,,,,,,,,,,,,,,,
Perkins_W75_C1802,,"Jamaica Plain (Boston, MA)",[Untitled - Forest Hills and Washington Streets and Woodside Avenue],Not identified,,,Forest Hills Street; Sylvia Street; Washington Street; Woodside Avenue,"Subdivision plan showing lots numbered 1 thru 14, with sf and dimensions. Includes dashed line labelled 1675. Notes show penciled in calculations and angles.","Comparison with urban atlases suggest plan implemented between 1890 and 1896. Land originally owned by John J. Low [Shreve, Crump & Low Jewelry store] for whom Alex Wadsworth did a subdivision plan in 1847.",Norfolk Plan #D0188-127,None provided,,C-1802-P,,1 in = 30 ft,42.3102001,-71.103,Survey Plan,1,,1,15.5 x 11.5,Blueprint,Edge damage. ,,,,,,,,,,,,,,,,,,,,,,,,,,,,,,,,,,,,,,,,,,,,,,,,,,,,,,,,,,,,,,,,,,,,,,,,,,,,,,,,,,,,,,,,,,,,,,,,,,,,
Perkins_W75_C1803,,"Wellesley, MA",Plan of Land of C.T. Wilder included in a new location in the Town of Wellesley filed by the B & A R.R. Co. Sheet No. 548.,1888-07-11 (Copied 1893-10-27),"Wilder, C.T.","Fiske, Joseph Emery; Kingsbury, L. Allen, formerly; Wight, J.F.; Boston & Albany Railroad",Woodlawn Avenue,"Lot plan showing dimensions, sf, and location of new and old base lines, ditch, and culvert. Includes notations in pencil and layout of old base line in red ink.",Original drawing is part of a series done by the railroad to document a major expansion and improvement program. Fiske was a Wellesley-based Massachusetts legislator and real estate developer who played a role in Wellesley's separation from Needham in the 1880s.,Norfolk Plan #D0654-624,"Parker, William, Div. Engineer (Copied by H.M.)",,C-1803-P,,1 in = 100 ft,42.31837548,-71.2744,Survey Plan,1,,1,16 x 8.5,Ink on vellum,Buckling. Edge damage.,,,,,,,,,,,,,,,,,,,,,,,,,,,,,,,,,,,,,,,,,,,,,,,,,,,,,,,,,,,,,,,,,,,,,,,,,,,,,,,,,,,,,,,,,,,,,,,,,,,,
Perkins_W75_C1804,,"North End (Boston, MA)",[Untitled - Copy of Plan at Henchman Street],1868-07-18 (Copied 1893-09-29),,"Burnett, Joseph; Cary, Nathaniel H.; Holbrook, Jesse; Simonds, Franklin, et al",Charter Street; Henchman Street,"Lot plan showing dimensions and sf with building outline. Lot is outlined in red and shown adjacent to ""private court"" and passageway leading to Charter Street.",,,"Davis, Thomas, city surveyor (Copied by H.J.M.)",,C-1804-P,,1 in = 8 ft,42.36708596,-71.0539,Survey Plan,1,,1,10 x 15.5,Pencil on trace,Edge damage. ,,,,,,,,,,,,,,,,,,,,,,,,,,,,,,,,,,,,,,,,,,,,,,,,,,,,,,,,,,,,,,,,,,,,,,,,,,,,,,,,,,,,,,,,,,,,,,,,,,,,
Perkins_W75_C1805,,"North End (Boston, MA)",[Untitled - Copy of Plan at Henchman Street],1859-06-01 (Copied 1893-09-29),,"Brown, B.F., heirs; Cary, Nathaniel, heirs; Dickason, Nancy; Hallett, Lothrop; Holbrook; Low, A.P.; McIntire, Andrew; Miller, George E.; Nash, Nancy; Oxford, Charles; Pickaney, Arthur; Prescott, William A.; Puffer, Thomas P.; Sampson, Zephaniah; Simonds, Putty; Thompson, Henry","Charter Street; Commercial Street; 4, 6, 16, 20, 22 Henchman Street; ","Street layout showing dimensions and sf of fronts of property lots, and owners. Fronts outlined in red. Notation states takings in red added Feb. 17th 1861. Facsimile of Boston Surveyor's stamp indicates drawing No. E-133.",,,(Copied by H.J.M.),Boston City Surveyors Office,C-1805-P,,1 in = 10 ft,42.36708596,-71.0539,Survey Plan,1,,1,28.5 x 21 ,Pencil on trace,Edge damage. Blotch in center.,,,,,,,,,,,,,,,,,,,,,,,,,,,,,,,,,,,,,,,,,,,,,,,,,,,,,,,,,,,,,,,,,,,,,,,,,,,,,,,,,,,,,,,,,,,,,,,,,,,,
Perkins_W75_C1806,,"Dorchester (Boston, MA)","Copy of Plan of Crescent Avenue, Dorchester",1869-02-10 (Copied),,,Crescent Avenue; Dorchester Avenue,"Schematic street layout showing dimensions of street widths. Outline of one building. Note indicates black lines show present walls and fences, red lines represent the new lines as laid out and established by the selectmen in Fab. 1869 and copy of portion of plan of DD 15 from Dorchester Branch City Surveyor.",Luther Briggs was a Dorchester-based 19th-century architect.,,"Briggs, Luther Jr. (Copied)",,C-1806-P,,1 in = 30 ft,42.31888597,-71.0559,Survey Plan,1,,1,19 x 14.5,Pencil on trace,Buckling. Creases. Edge damage.,,,,,,,,,,,,,,,,,,,,,,,,,,,,,,,,,,,,,,,,,,,,,,,,,,,,,,,,,,,,,,,,,,,,,,,,,,,,,,,,,,,,,,,,,,,,,,,,,,,,
Perkins_W75_C1807,,"Boston, MA","Plan showing proposed division of land belonging to Mr. Francis M. Lawrence, Boston, Mass.",Not identified,"Lawrence, Francis W.",Boston and Albany Railroad,Avon Street [Cummington Mall]; Babbitt Street; Commonwealth Avenue; St. Mary's Street,"Subdivision plan showing two blocks, one of which contains footprints of multiple buildings, the other one building footprint along with 15 lots showing dimensions and sf. Blocks are divided by 30' wide ""proposed street.""","Per Norfolk Registry of Deeds, Whitney co-produced plan in 1892 related to reworking of St. Mary's street, based on plans by A. French.",Norfolk Plan #D2617-95,"French, Alexis H.",,C-1807-P,,1 in = 30 ft,42.34934755,-71.1059,Survey Plan,1,,1,21 x 12.5,Blueprint,,,,,,,,,,,,,,,,,,,,,,,,,,,,,,,,,,,,,,,,,,,,,,,,,,,,,,,,,,,,,,,,,,,,,,,,,,,,,,,,,,,,,,,,,,,,,,,,,,,,,
Perkins_W75_C1808,Brighton & Poplar Streets,"Boston, MA",[Untitled - Copy of Plan - Barton Court at Brighton Street],(Copied),,"Aggars, Sarah A.; Bon, Jacob & Rebecca; Collins, Rebecca; Hews, Eben M.; Jenks, Thomas I.; Lord, William",Barton Court (Thoreau Path); Barton Street (Emerson Place); Brighton Street,"Subdivision plan showing three lots with dimensions and sf, surrounded by other lots. Plan shows 3 dashed lines, one labelled A - B with lot marked ""Extension.""",,,(Copied),,C-1808-P,,1 in = 20 ft,42.36509919,-71.0679,Survey Plan,1,,1,13 x 14,Pencil on trace,Edge damage. ,,,,,,,,,,,,,,,,,,,,,,,,,,,,,,,,,,,,,,,,,,,,,,,,,,,,,,,,,,,,,,,,,,,,,,,,,,,,,,,,,,,,,,,,,,,,,,,,,,,,
Perkins_W75_C1809,,"Dorchester (Boston, MA)","Copy of Plan showing Land of Henry M. Snell, Francis C. Finnegan and Mary A. Webber",1891-04-01 (Copied),"Finnegan, Francis C.; Snell, Henry M.; Webber, Mary A.",Shawmut Railroad,Beale Street; Dorchester Avenue; Fuller Street [Defunct],"Subdivision plan showing block with lots, three labelled No. 1 thru 3; three labelled A, B, C with dimensions and sf. Notes indicate copied by plan at registry and scale reduced 1/2. Shows layout of extension of Fuller Street across Dorchester Avenue to railroad line.",,Suffolk Unindexed Plan Bk/Pg 2003/163,(Copied by H.M.),,C-1809-P,,1 in = 80 ft,42.28369251,-71.0642,Survey Plan,1,,1,10 x 7.5,Pencil on ruled bond paper,Edge damage.,,,,,,,,,,,,,,,,,,,,,,,,,,,,,,,,,,,,,,,,,,,,,,,,,,,,,,,,,,,,,,,,,,,,,,,,,,,,,,,,,,,,,,,,,,,,,,,,,,,,
Perkins_W75_C1810,West End Land Co.,"Roxbury (Boston, MA)","Copy of Plan of Land conveyed by West End Street Railway Co. to Thomas R. White, situated on Sterling Street, Boston, Mass.",1893-04-18 (Copied 1893-07-11),"West End Street Railway Co.; White, Thomas R.","Lennon, Nancy",Sterling Street [Defunct]; Washington Street,"Lot plan showing 3,105 sf lot outlined in red pencil with dimensions and sf. Notes indicated copied from plan at Mass Title Office.",,,Plimpton A.L. Engineer (Copied by H.M.),,C-1810-P,,1 in = 10 ft,42.33283957,-71.082,Survey Plan,1,,1,19 x 12.5,Pencil on trace,Edge damage. ,,,,,,,,,,,,,,,,,,,,,,,,,,,,,,,,,,,,,,,,,,,,,,,,,,,,,,,,,,,,,,,,,,,,,,,,,,,,,,,,,,,,,,,,,,,,,,,,,,,,
Perkins_W75_C1811,,"Newton, MA","Copy of Plan of Real Estate situated in Ward G of the City of Newton in the eastern part of said city belonging to Mrs. Juliette Tucker, wife of Mr. Hiram Tucker.",1874-04-21 (Copied 1893-12-19),"Tucker, Juliette","Lawrence, Amos A.; Tucker, Hirma",Ward Street [Commonwealth Avenue],"Subdivision plan showing Lots no 1 and 2, divided by right of way, with dimensions and sf. Area shown in rods and other alternate units. Note indicates plan was copied from Middlesex Registry of Deeds Bk. 25/Plan 28.",Lots were located at section of Ward Street that later was absorbed by Commonwealth Avenue. Hiram Tucker was a patented inventor and bronze manufacturer.,,"Rice, Marshall S., surveyor (Copied by W.T.)",,C-1811-P,,1 in = 50 ft,42.33757214,-71.1733,Survey Plan,1,,1,27 x 23,Pencil on trace,Edge damage. ,,,,,,,,,,,,,,,,,,,,,,,,,,,,,,,,,,,,,,,,,,,,,,,,,,,,,,,,,,,,,,,,,,,,,,,,,,,,,,,,,,,,,,,,,,,,,,,,,,,,
Perkins_W75_C1812,,"Medford, MA",Copy of Part of Plan of Land in Medford. Plan No. 75,1891-11-25 (Copied),,"Brooks, Lucy Ann; Hatch, George S.; Puffer, Alvin D.; Tufts, James W.",Auburn Street; Mystic Street; Winthrop Street; Mystic River,"Road layout showing dimensions, orientation angles, water features, and names of abutters between Auburn and Winthrop Streets. Notes indicate original at Middlesex Registry of Deeds and ""all figures are in red.""",Plan appears to be of the Mystic Valley Parkway. The Metropolitan Sewer Commission Annual Reports indicate substantial work done in this region in the 1890s.,,"Bradford, Laurence, assistant engineer; Carson, Howard Adams (Copied by J.M.)","Massachusetts, Commonwealth of Metropolitan Sewerage Commissioners",C-1812-P,,1 in = 10 ft,42.41918789,-71.1227,Engineering Drawing,1,,1,34 x 17,Pencil on trace,Edge damage. Folds.,,,,,,,,,,,,,,,,,,,,,,,,,,,,,,,,,,,,,,,,,,,,,,,,,,,,,,,,,,,,,,,,,,,,,,,,,,,,,,,,,,,,,,,,,,,,,,,,,,,,
Perkins_W75_C1813,,"Medford, MA","Copy of Part of the Homestead Estate Edmond T. Hastings in Medford, Mass. - Part 2 of 2",1890-12-01 (Copied),"Hastings, Edmund Trowbridge, estate of",,Hastings Lane; Woburn Street,"Plan showing three lots, one labelled No. 2 and outlined in red, with dimensions and building footprints.","Continuation of plan C-1814-P. Hammatt was a surveyor and C.E. with offices at 5 Pemberton Square, Boston.",,"Hammatt, E.A.W, civil engineer (Copied)",,C-1813-P,,1 in = 60 ft,42.42028876,-71.1203,Survey Plan,1,,1,14.5 x 15,Pencil on trace,Edge damage. ,,,,,,,,,,,,,,,,,,,,,,,,,,,,,,,,,,,,,,,,,,,,,,,,,,,,,,,,,,,,,,,,,,,,,,,,,,,,,,,,,,,,,,,,,,,,,,,,,,,,
Perkins_W75_C1814,,"Medford, MA","Copy of Part of the Homestead Estate Edmond T. Hastings in Medford, Mass. - Part 1 of 2",1890-12-01 (Copied),"Hastings, Edmund Trowbridge, estate of","Brooks, Jonathan; Bean, James",High Street; Winthrop Street; Mystic River,"Plan showing three lots no 1, 3, and 4, with dimensions, acreage, building footprints and proposed 40' wide street. Also displays waterways and demarcation between marsh and upland. References plan Book 66/plan 23.","Proposed new street probably is Hastings Lane. Edmund Trowbridge Hastings was major landowner in Medford, also in Cambridge with relative Charles Dana; Hastings Hill is named after him. See https://medfordhistoricalcommission.org/wp-content/uploads/2014/07/08-west-medford-overview-edit.pdf",,"Hammatt, E.A.W, civil engineer (Copied)",,C-1814-P,,1 in = 60 ft,42.42028876,-71.1203,Survey Plan,1,,1,36 x 23,Pencil on trace,Edge damage. Tear at center fold.,,,,,,,,,,,,,,,,,,,,,,,,,,,,,,,,,,,,,,,,,,,,,,,,,,,,,,,,,,,,,,,,,,,,,,,,,,,,,,,,,,,,,,,,,,,,,,,,,,,,
Perkins_W75_C1815,,"Medford, MA",Copy of Part of Plan of Land in Medford. Plan No. 76,1891-12-23 (Copied 1893-10-10),,"Goodwin, J.L.; Usher, J.M.; Usher, Leonard B.;",Canal Street; High Street; Irving Street; Prescott Street; Warren Street,"Road layout showing dimensions, orientation angles, building footprints, railroad tracks, layout of brook, and names of abutters. Displays alternate road location from railroad to Warrant Street drawn in red pencil. Notes indicate original at Middlesex Registry of Deeds and various notations relate to taking of land.","In 1892-93, Medford commissioned work on the layout of a brook and considered a proposal by the West End Land Company to install an electric streetcar system.",,"Carson, Howard A., chief engineer (Copied)","Massachusetts, Commonwealth of Metropolitan Sewerage Commissioners",C-1815-P,,1 in = 100 ft,42.42105438,-71.1313,Engineering Drawing,1,,1,23 x 18.5,Pencil on trace,Buckling. Edge damage.,,,,,,,,,,,,,,,,,,,,,,,,,,,,,,,,,,,,,,,,,,,,,,,,,,,,,,,,,,,,,,,,,,,,,,,,,,,,,,,,,,,,,,,,,,,,,,,,,,,,
Perkins_W75_C1816,Boston Harbor Wharves,"South Boston Waterfront (Boston, MA)","Copy of Part of Plan of Proposed Improvements of Wales Wharf, Boston",1896-05-17 (Copied),"Wales, Thomas B.",Hobbs Dock,Hobbs Wharf; Fort Point Channel,"Drawing showing plan of dock with proposed sea-wall and filling and section E-F showing section at sea-wall and fill, with mean water line. Notes indicate was submitted April 13, 1893 by Dwight ___, agent for License #1572 as approved by the Boston Harbor and Land Commissioners. Lists signers and a deed book reference.",,,None provided,,C-1816-P,,1 in = 4 ft,42.34981092,-71.0542,Engineering Drawing,1,,1,6.5 x 10,Pencil on trace,Edge damage. ,,,,,,,,,,,,,,,,,,,,,,,,,,,,,,,,,,,,,,,,,,,,,,,,,,,,,,,,,,,,,,,,,,,,,,,,,,,,,,,,,,,,,,,,,,,,,,,,,,,,
Perkins_W75_C1817,,"Medford, MA",[Untitled - Plan of railroad lines in West Medford],Not identified,,"Boston and Maine Railroad; Goodwin, J.L.; Usher, J.M.; Usher, Leonard B.",Irving Street; Madison Street; West Medford Rail Station,Layout showing two lots located between railroad and metropolitan sewer line. Lots display sf and building footprint and border of abutting brook. Sewer line is in between two dashed lines representing line of taking.,,,None provided,,C-1817-P,,1 in = 40 ft,42.42105438,-71.1313,Survey Plan,1,,1,20 x 16,Blueprint,,,,,,,,,,,,,,,,,,,,,,,,,,,,,,,,,,,,,,,,,,,,,,,,,,,,,,,,,,,,,,,,,,,,,,,,,,,,,,,,,,,,,,,,,,,,,,,,,,,,,
Perkins_W75_C1818,Charles River Embankment,"Cambridge, MA",[Untitled - Plan of Cambridgeport],1892-06-13 (Copied 1892-06-13),,"Ames, Frederick L.; Boston & Albany Railroad; Cuniff, M.M.: Porter, Harriet A.; Smith, Martin L., heirs; Souther, Charles A.; Stewart, John H.",Albany Street; Esplanade [Memorial Drive]; Harvard Bridge [Massachusetts Bridge]; Front Street [Massachusetts Avenue]; Harvard Street; Main Street; Osborn Street; Portland Street; Sixth Street [Ames Street]; Smart Street; Washington Street; Charles River,"Street layout showing 200-foot-wide ""Parkway"" from Main Street to Harvard Bridge at Charles River. Features 25 numbered blocks displaying dimensions and sf surrounded by unnamed streets and passageways and a rotary. Shows line of ""navigable creek""; note indicates creek line taken from 1855 Mason plan of Allan and Kingsley lands. Features facsimile of Commissioner's signature and note indicates is a return for making partition of real estate of the Charles River Embankment Co. to L. Ames, C.H. Souther, and Harriet Porter under a 1892 Middlesex district court warrant. Is a copy of a registry plan.",See other plans for the Charles River Esplanade.,,"Mason, W.A. (Copied)",,C-1818-P,,1 in = 80 ft,42.3575002,-71.0927,Survey Plan,1,,1,34 x 28.5,Pencil on trace,"Edge damage. Deep folds. Discoloration. 2"" hole in center.",,,,,,,,,,,,,,,,,,,,,,,,,,,,,,,,,,,,,,,,,,,,,,,,,,,,,,,,,,,,,,,,,,,,,,,,,,,,,,,,,,,,,,,,,,,,,,,,,,,,
Perkins_W75_C1819,,"Boston, MA",[Untitled - Sherborn Street],1893-06-16 (Copied 1893-11-09),,Riverbank Improvement Company,Bay State Road; Blandford Street; Commonwealth Avenue; Charles River Embankment; Sherborn Street [Silber Way],"Street layout showing two blocks, outlined in red pencil, with dimensions and sf. Notes state that ""grades and sidewalks not copied"" and Sherborn Street north of yellow line conforms to plan by Board of Survey on file at City Surveyor's office.",Sherborn St. was laid out in 1894.,,"(Copied by Whitney, William H.)",Boston City Surveyors Office,C-1819-P,,1 in = 40 ft,42.35025064,-71.1004,Survey Plan,1,,1,23 x 8.5,Pencil on trace,Edge damage. ,,,,,,,,,,,,,,,,,,,,,,,,,,,,,,,,,,,,,,,,,,,,,,,,,,,,,,,,,,,,,,,,,,,,,,,,,,,,,,,,,,,,,,,,,,,,,,,,,,,,
Perkins_W75_C1820,Charles River Embankment,"Brighton (Boston, MA)",Copy of Plan of Land in Brighton belonging to the Butchers Slaughtering and Melting Association,1872-06-15 (Copied 1893-10-04),Boston Slaughtering and Melting Assoc.,"Bigelow, Anna & Sara; Boston & Albany Railroad; Brackett, C.; Green; Kimball, Moses; Norton, John; Perkins, Samuel R. Priest, John W.",Market Street; North Beacon Street; River Street; Winship Avenue [Defunct]; Charles River ,"Subdivision plan showing 30 numbered lots with dimensions and sf. Additional notations for sf. Displays low- and high-water lines and various riverside structure. Select abutters' lots contain registry deed references. Note indicates Metropolitan Sewerage Commission taking shown by full black line. Transferred from taking plan by H. Cleary, 9/15/1893.",,,"Wightman, Henry M. (Copied by H.J.M.)",,C-1820-P,,1 in = 100 ft,42.35867072,-71.148,Survey Plan,1,,1,45 x 23.5,Pencil on trace,Edge damage. Deep folds. Discoloration. Adhesive stains.,,,,,,,,,,,,,,,,,,,,,,,,,,,,,,,,,,,,,,,,,,,,,,,,,,,,,,,,,,,,,,,,,,,,,,,,,,,,,,,,,,,,,,,,,,,,,,,,,,,,
Perkins_W76_C1821,,"Brighton (Boston, MA)","[Part of Brighton - Plate 10, Bromley Atlas of 1890]",1890-01-01 (Copied),,"Boston and Albany Railroad; Wilkins, Mary C.; ""Hotel""",Hillside Street [Defunct]; Wexford Street [Defunct],"Copy of portion of street atlas displaying select lots with sf, building outlines, and railroad lines. Includes additional table of calculations with special entry for North Beacon Street.","Atlas of the City of Boston, Brighton, Mass, Vol. 7 (G.W. Bromley & Co., 1890); extent is to current-day Western Avenue.",,"Bromley, G.W. (Copied)",G.W. Bromley & Co.,C-1821-P,,1 in = 100 ft,42.35769012,-71.1486,Survey Plan,1,,1,21.5 x 23,Pencil on trace,Edge damage. Creases.,,,,,,,,,,,,,,,,,,,,,,,,,,,,,,,,,,,,,,,,,,,,,,,,,,,,,,,,,,,,,,,,,,,,,,,,,,,,,,,,,,,,,,,,,,,,,,,,,,,,
Perkins_W76_C1822,Bay State Road,"Boston, MA",[Untitled - Bay State Road],1893-02-20 (Copied 1900-08-03),,"Boston & Roxbury Mill Corp.; Riverbank Improvement Company; Welch, Francis C.",Bay State Road; Deerfield Street; Sherborn Street [Silber Way],"Street layout showing layout of 60 ft wide macadam road, hatched in red pencil, with gravel sidewalks. Displays dimensions, sf, and later annotations and calculations. Note indicates ""building profile grades curbstones not copied."" Indicates compared to Plan L-2517.",,,"Humbert, Pierre, Jr. (Copied by H.J.M.)",Boston City Surveyors Office,C-1822-P,585,1 in = 40 ft,42.35023868,-71.0991,Survey Plan,1,,1,27 x 10.5,Pencil on trace,Edge damage. ,,,,,,,,,,,,,,,,,,,,,,,,,,,,,,,,,,,,,,,,,,,,,,,,,,,,,,,,,,,,,,,,,,,,,,,,,,,,,,,,,,,,,,,,,,,,,,,,,,,,
Perkins_W76_C1823,Bay State Road,"Boston, MA",[Untitled - Bay State Road],1892-05-24 (Copied 1893-05-31),,,Bay State Road; Deerfield Street; Sherborn Street [Silber Way]; Charles River Embankment,"Two versions (labelled A and B) of street layout showing two lots, labelled ""A"" and ""B"" with dimensions. References Harbor Line. Contains copied note indicating plan made under the provisions of Chapter 323 of the Acts of the Legislature of 1891 and that original scale was 1:250. One version indicates copied from plan at Suffolk Registry.","Per urban atlases, this block was owned by River Bank Improvement Company and starting to be developed into a block of townhouses.",Suffolk Unindexed Plan Bk/Pg 2145/1,"Norton & Quimby, civil engineers (Copied by Wilson)",,C-1823-A-B-P,585,1 in = 60 ft,42.35023868,-71.0991,Survey Plan,2,,1,22.5 x 13,Pencil on trace,Buckling. Discoloration. Edge damage.,,,,,,,,,,,,,,,,,,,,,,,,,,,,,,,,,,,,,,,,,,,,,,,,,,,,,,,,,,,,,,,,,,,,,,,,,,,,,,,,,,,,,,,,,,,,,,,,,,,,
Perkins_W76_C1824,,"Dorchester (Boston, MA)",Copy of Plan of Land at Harrison Square,1855-01-01 (Copied 1893-10-17),,"Harrison Square Depot; Pope, William",Beach Street; Commercial Street [Freeport Street]; Harrison Square [Defunct]; Park Street; Tenean Creek [defunct],"Subdivision plan showing 22 numbered lots with dimensions and sf abutting a brook (Tenean Creek) and railroad. Beach Street is shown as ""accepted by the Town July 20, 1857."" Is copied from a lithograph labelled C-25, Dorchester Branch.",,,(Copied by H.M.),"Boston Surveyor's Office, Dorchester Branch",C-1824-P,,1 in = 40 ft,42.30058396,-71.0551,Survey Plan,1,,1,22 x 17,Pencil on trace,Buckling. Edge damage.,,,,,,,,,,,,,,,,,,,,,,,,,,,,,,,,,,,,,,,,,,,,,,,,,,,,,,,,,,,,,,,,,,,,,,,,,,,,,,,,,,,,,,,,,,,,,,,,,,,,
Perkins_W76_C1825,,"Boston, MA",[Untitled - West Newbury Street],1880-06-01 (Copied 1893-08-16),,"Braman, Jarvis D., heirs; Braman, Dwight; Fairchild, Charles; Lawrence, Abbott; Lee, Henry; White, Thomas R.",Brookline Avenue; Charlesgate West; Kenmore Street; West Newbury Street,"Plan and profiles of West Newbury Street. Displays dimensions, elevation heights, abutters' names. Profiles display city base line. West Newbury is outlined in red. Note indicates copied from drawing #37 at City Surveyor's Office and that red figures are encircled and pencil figures are underlined.",,,"(Copied by Hammond, C. L.)",,C-1825-P,35,Horiz: 1 in = 40 ft; Vert: 1 in = 5 ft,42.34681631,-71.0928,Survey Plan,1,,1,35.5 x 23,Pencil on trace,Buckling. Edge damage.,,,,,,,,,,,,,,,,,,,,,,,,,,,,,,,,,,,,,,,,,,,,,,,,,,,,,,,,,,,,,,,,,,,,,,,,,,,,,,,,,,,,,,,,,,,,,,,,,,,,
Perkins_W76_C1826,Francis Estate,"Boston, MA",[Untitled - Francis Farm at Longwood],1893-08-19 (Copied 1893-08-30),Heirs of Ebenezer Francis,"Ames, Oliver; Boston Water Power Co.; Brown, Rufus; Folson, Abraham, heirs; Haven, Franklin; Minot, William, Jr.; Sears, Frederick S.; Vila, Chris F., Luke, Susan l., Susan M., and Chris F.; Warren, Winslow; White, Henry M.",Brookline Avenue; Bumstead Lane; Francis Street; Huntington Avenue; Longwood Avenue; Tremont Entrance [Defunct]; Ward Street; Wigglesworth Street; Worthington Street,Street layout showing multiple blocks with widths of streets and overlay of former water features. Many blocks display not only owners' names but also deed information from Norfolk Registry. Note indicates plan was copied from blueprint loaned by Winslow Warren and said to have come from Board of Survey.,,,(Copied by H.M.),Boston Board of Survey,C-1826-P,"639, 650",1 in = 100 ft,42.33733848,-71.1071,Survey Plan,1,,1,36 x 23.5,Pencil on trace,Edge damage.,,,,,,,,,,,,,,,,,,,,,,,,,,,,,,,,,,,,,,,,,,,,,,,,,,,,,,,,,,,,,,,,,,,,,,,,,,,,,,,,,,,,,,,,,,,,,,,,,,,,
Perkins_W76_C1827,Charles River Embankment,"Brighton (Boston, MA)",Plan of Land in Brighton - Boston - Additional Lines of Taking - Section E,1891-11-04 (Copied 1893-10-13),,"Boston Fresh Tripe Works; Butchers Slaughtering and Melting Association; North Beacon Street Mill; Wilkins, Mary C.",Market Street; North Beacon Street; Parsons Street; Charles River ,"Engineering plan showing lines of taking along Charles River Embankment. Sections are color-coded in red and blue. Displays geographical coordinates and building outlines for animal sheds, slaughterhouses, mills and other structures. Notes indicate copied from original plan at Suffolk Registry.",,Suffolk Unindexed Plan Bk/Pg 2026/401,"Carson, Howard A., chief engineer (Copied)",Metropolitan Sewerage Commission,C-1827-P,,1 in = 100 ft,42.35867072,-71.148,Survey Plan,1,,1,36 x 24,Pencil on trace,Edge damage. ,,,,,,,,,,,,,,,,,,,,,,,,,,,,,,,,,,,,,,,,,,,,,,,,,,,,,,,,,,,,,,,,,,,,,,,,,,,,,,,,,,,,,,,,,,,,,,,,,,,,
Perkins_W76_C1828,,"Brighton (Boston, MA)",[Part of Brighton - Ward 25 - City of Boston],1890-01-01 (Copied 1897-10-18),,"Boston and Albany Railroad; Butchers Slaughtering and Melting Association; Charles River Hotel; Livermore, Oliver, heirs; Mason, Mary R.; Norton, James J.; Taylor, Jacob F.; Wilkins; Young, Leroy",Hillside Avenue [Defunct]; Market Street; North Beacon Street; Winship Avenue [Defunct]; Charles River ,"Copy of portion of street atlas displaying select lots with sf, building outlines, select owners, and railroad lines. Displays outline of Charles River between Brighton and Watertown. Note indicates copied from Bromley Atlas in City Assessor's Office.","Based on street configuration and owner names,' plan probably created c. 1890.",,"Bromley, G.W. (Copied by H.M.)",G.W. Bromley & Co.,C-1828-P,,1 in = 200 ft,42.35867072,-71.148,Survey Plan,1,,1,14 x 22.5,Pencil on trace,Edge damage. Discoloration.,,,,,,,,,,,,,,,,,,,,,,,,,,,,,,,,,,,,,,,,,,,,,,,,,,,,,,,,,,,,,,,,,,,,,,,,,,,,,,,,,,,,,,,,,,,,,,,,,,,,
Perkins_W76_C1829,,"Boston, MA",[Untitled - Bowdoin Square and Cambridge Street],1855-04-24 (Copied 1894-03-26),,"Brown; Hannaford; Lawrence, W.W.; Parker, J., heirs",Bowdoin Square; Bulfinch Street [Defunct]; Cambridge Street,Layout showing two lots with dimensions and sf abutted by passage way. Note indicates copied from registry plan.,"Per urban atlases, corner lot was the site of Revere House, a historically noteworthy hotel.",,"Wadsworth, Alexander (Copied by H.M.)",,C-1829-P,,1 in = 20 ft,42.36124707,-71.062,Survey Plan,1,,1,11.5 x 18,Pencil on trace,Edge damage. ,,,,,,,,,,,,,,,,,,,,,,,,,,,,,,,,,,,,,,,,,,,,,,,,,,,,,,,,,,,,,,,,,,,,,,,,,,,,,,,,,,,,,,,,,,,,,,,,,,,,
Perkins_W76_C1830,,"Newton, MA","[Portion of 5458, Rack 4]",(Copied 1898-10-03),,,Waban Hill Road; Waban Hill Reservoir,"Plan showing several parcels, outlines of roads. Note indicates copied from an incomplete plan with no title or scale or date, from the City Surveyors Office. Note in purple pencil says probably copied May 7, 1894.","In the 1890s, the Town of Newton constructed an alternative reservoir near Waban Hill Road.",,None provided,Newton City Surveyor,C-1830-P,,1 in = 40 ft,42.3391106,-71.1747,Survey Plan,1,,1,24 x 30,Pencil on trace,Edge damage. Creases. Discoloration.,,,,,,,,,,,,,,,,,,,,,,,,,,,,,,,,,,,,,,,,,,,,,,,,,,,,,,,,,,,,,,,,,,,,,,,,,,,,,,,,,,,,,,,,,,,,,,,,,,,,
Perkins_W76_C1831,,"Boston, MA",[Untitled - Cambridge Street],1855-10-01 (Copied 1894-03-26),,"Parker, J.; Revere House",Cambridge Street,"Lot plan showing outline of house, arch and center line of brick wall. Displays dimensions and wall materials.","Stone, W.W.",Suffolk Unindexed Plan Bk/Pg 688/164,"Wadsworth, Alexander (Copied by H.M.)",,C-1831-P,,1 in = 10 ft,42.36108059,-71.0627,Survey Plan,1,,1,11 x 16,Pencil on trace,Edge damage. ,,,,,,,,,,,,,,,,,,,,,,,,,,,,,,,,,,,,,,,,,,,,,,,,,,,,,,,,,,,,,,,,,,,,,,,,,,,,,,,,,,,,,,,,,,,,,,,,,,,,
Perkins_W76_C1832,,"North End (Boston, MA)",[Untitled - Moon and North Streets],1891-09-28 (Copied 1894-04-24),,"Brophey, Eliza J.; Caledonia, Pasqualina; Di Rocco, Pietro; Williams, John J.",Moon Street; North street,"Plan of block showing multiple lots, some with dimensions and sf. One lot is labelled Moon Street Court, with label crossed out; another shows label for Extension. Note states copied at City Surveyor's Office.",Moon Street Court was overridden by laying out of Lewis Street c. 1893.,,"(Copied by Whitney, William H.)",,C-1832-P,,1 in = 8 ft,42.36383516,-71.0526,Survey Plan,1,,1,35.5 x 23,Pencil on trace,Edge damage. Folded in half. Discoloration.,,,,,,,,,,,,,,,,,,,,,,,,,,,,,,,,,,,,,,,,,,,,,,,,,,,,,,,,,,,,,,,,,,,,,,,,,,,,,,,,,,,,,,,,,,,,,,,,,,,,
Perkins_W76_C1833,,"North End (Boston, MA)",[Untitled - Moon Street],(Copied),,,Moon Street,"Lot plan showing lot with dimensions and sf and abutting common passageway and covered passageway and stairwell with numbered treads from ""existing 1st story."" Note indicates copied from a plan by Wilson.",,,(Copied by Wilson),,C-1833-P,,Scale not given,,,Survey Plan,1,,1,11 x 9.5,Pencil on trace,Edge damage. ,,,,,,,,,,,,,,,,,,,,,,,,,,,,,,,,,,,,,,,,,,,,,,,,,,,,,,,,,,,,,,,,,,,,,,,,,,,,,,,,,,,,,,,,,,,,,,,,,,,,
Perkins_W76_C1834,,"North End (Boston, MA)",[Untitled - North Margin Street],1833-07-29 (Copied 1894-04-18),,"Atkins, Henry; Bartlett, James; Darling, D.; Fairbanks; Smith, Clark",North Margin Street,Subdivision plan showing 6 lots with dimensions and sf and names of abutters and common passageway. Displays building footprints.,,Suffolk Unindexed Plan Bk/Pg 402/128,"Wadsworth, Alexander (Copied by Bell, F.C.)",,C-1834-P,,1 in = 20 ft,42.36426772,-71.0564,Survey Plan,1,,1,9 x 11.5,Pencil on trace,Edge damage. ,,,,,,,,,,,,,,,,,,,,,,,,,,,,,,,,,,,,,,,,,,,,,,,,,,,,,,,,,,,,,,,,,,,,,,,,,,,,,,,,,,,,,,,,,,,,,,,,,,,,
Perkins_W76_C1835,Bumstead / Gibbons Court,"Boston, MA",Plan of vacant lot of D.C. Moseley (deceased) on Bumstead Court,1849-06-11 (Copied 1894-05-09),"Moseley, D.C.","Boston, City of; Brewer, Thomas; Bumstead, Sarah",Bumstead Court,Plan showing two lots with dimensions and sf. Abuts 15 foot wide street titled Bumstead Court.,,Suffolk Unindexed Plan Bk/Pg 603/7,"Lincoln, Ezra, Jr. (Copied by H.M.)",,C-1835-P,,1 in = 8 ft,42.35259385,-71.0634,Survey Plan,1,,1,8 x 10,Pencil on ruled bond paper,Edge damage. ,,,,,,,,,,,,,,,,,,,,,,,,,,,,,,,,,,,,,,,,,,,,,,,,,,,,,,,,,,,,,,,,,,,,,,,,,,,,,,,,,,,,,,,,,,,,,,,,,,,,
Perkins_W76_C1836,,"Dorchester (Boston, MA)",[Untitled - Second and Third Streets - Part of a plan],1872-04-01 (Copied),,"Bowe, Pat; Hayden; Parker, heirs",East Second Street; East Third Street,Lot plan showing two lots with dimensions and sf. Includes additional informal table of calculations.,"Per urban atlases, block probably is between I Street and Emmet Street.",Suffolk Unindexed Plan Bk/Pg 1122/202,"Wilson, Henry W. (Copied)",,C-1836-P,,1 in = 50 ft,42.33686147,-71.0393,Survey Plan,1,,1,8 x 13,Pencil on vellum,,,,,,,,,,,,,,,,,,,,,,,,,,,,,,,,,,,,,,,,,,,,,,,,,,,,,,,,,,,,,,,,,,,,,,,,,,,,,,,,,,,,,,,,,,,,,,,,,,,,,
Perkins_W76_C1837,,"Dorchester (Boston, MA)",[Untitled - Bowdoin Avenue and Bullard Street],1888-02-06 (Copied),,"Kendall, A.C.; Morton, Charles; Morton, Josephus",Bowdoin Avenue; Bullard Street; Union Avenue (Bullard Street),"Street plan showing layout of 40 ft wide street abutted by 4 lots, some with building footprints. Street name of Maple Avenue is crossed out and replaced with Bullard Street.",Bullard Street was originally named Maple Grove Avenue and was extended to absorb part of Union Avenue.,,(Copied),,C-1837-P,,1 in = 40 ft,42.3020555,-71.0741,Survey Plan,1,,1,9.5 x 23,Pencil on trace,Edge damage. Buckling.,,,,,,,,,,,,,,,,,,,,,,,,,,,,,,,,,,,,,,,,,,,,,,,,,,,,,,,,,,,,,,,,,,,,,,,,,,,,,,,,,,,,,,,,,,,,,,,,,,,,
Perkins_W76_C1838,,"Dorchester (Boston, MA)",[Untitled - Bowdoin Avenue],1875-05-22 (Copied),,"Dexter, Edward A., heirs; Kendall, A.C.",Bowdoin Avenue,"Block plan showing multiple lots with dimensions, sf, property transfer information. Note references station lines.",Drawing is scratch pad for various field measurements and notations and property information.,,"Morton, C. (Copied)",,C-1838-P,,1 in = 20 ft,,,Survey Plan,1,,1,23 x 18,Pencil on trace,Edge damage. Creases. Holes.,,,,,,,,,,,,,,,,,,,,,,,,,,,,,,,,,,,,,,,,,,,,,,,,,,,,,,,,,,,,,,,,,,,,,,,,,,,,,,,,,,,,,,,,,,,,,,,,,,,,
Perkins_W76_C1839,,"Boston, MA",[Untitled - Summer Street],1873-03-29,,"Beals, John W.; Bowe, P.; Hayden, ;Rich, Isaac, formerly",Summer Street,Lot plan showing one lot with dimensions and sf and hatched line representing brick wall. Lot is outline in red abutted by a passageway. Penciled note and line show old street line c. 1865.,Appears to be an original Wadsworth plan.,,"Wadsworth, Alexander",,C-1839-P,,1 in = 10 ft,42.3537466,-71.0578,Survey Plan,1,,1,11 x 15.5,Ink on manilla,Edge damage. ,,,,,,,,,,,,,,,,,,,,,,,,,,,,,,,,,,,,,,,,,,,,,,,,,,,,,,,,,,,,,,,,,,,,,,,,,,,,,,,,,,,,,,,,,,,,,,,,,,,,
Perkins_W76_C1840,Dana Estates,"Cambridge, MA",Plan of a part of the Estate of the late Josiah Mason in Cambridgeport,1850-09-27 (Copied 1893-11-06),"Mason, Josiah, estate of",,Main Street; Broad Canal [Defunct]; Charles River,"Lot plan showing dimensions and sf and outlines of stores, hotel, lumber wharf office, stable.",,,"Mason, W.A. (Copied)",,C-1840-P,,1 in = 20 ft,42.36259778,-71.0852,Survey Plan,1,,1,23 x 18,Pencil on trace,Edge damage. Creases.,,,,,,,,,,,,,,,,,,,,,,,,,,,,,,,,,,,,,,,,,,,,,,,,,,,,,,,,,,,,,,,,,,,,,,,,,,,,,,,,,,,,,,,,,,,,,,,,,,,,
Perkins_W76_C1841,,"Roxbury (Boston, MA)",Part of Plan showing widening of Centre and adjoining streets,(Copied),,,Albert Street [Defunct]; Bromley Street; Brunswick Avenue [Defunct]; Centre Street; Highland Street; Marcella Street; New Heath Street [Heath Street]; Old Heath Street; Perry Street; Pynchon Street [Columbus Avenue]; Ritchie Street,"Street plan showing intersection at Centre and Pynchon Streets. Measurements are shown for intersection of Brunswick and Centre Streets, alongside dashed lines indicating revised street borders. Note indicates copy at City Hall. Verso contains miscellaneous calculations.","Based on urban atlases and Boston street directories, plan probably was created in 1890s.",,(Copied),,C-1841-P,,1 in = 40 ft,42.32597602,-71.0967,Survey Plan,1,,1,38 x 22.5,Pencil on trace,Edge damage. Sheet folded.,,,,,,,,,,,,,,,,,,,,,,,,,,,,,,,,,,,,,,,,,,,,,,,,,,,,,,,,,,,,,,,,,,,,,,,,,,,,,,,,,,,,,,,,,,,,,,,,,,,,
Perkins_W76_C1842,,"Boston, MA",[Untitled - Phillips Place (Pemberton Square)],1836-10-25 (Copied 1894-12-08),,"Cutler, P.; Dagget, J.; Ware, Dr. John",Phillips Place [Pemberton Square],"Lot plan showing 4 lots, some with dimensions and sf, abutted by 6 foot wide passageway. 3 lots labelled as ""sold."" Two lots labelled no. 21 and 48.",Phillips Place was renamed Pemberton Square in 1838.,Suffolk Unindexed Plan Bk/Pg 412/80,"Wadsworth, Alexander (Copied by Driscoll, James)",,C-1842-P,,1 in = 20 ft,42.35874079,-71.0606,Survey Plan,1,,1,14 x 9.5,Pencil on trace,Edge damage. ,,,,,,,,,,,,,,,,,,,,,,,,,,,,,,,,,,,,,,,,,,,,,,,,,,,,,,,,,,,,,,,,,,,,,,,,,,,,,,,,,,,,,,,,,,,,,,,,,,,,
Perkins_W76_C1843,,"Boston, MA",[Untitled - Phillips Place (Pemberton Square)],1865-03-01 (Copied 1894-11-07),,"Adams, Benjamin; Albion, estate of; Albree; Gardner, John L.; Johnson; Lawrence; Lyceum Hall",Phillips Place [Pemberton Square]; Tremont Street,"Plan showing multiple lots abutting Phillips Place alongside a passage way. Lots are together outlined in red and contains dimensions and sf. Two lots labelled ""Suffolk""; one lot is labelled ""Pavilion.""",,,"Fuller, J. Franklin (Copied by Driscoll, James)",,C-1843-P,,1 in = 10 ft,42.35874079,-71.0606,Survey Plan,1,,1,23 x 14.5,Pencil on trace,Edge damage. Creases.,,,,,,,,,,,,,,,,,,,,,,,,,,,,,,,,,,,,,,,,,,,,,,,,,,,,,,,,,,,,,,,,,,,,,,,,,,,,,,,,,,,,,,,,,,,,,,,,,,,,
Perkins_W76_C1844,,"Brookline, MA",Plan of Lots in Brookline,1894-12-04,,"Estes, Dana",Beacon Street; Kilsyth Road,Subdivision plan showing lots numbered 1 thru 9 with dimensions and sf. Incorporates 10 ft wide passageway.,The Norfolk Registry of Deeds contains many plans by Aspinwall related to this street intersection.,,Aspinwall & Lincoln,,C-1844-P,,1 in = 50 ft,42.33760227,-71.1443,Survey Plan,1,,1,7 x 8,Blueprint,Fading. Top 2 inches folded over.,,,,,,,,,,,,,,,,,,,,,,,,,,,,,,,,,,,,,,,,,,,,,,,,,,,,,,,,,,,,,,,,,,,,,,,,,,,,,,,,,,,,,,,,,,,,,,,,,,,,
Perkins_W76_C1845,Francis Estate,"Boston, MA","Plan showing proposed new division line between Boston Water Power Co. and land of state of E. Francis, also passageways through Francis Estate.",1894-05-22,Heirs of Ebenezer Francis,"Ames, Oliver; Boston Water Power Co.; Minot, William, Jr.; Sears, Frederick R.; Vila; Warren, Winslow Tr.",Francis Street; Longwood Avenue; Vila Street [Defunct]; Wigglesworth Street,"Plan showing nine blocks bisected by divided by existing and proposed streets. Dashed line shows proposed division line, along which various abutting small sections are shaded; note indicates that these sections were tinted either blue or red according to parties receiving the land.",,,Aspinwall & Lincoln,,C-1845-P,"639, 650",1 in = 1000 ft,42.33733848,-71.1071,Survey Plan,1,,1,15.5 x 13.5,Blueprint,Edge damage.,,,,,,,,,,,,,,,,,,,,,,,,,,,,,,,,,,,,,,,,,,,,,,,,,,,,,,,,,,,,,,,,,,,,,,,,,,,,,,,,,,,,,,,,,,,,,,,,,,,,
Perkins_W76_C1846,Boston Harbor Wharves,"South Boston Waterfront (Boston, MA)",Copy of Part of Plan - Congress Street at Fort Point Channel,1888-04-12 (Copied 1894-09-28),,"Ditson, Oliver; Hathoway, Francis; New York and New England R.R.; Rice Wharf Richardson, Thomas F.; Tileston, Maria T. ",Congress Street; Fort Point Channel,"Plan showing 8 lots labelled A thru G with dimensions and sf. Some lots are outlined in red with note regarding ""red wash,"" others outlined in blue. Note in green pencil states ""Burned - Sienna Wharf."" Lines delineate ""old sea wall"" and contemporary harbor line.",Plan details layout for what became Federal Reserve Plaza and shows extended land fill from old sea wall to harbor line.,Suffolk Unindexed Plan Bk/Pg 1828/194,"Perkins, Charles S. (Copied)",,C-1846-P,,1 in = 40 ft,42.35232537,-71.0525,Survey Plan,1,,1,14 x 15,Pencil on trace,Edge damage. ,,,,,,,,,,,,,,,,,,,,,,,,,,,,,,,,,,,,,,,,,,,,,,,,,,,,,,,,,,,,,,,,,,,,,,,,,,,,,,,,,,,,,,,,,,,,,,,,,,,,
Perkins_W76_C1847,Boston Harbor Wharves,"South Boston Waterfront (Boston, MA)",[Untitled - Copy of Plan - Congress Street at Fort Point Channel],1888-04-12 (Copied),,"Ditson, Oliver; Hathoway, Francis; New York and New England R.R.; Rice Wharf; Richardson, Thomas F.; Tileston, Maria T. ",Congress Street; Fort Point Channel,"Plan showing 8 lots labelled A thru G with dimensions and sf. Some lots are outlined in red with note regarding ""red wash,"" others outlined in blue. Note in green pencil states ""Burned - ? Wharf."" Lines delineate ""old sea wall"" and contemporary harbor line.",Appears to be reduced version of Plan C-1846-P,Suffolk Unindexed Plan Bk/Pg 1828/194,"Perkins, Charles S. (Copied)",,C-1847-P,,1 in = 60 ft,42.35232537,-71.0525,Survey Plan,1,,1,14 x 11.5,Pencil on trace,Edge damage. Discoloration. Tear.,,,,,,,,,,,,,,,,,,,,,,,,,,,,,,,,,,,,,,,,,,,,,,,,,,,,,,,,,,,,,,,,,,,,,,,,,,,,,,,,,,,,,,,,,,,,,,,,,,,,
Perkins_W76_C1848,Dana Estates,"Cambridge, MA","Copy of Plan of Lots and Streets in Cambridgeport, denominated proprietors, Sec. 7 surveyed.",1800-05-31 (Copied 1893-11-06),,,Broadway; Causeway [Main Street],Plan showing multiple blocks of lots with dimensions and sf. Note indicates copied from East Registry plan and that Canal Street had been renamed Harvard Street.,,,"Tufts, Peter, Jr. (Copied by J.M.)",,C-1848-P,,1 in = 200 ft,42.36259778,-71.0852,Survey Plan,1,,1,23 x 10,Pencil on trace,Buckling. Edge damage. Tears.,,,,,,,,,,,,,,,,,,,,,,,,,,,,,,,,,,,,,,,,,,,,,,,,,,,,,,,,,,,,,,,,,,,,,,,,,,,,,,,,,,,,,,,,,,,,,,,,,,,,
Perkins_W76_C1849,Dana Estates,"Cambridge, MA",[Untitled - Broadway & Causeway (Main Street)],1863-07-04 (Copied),,"Fisher, J.",Broad Canal [Defunct]; Broadway; Causeway [Main Street]; Duck Street [Defunct]; Harvard Street,"Lot plan showing lot with dimensions and sf and abutting passageway. Various lots are numbered. Contains larger scale inset for block at intersection of Causeway and Broadway. Note indicates part of a plan at the East Cambridge Registry marked and described as shown in Book No. 43, Pg. 5 on 1884-12-23. Illegible note indicates document relates to transaction involving Pemberton and Albert Baldwin.",,,"Wadsworth, Alexander",,C-1849-P,,1 in = 20 ft,42.36259778,-71.0852,Survey Plan,1,,1,14 x 13,Pencil on trace,Edge damage. Two large stains.,,,,,,,,,,,,,,,,,,,,,,,,,,,,,,,,,,,,,,,,,,,,,,,,,,,,,,,,,,,,,,,,,,,,,,,,,,,,,,,,,,,,,,,,,,,,,,,,,,,,
Perkins_W76_C1850,Bumstead / Gibbons Court,"Boston, MA",[Untitled - Gibbons Court/Bumstead Court],(Copied 1894-06-05),,"Baker, estate of; Brewer; Moseley",Bumstead Court; Gibbons Court [Defunct]; 625 Washington Street,"Lot plan showing court space surrounded by abutters. Notes indicate copied from a registry plan with no scale, date, or surveyor listed and ""Vernon Hale Ext & Tr. To Gardner Brewer.""",Gibbons Court was a covered passageway off of Washington Street that abutted the Park Theater. It was paved over in 1898 and was the focus of a legal dispute: http://masscases.com/cases/sjc/194/194mass123.html Gardner Brewer was a prominent Boston merchant and philanthropist and neighbor of Whitney.,Suffolk Unindexed Plan Bk/Pg 532/159,(Copied by H.M.),,C-1850-P,,1 in = 10 ft,42.35259385,-71.0634,Survey Plan,1,,1,10 x 8,Pencil on ruled bond paper,,,,,,,,,,,,,,,,,,,,,,,,,,,,,,,,,,,,,,,,,,,,,,,,,,,,,,,,,,,,,,,,,,,,,,,,,,,,,,,,,,,,,,,,,,,,,,,,,,,,,
Perkins_W77_C1851,Bumstead / Gibbons Court,"Boston, MA",[Untitled - Gibbons Court/Bumstead Court],1846-08-15 (Copied 1894-06-05),,Brewer; Bumstead; Durivage; Moseley,Bumstead Court; Gibbons Court [Defunct]; 625 Washington Street,"Lot plan showing single lot surrounded by abutters and passageway to Gibbons Court. Notes indicate copied from a registry plan with no scale, date, or surveyor listed but mentions that deed references an 1846 plan by A. Wadsworth.",,Suffolk Unindexed Plan Bk/Pg 623/195,"Wadsworth, Alexander (Copied by H.M.)",,C-1851-P,,1 in = 20 ft,42.35259385,-71.0634,Survey Plan,1,,1,10 x 8,Pencil on ruled bond paper,Buckling. Edge damage.,,,,,,,,,,,,,,,,,,,,,,,,,,,,,,,,,,,,,,,,,,,,,,,,,,,,,,,,,,,,,,,,,,,,,,,,,,,,,,,,,,,,,,,,,,,,,,,,,,,,
Perkins_W77_C1852,Bumstead / Gibbons Court,"Boston, MA",[Untitled - Head Place and Tremont Street],1841-10-02 (Copied 1894-10-07),,"Bumstead, heirs; Sprague, Charles.; Stickney, J. ",Boylston Street; Head Place; Tremont Street,"Subdivision plan showing 12 numbered lots, number 1 thru 12, accompanied by passageway to Bumstead Court and separated by lane titled Head Place. Shows sf and dimensions. Note indicates that plan refers to conveyances with regard to land at Boylston Street conveyed to City of Boston. Copied from registry plan. Edit in pencil states that lots 1 thru 5 are copied on Plan #C-1196.",,Suffolk Unindexed Deed Bk/Pg 475/205,"Wadsworth, Alexander (Copied by Young, J.)",,C-1852-P,,1 in = 20 ft,42.35265508,-71.0644,Survey Plan,1,,1,11.5 x 16.5,Pencil on trace,Edge damage. ,,,,,,,,,,,,,,,,,,,,,,,,,,,,,,,,,,,,,,,,,,,,,,,,,,,,,,,,,,,,,,,,,,,,,,,,,,,,,,,,,,,,,,,,,,,,,,,,,,,,
Perkins_W77_C1853,Lincoln Street/Tufts Street,"Boston, MA",Copy of part of plan of Lincoln Street in City Surveyors Office - L 2203,1893-03-30 (Copied),,"Brown, Edward L.; Hart, H., heirs",Lincoln Street; Essex Street; South Street; Tufts Street,Street layout showing multiple blocks along Lincoln Street. SF and Dimensions are provided for sections along street (possibly sidewalks or land taking). Note indicates plan from City Hall plan numbered L-2515.,,,"Humbert, Pierre, Jr. (Copied)",,C-1853-P,,1 in = 20 ft,42.35133417,-71.0582,Survey Plan,1,,1,25.5 x 35.5,Pencil on trace,Edge damage. Buckling. Deep folds.,,,,,,,,,,,,,,,,,,,,,,,,,,,,,,,,,,,,,,,,,,,,,,,,,,,,,,,,,,,,,,,,,,,,,,,,,,,,,,,,,,,,,,,,,,,,,,,,,,,,
Perkins_W77_C1854,,"North End (Boston, MA)",[Untitled - Charter and Hanover Streets - L-482],1869-07-26 (Copied 1894-10-08),,"Bartlett, Nancy; Fitzgerald, Thomas; Wightman, Joseph M.",Charter Street; Hanover Street; Regency Street; Salutation Street,"Street layout showing multiple lots, some with dimensions, sf, and occupants' names along east side of Hanover Street. Dashed line and shading separates areas along street. Note and facsimile of stamp indicates part of plan number L-482 at City Surveyor's Office.",,,"Davis, Thomas, city engineer (Copied by H.M.)",,C-1854-P,,1 in = 20 ft,42.36599799,-71.0529,Survey Plan,1,,1,21.5 x 8,Pencil on trace,Creases.,,,,,,,,,,,,,,,,,,,,,,,,,,,,,,,,,,,,,,,,,,,,,,,,,,,,,,,,,,,,,,,,,,,,,,,,,,,,,,,,,,,,,,,,,,,,,,,,,,,,
Perkins_W77_C1855,,"North End (Boston, MA)",[Untitled - Battery and Hanover Streets - L-559],1870-06-27 (Copied 1894-10-08),,"Bartlett, Nancy; Tucker, John C.",Battery Street; Hanover Street,Lot plan showing single 702 sf lot with dimensions and misc. measurements related to measurement errors. Note and facsimile of stamp indicates copied from plan number L-482 at City Surveyor's Office; original was corrected 1870-10-12. Illegible note indicating both these lots and one on Clark Street are based on lithographs used for auctioneers' announcements.,,,"Davis, Thomas, city engineer (Copied by H.M.)",,C-1855-P,,1 in = 5 ft,42.36599799,-71.0529,Auctioneer's Plan,1,,1,14 x 9,Pencil on trace,Buckling. Creases. Edge damage.,,,,,,,,,,,,,,,,,,,,,,,,,,,,,,,,,,,,,,,,,,,,,,,,,,,,,,,,,,,,,,,,,,,,,,,,,,,,,,,,,,,,,,,,,,,,,,,,,,,,
Perkins_W77_C1856,,"North End (Boston, MA)",[Untitled - Battery Street],1894-08-02 (Copied 1894-10-06),,"Albertstamm, Jacob D.; Barry, Ann; Canny, Patrick; Fitzgerald, Thomas; Simonds, Michael; Tremere, John B., estate; ",Battery Street; Hanover Street,"Plan showing multiple lots with select dimensions and abutters' names and building footprint (hatched). Edits in ink state ""add as claimed.""",,,"Whitney, Frank O. (Copied by Young, H.J., civil engineer)",,C-1856-P,,1 in = 4 ft,42.36599799,-71.0529,Survey Plan,1,,1,23 x 22,Pencil on trace,Buckling. Creases.,,,,,,,,,,,,,,,,,,,,,,,,,,,,,,,,,,,,,,,,,,,,,,,,,,,,,,,,,,,,,,,,,,,,,,,,,,,,,,,,,,,,,,,,,,,,,,,,,,,,
Perkins_W77_C1857,Boston Harbor Wharves,"South Boston Waterfront (Boston, MA)","Copy of Plan B of Lots in the Union Wharf Estate, Boston",1845-08-21 (Copied 1894-08-18),,Dunbar; Guild; Mahoney; Raymond; Torsleff,Ann Street [North Street]; Commercial Street,"Subdivision plan showing multiple lots numbered 1 thru 15 with dimensions and sf. One large unnumbered lot shows dashed lines, representing building footprints.",Suffolk Registry also has Plan A. Felton & Parker had offices in Charlestown Square; see LMEC plan: https://collections.leventhalmap.org/search/commonwealth:1257b9962,Suffolk Unindexed Plan Bk/Pg 554/141,"Felton & Parker (Copied by Young, Frank)",,C-1857-P,,1 in = 10 ft,42.36580613,-71.0514,Survey Plan,1,,1,10 x 16,Pencil on trace,Buckling. Creases. Edge damage.,,,,,,,,,,,,,,,,,,,,,,,,,,,,,,,,,,,,,,,,,,,,,,,,,,,,,,,,,,,,,,,,,,,,,,,,,,,,,,,,,,,,,,,,,,,,,,,,,,,,
Perkins_W77_C1858_A,Boston Harbor Wharves,"South Boston Waterfront (Boston, MA)",[Untitled - Commercial and North Streets - L-1384],1847-06-09 (Copied),,"Flagg, Dennis F.; Leonard, Celia; Mahoney, John J.; McCoy, John; Prescott, William A.",Commercial Street; Murphy Court [Defunct]; North Street,Subdivision plan showing multiple lots with dimensions and abutters' names. Note indicates copied from plan number L-1384 at City Surveyor's Office. Is one of two plan sketches on sheet.,,,"Davis, Thomas, city engineer",,C-1858-A-P,,1 in = 20 ft,42.36580613,-71.0514,Survey Plan,1,,1,16 x 11.5,Pencil on trace,Edge damage. ,,,,,,,,,,,,,,,,,,,,,,,,,,,,,,,,,,,,,,,,,,,,,,,,,,,,,,,,,,,,,,,,,,,,,,,,,,,,,,,,,,,,,,,,,,,,,,,,,,,,
Perkins_W77_C1858_B,Boston Harbor Wharves,"South Boston Waterfront (Boston, MA)",[Untitled - Commercial and North Streets - L-1384],1878-09-28 (Copied),,"Flagg, Dennis F.; Leonard, Celia; Mahoney, John J.; McCoy, John; Phillips; Prescott, William A.",Commercial Street; Murphy Court [Defunct]; North Street,Subdivision plan showing multiple lots with dimensions and abutters' names. Note indicates copied from plan number CC-282 at City Surveyor's Office. Is second of two plan sketches on sheet.,,,None provided,,C-1858-B-P,,1 in = 50 ft,42.36580613,-71.0514,Survey Plan,,,,11.5 x 15.5,Pencil on trace,Edge damage. ,,,,,,,,,,,,,,,,,,,,,,,,,,,,,,,,,,,,,,,,,,,,,,,,,,,,,,,,,,,,,,,,,,,,,,,,,,,,,,,,,,,,,,,,,,,,,,,,,,,,
Perkins_W77_C1859,Jamaica Pond / Back Bay Park,"Jamaica Plain (Boston, MA)",[Untitled - Chestnut Street between Perkins Street and Pond Avenue],1878-03-07 (Copied 1894-05-18),,"Brookline Land Co.; Jamaica Plan Aqueduct Corporation; Nickerson, Joseph; Thomas",Chestnut Street; Perkins Street; Pond Avenue; Jamaica Plain Aqueduct [Ward's Pond],"Plan showing one 2.29 acre lot bordering aqueduct and course and abutters, Displays dimensions and sf with additional figures in red pencil. Copied from Norfolk Registry version.","Norfolk registry contains various documents related to transactions between Brookline Land Company, Jamaica Plain Aqueduct Co. which eventually led to a court case.",Norfolk Plan #D0392-119; Plan #1960-1099,"Garbett, William A., surveyor (Copied by John McDonald)",,C-1859-P,,1 in = 8 ft,42.322333,-71.1178,Survey Plan,1,,1,15 x 11.5,Pencil on trace,Buckling. Edge damage.,,,,,,,,,,,,,,,,,,,,,,,,,,,,,,,,,,,,,,,,,,,,,,,,,,,,,,,,,,,,,,,,,,,,,,,,,,,,,,,,,,,,,,,,,,,,,,,,,,,,
Perkins_W77_C1860,,"Boston, MA",[Untitled - Copy of Part of Plan showing excavation and river basin],(Copied 1893-07-01),,,,"Rough sketch showing Charles River Basin excavation shoreline and dotted line for 1887 (labelled ""mean line"") and solid line for April 25, 1892. Note indicates copied at Harbor Commissioner's Office. No scale or other information provided.",,,None provided,Boston Harbor Commissioner,C-1860-P,,Scale not given,,,Survey Plan,1,,1,10 x 13.5,Pencil on vellum,Edge damage. Upper right corner missing.,,,,,,,,,,,,,,,,,,,,,,,,,,,,,,,,,,,,,,,,,,,,,,,,,,,,,,,,,,,,,,,,,,,,,,,,,,,,,,,,,,,,,,,,,,,,,,,,,,,,
Perkins_W77_C1861,Dana Estates,"Cambridge, MA",[Part of Plan No. 211 Marked and Described as Follows],1887-11-07 (Copied 1894-07-22),,"Boston & Albany Railroad; Brooks, Caroline L. and Josiah M.; Dana, Richard H., heirs; Otis, James, heirs; Stevens, William B.; Woodman, Edward",Albany Street; Osborn Street; Smart Street; Village Street [Defunct],Plan showing lots spread over multiple blocks. Lots display dimensions and some sf. Note indicates part of Plan No. 211 copied at Cambridge City Hall.,,,(Copied by J.M.),"Cambridge, City of",C-1861-P,,1 in = 20 ft,42.361011,-71.0959,Survey Plan,1,,1,35 x 23,Pencil on trace,Edge damage. Creases.,,,,,,,,,,,,,,,,,,,,,,,,,,,,,,,,,,,,,,,,,,,,,,,,,,,,,,,,,,,,,,,,,,,,,,,,,,,,,,,,,,,,,,,,,,,,,,,,,,,,
Perkins_W77_C1862,,"Roxbury (Boston, MA)",[Untitled - Tremont and Sudbury Streets],Not identified,,"Baptist Church; Burlingame; Fuller, S.P.; Pope, William; Pratt, J.C.",Cabot Street; Coventry Street; Cunard Place; Franklin Place [Defunct]; Oxford Street [Defunct]; Ruggles Street; Sudbury Street; Tremont Street,"Subdivision plan showing lots number 1 thru 20. Selected lots display dimensions, sf, and occupants' names and building footprints.",,,None provided,,C-1862-P,,1 in = 50 ft,42.335678,-71.087,Survey Plan,1,,1,19 x 14.5,Brownline on vellum,Edge damage. Creases. Taped back.,,,,,,,,,,,,,,,,,,,,,,,,,,,,,,,,,,,,,,,,,,,,,,,,,,,,,,,,,,,,,,,,,,,,,,,,,,,,,,,,,,,,,,,,,,,,,,,,,,,,
Perkins_W77_C1863,,"Boston, MA",[Untitled - Friend Street],1855-12-19 (Copied 1894-05-02),,"Bemis; Damon, estate; Gerrish; Hall, J.; Snow",Friend Street,"Lot plan showing lots for two estates with dimensions, sf, building footprints of brick and wooden structures.",Located in part of Congress Street that formerly was on Friend Street.,Suffolk Unindexed Plan Bk/Pg 828/286,"Wadsworth, Alexander (Copied by Bell, F.C.)",,C-1863-P,,1 in = 10 ft,42.36261006,-71.0586,Survey Plan,1,,1,10 x 14,Pencil on trace,Edge damage. ,,,,,,,,,,,,,,,,,,,,,,,,,,,,,,,,,,,,,,,,,,,,,,,,,,,,,,,,,,,,,,,,,,,,,,,,,,,,,,,,,,,,,,,,,,,,,,,,,,,,
Perkins_W77_C1864,,"Boston, MA",[Untitled - Friend Street],1863-04-23 (Copied 1894-05-31),,"Damon, Jas.; Farnham, H., heirs; Hubbard, Charles; ",Friend Street,"Lot plan showing lot with dimensions, sf, locations of abutting sheds and brick structures.",Located in part of Congress Street that formerly was on Friend Street.,,"Wadsworth, Alexander (Copied by Whitney, William H.)",,C-1864-P,,1 in = 10 ft,42.36261006,-71.0586,Survey Plan,1,,1,8.5 x 14,Ink on manilla,,,,,,,,,,,,,,,,,,,,,,,,,,,,,,,,,,,,,,,,,,,,,,,,,,,,,,,,,,,,,,,,,,,,,,,,,,,,,,,,,,,,,,,,,,,,,,,,,,,,,
Perkins_W77_C1865,,"Boston, MA",[Untitled - Friend Street],1868-10-12 (Copied 1894-05-22),"Byam, E.G..; Carlton, S.A.","Bemis; Gerrish, G.W.; Hall, J.; Snow",Friend Street,Lot plan showing two lots outlined in red pencil with dimensions and sf and footprints of edges of abutting areas. Multiple annotations about observations and findings relative to original Wadsworth plan. Location determined by references to Diamond Match Co. and Byam & Carlton Match Co.,Located in part of Congress Street that formerly was on Friend Street.,,None provided,,C-1865-P,,1 in = 10 ft,42.36261006,-71.0586,Survey Plan,1,,1,8 x 10,Ink and pencil on ruled bond paper,,,,,,,,,,,,,,,,,,,,,,,,,,,,,,,,,,,,,,,,,,,,,,,,,,,,,,,,,,,,,,,,,,,,,,,,,,,,,,,,,,,,,,,,,,,,,,,,,,,,,
Perkins_W77_C1866,,"Boston, MA",[Untitled - Charles and Fruit Street],1878-01-01 (Copied 1893-01-01),,,"Ashton Place, Charles Street; Fruit Street; West Boston Bridge [Longfellow Bridge]","Street layout showing roadways, map coordinate reference lines, calculations, and outline of what may be a toll-house. Note indicates taken from Plan Table Ref. Sheet No. 7 in Harbor Commissioner's Office.",,,(Copied by C.L.H.),Boston Harbor Commissioner,C-1866-P,,1 in = 1000 ft (83.33 ft),42.36214058,-71.0713,Survey Plan,1,,1,20 x 17,Pencil on trace,Edge damage. Buckling.,,,,,,,,,,,,,,,,,,,,,,,,,,,,,,,,,,,,,,,,,,,,,,,,,,,,,,,,,,,,,,,,,,,,,,,,,,,,,,,,,,,,,,,,,,,,,,,,,,,,
Perkins_W77_C1867,,"Boston, MA",[Untitled - Commercial Street],1884-05-26 (Copied 1894-11-07),,"Broderick J.M. (formerly Ford); McAllister, J. heirs; Sanborn, B. W.",488 Commercial Street,"Lot plan showing lot outlined in red pencil with sf and dimensions. Displays passageway with calculations on its ""encroachment"" on lot sf. Note indicates copied from an original.",,,"Wadsworth, Alexander (Copied by Bell, F.C.)",,C-1867-P,,1 in = 10 ft,42.36776351,-71.0545,Survey Plan,1,,1,9 x 14.5,Pencil on trace,Edge damage. Discoloration.,,,,,,,,,,,,,,,,,,,,,,,,,,,,,,,,,,,,,,,,,,,,,,,,,,,,,,,,,,,,,,,,,,,,,,,,,,,,,,,,,,,,,,,,,,,,,,,,,,,,
Perkins_W77_C1868,,"Cambridge, MA",Copy of Part of Plan by ___ in Cambridge City Commissioner's Office,(Copied),,John C. Dow & Co.; Hook and Ladder House,Portland Street [Cardinal Medeiros Way]; Thorndike Street,"Street layout showing roads, building footprints, and telephone pole locations. Note indicates original plan, from the City Commissioner's Office, was done for an accident case.","Location was on section of Medeiros Way that previously was part of Thorndike Street. Based on urban atlases, original probably created after early 1880s. John C. Dow was a fertilizer manufacturer.",,(Copied),,C-1868-P,,1 in = 40 ft,42.3707481,-71.0892,Survey Plan,1,,1,21 x 13.5,Pencil on trace,,,,,,,,,,,,,,,,,,,,,,,,,,,,,,,,,,,,,,,,,,,,,,,,,,,,,,,,,,,,,,,,,,,,,,,,,,,,,,,,,,,,,,,,,,,,,,,,,,,,,
Perkins_W77_C1869,,"Newton, MA",Plan of Land in Newton Upper Falls belonging to William J. Butts,1883-12-01 (Copied 1894-09-21),,"Butts, William; Hale; Newton, City of; Pettee Machine Works",Needham Street; Oak Street,"Property plan showing dimensions and square acreage, building footprint, and geospatial reference lines. Note indicates copied at Court Square from a blueprint.",Pettee Machine Works was a manufacturer of cotton machinery and played a role in bringing the railroad to Newton.,,"Noyes, Albert F. (Copied by Young, H. L.)",,C-1869-P,,1 in = 40 ft,42.308018,-71.2185,Survey Plan,1,,1,24 x 23,Pencil on trace,Edge damage. ,,,,,,,,,,,,,,,,,,,,,,,,,,,,,,,,,,,,,,,,,,,,,,,,,,,,,,,,,,,,,,,,,,,,,,,,,,,,,,,,,,,,,,,,,,,,,,,,,,,,
Perkins_W77_C1870,,"Boston, MA",[Untitled - Federal Street and Waverly Place],1836-10-18 (Copied 1894-11-02),,"Boncuer; Drake, A.; Piper, S.; Whitten & Hinckling; Williams, T.",Federal Street; Waverly Place [Defunct],"Plan showing multiple lots outlined in red pencil with sf, dimensions, and footprints of sheds. 3 lots abut [defunct] Waverly Place. Copier's note indicates based on registry copy with some omissions.",,Suffolk Unindexed Plan Bk/Pg 2099/100,"Wadsworth, Alexander (Copied by Young, H. J.)",,C-1870-P,,1 in = 10 ft,42.35266,-71.056,Survey Plan,1,,1,10.5 x 14,Pencil on trace,,,,,,,,,,,,,,,,,,,,,,,,,,,,,,,,,,,,,,,,,,,,,,,,,,,,,,,,,,,,,,,,,,,,,,,,,,,,,,,,,,,,,,,,,,,,,,,,,,,,,
Perkins_W77_C1871,,"Boston, MA",Copy of Part of CC-133 - Harrison Avenue,1874-11-27 (Copied),,"Baker, Mary; Barrett, Gilman; Caroll, Ellen J.; Higgins, Julia; ",Asylum Street [William E. Mullins Way]; Harrison Avenue; Lovering Place [Defunct]; Onieda Street [Defunct]; Oswego Street [Defunct]; Seneca Street [Defunct],"Street layout showing Harrison Avenue and entry to adjacent streets, outline of building fronts with street numbers, street and sidewalk dimensions and sf. Building frontages outlined in red pencil. Street numbers range from 308 thru 339 (since renumbered).",Boston City Reports indicate Harrison Avenue was the focus of improvements during the 1870s.,,None provided,Boston City Surveyors Office,C-1871-P,,1 in = 20 ft,42.3454463,-71.0636,Survey Plan,1,,1,20 x 8.5,Pencil on vellum,Stains.,,,,,,,,,,,,,,,,,,,,,,,,,,,,,,,,,,,,,,,,,,,,,,,,,,,,,,,,,,,,,,,,,,,,,,,,,,,,,,,,,,,,,,,,,,,,,,,,,,,,
Perkins_W77_C1872,,"Boston, MA",[Untitled - Friend Street],(Copied 1894-04-27),,Boston Mill Company,Friend Street; Traverse Street [Valenti Way],"Subdivision plan showing lots no. 1 thru 4 with 3'-6"" wide passageway. Displays dimensions. Note indicates registry copy that lacked date or scale.","Plan shows lots 10 and 72 Mill Pond. This refers to lots owned by the Boston Mill Corporation, which are shown in an 1885 City Surveyor's plan at the Suffolk Registry.",Suffolk Unindexed Plan Bk/Pg 341/271; Plan Book 5,(Copied by H.M.),,C-1872-P,,1 in = 25 ft,42.36261006,-71.0586,Survey Plan,1,,1,8 x 10,Pencil on ruled bond paper,Stains.,,,,,,,,,,,,,,,,,,,,,,,,,,,,,,,,,,,,,,,,,,,,,,,,,,,,,,,,,,,,,,,,,,,,,,,,,,,,,,,,,,,,,,,,,,,,,,,,,,,,
Perkins_W78_C2551,,"Boston, MA",Copy of Land belonging to Longwood Avenue Land Trust,1903-07-10 (Copied 1903-07-10),Longwood Avenue Land Trust,"Boston Water Power Company; Moses William, et al.; Rice, Nehemiah W. ",Longwood Avenue; Worthington Street [Palace Road],"Lot plan showing lot alongside Worthington Street. Sheet is in two pieces with middle section missing; note states ""Found forth fragments - where is plan"" and ""From plan left by Mr. Fessindon"" and Warren had agreed in 1894 that midway from creek center abt 6 ft south.",Nehemiah W. Rice was prominent Boston-area merchant and financier.,,(Copied),,C-2551-P,"8, 651",1 in = 40 ft,42.336835,-71.1005,Survey Plan,1,,1,9.5 x 12,Pencil on trace,2 panels. Dimensions reflect dimensions for each. Edge damage.,,,,,,,,,,,,,,,,,,,,,,,,,,,,,,,,,,,,,,,,,,,,,,,,,,,,,,,,,,,,,,,,,,,,,,,,,,,,,,,,,,,,,,,,,,,,,,,,,,,,
Perkins_W78_C2552,Downtown Boston Infrastructure,"Boston, MA",[Untitled - Devonshire and Water Streets],(Copied 1904-08-20),"Beals, Greene & Co.; Howe, George",,Devonshire Street; Water Street,"Plan showing layout of two abutting properties with hatched dividing walls with dimensions and dividing line between ""estates."" Note indicates copied from registry version.",Urban atlases indicate abutting lots owned by estate of George Howe and of building later known as the Boston Post Building and then the Commonwealth Building. Beals & Greene were co-founders of the Boston Post newspaper.,,Sprague (Copied by F.C.W.),,C-2552-P,,1 in = 4 ft,42.35760928,-71.0574,Survey Plan,1,,1,8.5 x 11,Pencil on trace,Buckling. Hole.,,,,,,,,,,,,,,,,,,,,,,,,,,,,,,,,,,,,,,,,,,,,,,,,,,,,,,,,,,,,,,,,,,,,,,,,,,,,,,,,,,,,,,,,,,,,,,,,,,,,
Perkins_W78_C2553,,"Boston, MA",[Untitled - Court Street],1904-06-25 (Copied),,,Court Street; Stoddard Street [Defunct]; Sudbury Street,"Street layout showing section of Court Street with dimensions and reference points. Note says ""copied from part of E-24"" and to ""get copy date.""","Intersection of Court and Sudbury Streets have been reworked, corner now is at Cambridge Street near Government Center MBTA station.",,(Copied by F.C.W.),,C-2553-P,,Scale not given,42.35965737,-71.0597,Survey Plan,1,,1,9.5 x 7,Pencil on trace,,,,,,,,,,,,,,,,,,,,,,,,,,,,,,,,,,,,,,,,,,,,,,,,,,,,,,,,,,,,,,,,,,,,,,,,,,,,,,,,,,,,,,,,,,,,,,,,,,,,,
Perkins_W78_C2554,,"Boston, MA",[Untitled - Stoddard between Court Street and Howard Street],1902-01-01 (Copied),,"Codman, J. Amory, heirs; Kenny, H.L., trust;",Court Street; Howard Street [Defunct]; Stoddard Street [Defunct],"Partial copy of a section from a 1902 Bromley Atlas pasted onto a Fuller Whitney Surveys Corp. stationary sheet. Displays 7 lots, some with sf and lot numbers for 110 thru 126 Court Street.",,,"Bromley, George W. (Copied)",,C-2554-P,,1 in = 80 ft,42.35965737,-71.0597,Survey Plan,1,,1,6 x 9.5 [Image 4 x 4],Lithograph,Bromley segment is affixed by a sharp pin or nail.,,,,,,,,,,,,,,,,,,,,,,,,,,,,,,,,,,,,,,,,,,,,,,,,,,,,,,,,,,,,,,,,,,,,,,,,,,,,,,,,,,,,,,,,,,,,,,,,,,,,
Perkins_W78_C2555,,"Boston, MA","[Untitled - Boylston, Church, and Providence Streets]",1843-08-18 (Copied 1887-12-07),,,Boylston Street; Church Street [Hadassah Way]; Providence Street,"Subdivision plan showing six numbered lots with abutting passageways, dimensions, sf, and outlines of buildings and front steps. Two lots are identified as brick buildings. Lots display multiple numbered references as well as notes in red ink about wall locations and registry documents. Notations indicate reflects input from registry plans and deeds between 1889 and 1904.","Lots contain multiple numbering systems, which may reflect either lot division numbers or street numbers (only a few coincide with 21st-century street numbers). Registry version of original Wadsworth plan shows that lots were part of larger multi-block subdivision.",Suffolk Unindexed Plan Bk/Pg 510/302; Deed Bk/Pg 1910/581,"Wadsworth, Alexander (Copied by Whitney, William H.)",,C-2555-P,,1 in = 10 ft,42.35190518,-71.0691,Survey Plan,1,,1,16 x 18,Ink on vellum,Creases.,,,,,,,,,,,,,,,,,,,,,,,,,,,,,,,,,,,,,,,,,,,,,,,,,,,,,,,,,,,,,,,,,,,,,,,,,,,,,,,,,,,,,,,,,,,,,,,,,,,,
Perkins_W78_C2556,,"Dorchester (Boston, MA)",[Untitled - Part of plan of Hancock Street at Glendale],1899-01-01 (Copied 1904-03-16),,"Griffith, Mary E.; Parkman Dexter Trust; Ripley, Charles",Glendale Street; Hancock Street,"Plan showing 3 lots with dimensions of street frontage and building footprints. Notes indicate copied from City plan #CC-682 of Hancock Widening between Columbia and Freeport Street. Note by Whitney refers ""HJM work for Whittemore.""",,,(Copied by F.C.W.),,C-2556-P,,1 in = 40 ft,42.31363997,-71.0651,Survey Plan,1,,1,12 x 10,Pencil on trace,Edge damage. ,,,,,,,,,,,,,,,,,,,,,,,,,,,,,,,,,,,,,,,,,,,,,,,,,,,,,,,,,,,,,,,,,,,,,,,,,,,,,,,,,,,,,,,,,,,,,,,,,,,,
Perkins_W78_C2557,,"Boston, MA",[Untitled - Part of plan of Granby Street at Bay State],1892-01-01 (Copied 1904-07-04),,,Baystate Road; Granby Street,Street layout showing dimensions and geospatial reference points. Displays original drawing number N-22 and note indicating copy of part of plan Part 2.,,,(Copied by F.C.W.),,C-2557-P,,1 in = 250 ,42.35050517,-71.1036,Survey Plan,1,,1,20.5 x 24.5,Pencil on trace,Edge damage. Creases. Discoloration.,,,,,,,,,,,,,,,,,,,,,,,,,,,,,,,,,,,,,,,,,,,,,,,,,,,,,,,,,,,,,,,,,,,,,,,,,,,,,,,,,,,,,,,,,,,,,,,,,,,,
Perkins_W78_C2558,,"Boston, MA",[Untitled - Beacon and Chestnut Streets],1824-07-27 (Copied 1904-05-05),,Jackson; Joy; Mason,Beacon Street; Charles Street; Chestnut Street; Spruce Street,"Subdivision plan showing 17 lots grouped into sections labelled A, B, C and separated by a passageway (Branch Street). Displays dimensions. Note indicates copied from registry version but not a complete copy.",,,(Copied by H.K.),,C-2558-P,,1 in = 40 ft,42.35694694,-71.0686,Survey Plan,1,,1,15 x 10,Pencil on trace,Buckling. Edge damage.,,,,,,,,,,,,,,,,,,,,,,,,,,,,,,,,,,,,,,,,,,,,,,,,,,,,,,,,,,,,,,,,,,,,,,,,,,,,,,,,,,,,,,,,,,,,,,,,,,,,
Perkins_W78_C2559,,"Boston, MA",[Untitled - Hawley Street],(Copied 1904-01-29),,"Harvard College, president & fellows; Upham, George P.; Wigglesworth, Ann and Mary",Hawley Street; Morton Court [Hawley Place],Street plan showing multiple properties with dimensions of building fronts and sidewalks. Handwritten note indicates based on City Surveyor's Office Plan Vol XXII (L - 819).,,,(Copied by F.C.W.),Boston City Surveyors Office,C-2559-P,,1 in = 30 ft,42.356093,-71.0585,Survey Plan,1,,1,10 x 7,Pencil on trace,Edge damage. ,,,,,,,,,,,,,,,,,,,,,,,,,,,,,,,,,,,,,,,,,,,,,,,,,,,,,,,,,,,,,,,,,,,,,,,,,,,,,,,,,,,,,,,,,,,,,,,,,,,,
Perkins_W78_C2560,,"Boston, MA",[Untitled - Franklin Place and Hawley Street],1858-02-26 (Copied 1904-12-07) ,,Wigglesworth,Hawley Street; Franklin Place [Hawley Place],"Lot showing building footprint with dimensions and sf, abutting passage way.",,Suffolk Unindexed Plan Bk/Pg 732/40; Plan Book 5,"Wadsworth, Alexander (Copied by Whitney, William H.)",,C-2560-P,,1 in = 20 ft,42.356093,-71.0585,Survey Plan,1,,1,12.5 12.5,Pencil on trace,Edge damage. Creases. Discoloration.,,,,,,,,,,,,,,,,,,,,,,,,,,,,,,,,,,,,,,,,,,,,,,,,,,,,,,,,,,,,,,,,,,,,,,,,,,,,,,,,,,,,,,,,,,,,,,,,,,,,
Perkins_W78_C2561,Ipswich Street,"Boston, MA",[Untitled - Ipswich Street],1905-03-23,,,Boylston Street; Ipswich Street,Lot plan showing 1 lot with dimension; also shows locations of engineering spikes put in by surveying division. Contains original stamp from City of Boston Park Department.,"See other plans. Per urban atlases, land owned by Gordon Dexter. Is site of Fenway Studio, an artists' studio building designated as a national landmark.",,None provided,,C-2561-P,"43, 64",Scale not given,42.34743806,-71.0905,Survey Plan,1,,1,10.5 x 8,Ink on manilla,,,,,,,,,,,,,,,,,,,,,,,,,,,,,,,,,,,,,,,,,,,,,,,,,,,,,,,,,,,,,,,,,,,,,,,,,,,,,,,,,,,,,,,,,,,,,,,,,,,,,
Perkins_W78_C2562,,"Boston, MA",[Untitled - Boylston and Parker Streets],(Copied 1905-03-03),,,Boylston Street; Parker Street [Hemenway Street],"Street layout showing front of building footprints with steps, dimensions, and geospatial references and location of street markers. Notes indicate locations of ""red lines."" Copy of City Engineer's Plan M-48",,,(Copied by F.C.W.),Boston City Engineers Office,C-2562-P,,1 in = 20 ft,42.346812,-71.0889,Survey Plan,1,,1,24.5 x 20.5,Pencil on trace,Creases.,,,,,,,,,,,,,,,,,,,,,,,,,,,,,,,,,,,,,,,,,,,,,,,,,,,,,,,,,,,,,,,,,,,,,,,,,,,,,,,,,,,,,,,,,,,,,,,,,,,,
Perkins_W78_C2563,,,[Untitled - Unspecified Location],Not identified,,,,"Small schematic of street intersection with dimensions. No metadata about date, author, location. Reference number followed by question mark.",,,None provided,,C-2563-P,,1 in = 50 ft,,,Survey Plan,1,,1,7.5 x 6.5,Pencil on trace,,,,,,,,,,,,,,,,,,,,,,,,,,,,,,,,,,,,,,,,,,,,,,,,,,,,,,,,,,,,,,,,,,,,,,,,,,,,,,,,,,,,,,,,,,,,,,,,,,,,,
Perkins_W78_C2563_A,Ipswich Street,"Boston, MA",[L-2899 - Ipswich Street - Profile of South Side],1899-07-20 (Copied 1905-03-06),,,Charlesgate East; Hemenway Street; Ipswich Street,"Plan and profile of Ipswich Street comparing grade of edgestone to Boston City Base and line 10 feet above City Base; extends from Hemenway to ""bridge"" at Charlesgate/Fens. Note indicates taken from City Engineers drawing #L-2899.",,,"Jackson, William, city engineer (Copied by Wales, P.C.)",Boston City Engineers Office,C-2563-A-P,"43, 64",Horiz: 1 in = 40 ft; Vert: 1 in = 4 ft,42.34743806,-71.0905,Survey Plan,1,,1,24.5 x 10.5,Pencil on trace,Creases.,,,,,,,,,,,,,,,,,,,,,,,,,,,,,,,,,,,,,,,,,,,,,,,,,,,,,,,,,,,,,,,,,,,,,,,,,,,,,,,,,,,,,,,,,,,,,,,,,,,,
Perkins_W78_C2563_B,Ipswich Street,"Boston, MA",[L-2899 - Ipswich Street - Profile of North Side],1899-07-20 (Copied 1905-03-06),,,Charlesgate East; Hemenway Street; Ipswich Street,"Plan and profile of Ipswich Street comparing grade of edgestone to Boston City Base and line 10 feet above City Base; extends from Hemenway to ""bridge"" at Charlesgate/Fens. Note indicates taken from City Engineers drawing #L-2899.",,,"Jackson, William, city engineer (Copied by Wales, P.C.)",Boston City Engineers Office,C-2563-B-P,"43, 64",Horiz: 1 in = 40 ft; Vert: 1 in = 4 ft,42.34743806,-71.0905,Survey Plan,1,,1,24.5 x 10.5,Pencil on trace,Creases.,,,,,,,,,,,,,,,,,,,,,,,,,,,,,,,,,,,,,,,,,,,,,,,,,,,,,,,,,,,,,,,,,,,,,,,,,,,,,,,,,,,,,,,,,,,,,,,,,,,,
Perkins_W78_C2563_C,Ipswich Street,"Boston, MA",[Untitled - Boylston Road and Ipswich Street],(Copied),,"Dexter, Gordon; Geiger, Albert",Boylston Road [Boylston Street]; Boylston Street; [Ipswich Street],"Street layout showing 60 ft wide passageway off of Boylston Road with dimensions and geospatial references and building footprint. Lacks date, scale, and creator information.",,,(Copied),,C-2563-C-P,"43, 64",1 in = 40 ft,42.34743806,-71.0905,Survey Plan,1,,1,16.5 x 12,Pencil on trace,Creases.,,,,,,,,,,,,,,,,,,,,,,,,,,,,,,,,,,,,,,,,,,,,,,,,,,,,,,,,,,,,,,,,,,,,,,,,,,,,,,,,,,,,,,,,,,,,,,,,,,,,
Perkins_W78_C2564,Ipswich Street,"Boston, MA",[Untitled - Boylston Road and Ipswich Street - Plan No. 9],Not identified,,,Boylston Road [Boylston Street]; Ipswich Street,"Study showing alternative layout for subdivision with new street. Shows 19 lots with pencilled-in dimensions and location of large proposed new building. Lacks scale, date, authorship. Is continuation of studies done - Items numbered 1981-3140/1989-3147. ","Proposed building is site of Fenway Studios, which opened c. 1905.",,None provided,,C-2564-P,"43, 64",1 in = 80 ft,42.34743806,-71.0905,Survey Plan,1,,1,11 x 7.5,Ink on vellum,,,,,,,,,,,,,,,,,,,,,,,,,,,,,,,,,,,,,,,,,,,,,,,,,,,,,,,,,,,,,,,,,,,,,,,,,,,,,,,,,,,,,,,,,,,,,,,,,,,,,
Perkins_W78_C2565,Downtown Boston Infrastructure,"Boston, MA","[Untitled - Devonshire, Spring Lane, Washington, and Water Streets]",(Copied 1905-04-18),,"Andrews, A.; Ashton, J., heirs; Carter, T.H.; Minot, William; Old South Church",Devonshire Street; Spring Lane; Washington Street; Water Street,"Two sketches copied from engineering plans showing locations of pipes and outlets or manholes. Tope plan, labelled #13 from Water Dept. at City Hall shows subsurface water pipe along spring lane. Bottom plan, labelled Central District Pag 10, shows pipe dimensions, outlets, and location of lots and some occupants.",,,(Copied by F.C.W.),Boston City Water & Sewer Department,C-2565-P,,1 in = 50 ft,42.35760928,-71.0574,Survey Plan,1,,1,10.5 x 13,Pencil on trace,Edge damage. Creases. Ink blotches obscure content.,,,,,,,,,,,,,,,,,,,,,,,,,,,,,,,,,,,,,,,,,,,,,,,,,,,,,,,,,,,,,,,,,,,,,,,,,,,,,,,,,,,,,,,,,,,,,,,,,,,,
Perkins_W78_C2566,Downtown Boston Infrastructure,"Boston, MA","[Untitled - Devonshire, Spring Lane, Washington, and Water Streets]",(Copied 1905-04-18),,"Blackall, C.H.; Carter, Timonthy H.; Goodwin, Lucy N.; Minot, William, Wadsworth, Alexander F. Lucy G. & Oliver F.",Devonshire Street; Spring Lane; Washington Street; Water Street,"Layout showing 3 lots with dashed line for street widening. Note indicates copied from City Surveyor's office, drawing L-2451 and L-3455.",,,(Copied by M.J.O.),Boston City Surveyors Office,C-2566-P,,1 in = 20 ft,42.35760928,-71.0574,Survey Plan,1,,1,10.5 x 16.5,Pencil on trace,Edge damage. Creases. Ink blotches obscure content.,,,,,,,,,,,,,,,,,,,,,,,,,,,,,,,,,,,,,,,,,,,,,,,,,,,,,,,,,,,,,,,,,,,,,,,,,,,,,,,,,,,,,,,,,,,,,,,,,,,,
Perkins_W78_C2567,Downtown Boston Infrastructure,"Boston, MA","Copy of Spring Lane, City Proper: Plan for paving as a footway",(Copied 1905-04-18),,,Devonshire Street; Spring Lane; Washington Street; Water Street,"Paving plan showing layout of Spring Street with dimensions and reference lines, location of drop inlet, and outlines of buildings. Plan references five cross sections, which display heights and grading between Devonshire and Washington Street.",,,"Jackson, William, city engineer (Copied by M.J.O.)",Boston City Surveyors Office,C-2567-P,,Horiz: 1 in = 5 ft; Vert: 1 in = 1 ft,42.35760928,-71.0574,Survey Plan,1,,1,24.5 x 20.5,Pencil on trace,Creases.,,,,,,,,,,,,,,,,,,,,,,,,,,,,,,,,,,,,,,,,,,,,,,,,,,,,,,,,,,,,,,,,,,,,,,,,,,,,,,,,,,,,,,,,,,,,,,,,,,,,
Perkins_W78_C2568,Downtown Boston Infrastructure,"Boston, MA",Copy of Massachusetts Telephone & Telegraph Co. - Proposed Location of Conduit,1909-04-06 (Copied 1905-04-18),,,Devonshire Street; Spring Lane; Washington Street; Water Street,"Engineering plan showing layout of proposed conduit along Spring Lane with location of pipes, dimensions. Also shows cross section of proposed concrete conduit. Note says ""Full black lines show conduit as laid."" Notes indicate based on Mass. T&T drawing no. 1079 as copied from [water?] department. Penciled lines are coded by color, referring to a legend for colored lines representing telephone, gas, water, sewer, and pneumatic tube lines.",,,(Copied by C.F.W.),Massachusetts Telephone & Telegraph Company,C-2568-P,,1 in = 20 ft,42.35760928,-71.0574,Survey Plan,1,,1,24 x 21,Pencil on trace,Creases.,,,,,,,,,,,,,,,,,,,,,,,,,,,,,,,,,,,,,,,,,,,,,,,,,,,,,,,,,,,,,,,,,,,,,,,,,,,,,,,,,,,,,,,,,,,,,,,,,,,,
Perkins_W78_C2569,,"Boston, MA",[Untitled - Devonshire and Spring Lane],Not identified,,"Minot, William; Old South Building Trust; Winthrop",Devonshire Street; Spring Lane,"Street layout showing dimensions along Spring Lane between two building with passage and proposed steam pipe location. Drawn on a piece of stationary with the stamp of J.P. Perry & Co., 195 Devonshire Street.",J.P. Perry was a plumber and steam-fitter with Boston offices.,,None provided,,C-2569-P,,Scale not given,42.35760928,-71.0574,Survey Plan,1,,1,9.5 x 6.5,Ink on bond,,,,,,,,,,,,,,,,,,,,,,,,,,,,,,,,,,,,,,,,,,,,,,,,,,,,,,,,,,,,,,,,,,,,,,,,,,,,,,,,,,,,,,,,,,,,,,,,,,,,,
Perkins_W78_C2570,,"Roxbury (Boston, MA)",[Untitled - Shawmut Avenue - L-994],1871-04-08 (Copied 1905-06-06),,"Abele, Francis J. ; Ackerman, Emil F.; Bailey, O. C.; Batchelder, C.N.; Bell, William F.; Champney, William L.; Church, German M.E.; Clark, Daniel; Cordingley, William S.; Dowd, John J.; German Methodist Episcopal Church; Good, John; Griggs, John; Ham, Joseph; Homer, Caroline; Howe, William R.; Humphrey, John; Jenness, Edwin R.; Litchfield, Edward F.; Monahan, Thomas; Moore, John; O’Donnell, Mary; Palmer, William H.; Riley, Michael & Peter; Rogers, John; Shay, William E.; Shorland, Joseph B.; Sortwell, John K.; Vanier, Ann ",Ruggles Street; Shawmut Avenue; Vernon Street [Madison Park Court],"Street layout showing dimensions of sidewalks, outlines of property lots, street numbers, and occupants' names. Note references corrections made in taking from Palmer, Sharland, Sorttwell, Palmer, and Humphrey in April, 1875. Humphrey and Sortwell lots' display red pencil markings. Copied from plan L-994 at City Surveyor's Office.",Shows section of Vernon Street at Shawmut which later become Madison Park Court.,,"Davis, Thomas W., city engineer (Copied by M.J.O.)",Boston City Engineers Office,C-2570-P,,1 in = 20 ft,42.33090046,-71.0851,Survey Plan,1,,1,28.x x 21,Pencil on trace,Creases. Discoloration. Dimensions include taped-on 4 x 10 piece showing Vernon Street.,,,,,,,,,,,,,,,,,,,,,,,,,,,,,,,,,,,,,,,,,,,,,,,,,,,,,,,,,,,,,,,,,,,,,,,,,,,,,,,,,,,,,,,,,,,,,,,,,,,,
Perkins_W78_C2571,,"Roxbury (Boston, MA)",Copy of Plan of Six Lots in Roxbury belonging to Mr. Luke Baldwin,1842-11-02 (Copied 1905-06-06),"Baldwin, Luke","Ames; Child, Aaron; Hall, Hiram; Hunt, Susan",Ruggles Street; Williams Street [Shawmut Avenue],"Subdivision plan showing 6 numbered lots alongside 3 abutters' lots. Displays dimensions and sf. Note refers to interim version dated 1875-10-08 by L. Briggs at Norfolk Registry and copied at ""old court house.""",Norfolk Registry of Deeds contains multiple documents related to site. This section of Williams Street was renamed Shawmut Avenue in 1855. Luke Baldwin was member of a Boston merchant family.,Norfolk Plan #1842-8; Bk/Pg 2/8,"Moseley, Thomas M. (Copied by M.J.O.",,C-2571-P,,1 in = 40 ft,42.33177888,-71.084,Survey Plan,1,,1,10.5 x 18.5,Pencil on trace,Creases.,,,,,,,,,,,,,,,,,,,,,,,,,,,,,,,,,,,,,,,,,,,,,,,,,,,,,,,,,,,,,,,,,,,,,,,,,,,,,,,,,,,,,,,,,,,,,,,,,,,,
Perkins_W78_C2572,,"Roxbury (Boston, MA)",[Untitled - Ruggles Street between Shawmut and Washington Streets],1858-11-12 (Copied 1905-06-03),,"Bacon, William & A.; Bailey; Bell; Dean, Amos J.",Ruggles Street; Shawmut Avenue; Washington Street,"Street layout showing layout of Ruggles Street with footprints and dimensions of fronts of building lots. Note highlighting corner angle of Ruggles and Shawmut intersection states ""use Davis Angle"" and that plan copied from City Surveyor's office, Volume 51, Page 231.",,,"Moses, T.B. (Copied by M.L.O.)",Boston City Surveyors Office,C-2572-P,,1 in = 30 ft,42.33177888,-71.084,Survey Plan,1,,1,20.5 x 6.5,Pencil on trace,,,,,,,,,,,,,,,,,,,,,,,,,,,,,,,,,,,,,,,,,,,,,,,,,,,,,,,,,,,,,,,,,,,,,,,,,,,,,,,,,,,,,,,,,,,,,,,,,,,,,
Perkins_W78_C2573,,"Roxbury (Boston, MA)",[Untitled - Ruggles Street between Shawmut and Washington Streets],1842-02-01 (Copied 1905-06-07),,"Amos; Bacon, William; Baldwin; Dean; Haskins; Hunt",Ruggles Street; Shawmut Avenue; Washington Street,"Street layout showing layout of Ruggles Street with lot footprints and dimensions of section of Ruggles Street towards Washington Street. Previous street names for Ruggles and Shawmut are shown but crossed out. Plan copied from City Surveyor's office, Volume 51, Page51.",,,"Fuller, Stephen P. (Copied by M.J.C.)",Boston City Surveyors Office,C-2573-P,,1 in = 50 ft,42.33177888,-71.084,Survey Plan,1,,1,20 x 6,Pencil on trace,Creases.,,,,,,,,,,,,,,,,,,,,,,,,,,,,,,,,,,,,,,,,,,,,,,,,,,,,,,,,,,,,,,,,,,,,,,,,,,,,,,,,,,,,,,,,,,,,,,,,,,,,
Perkins_W78_C2574,,"Boston, MA",[Untitled - Allston Place and Somerset Street],1843-05-22 (Copied 1905-09-26),,Davis; Hammond; Parkman; Townsend,Allston Place [Defunct],Plan showing Lots A and B with dimensons and sf and location of two passageways.,,Suffolk Unindexed Plan Bk/Pg 513/157,"Wadsworth, Alexander (Copied by C.F.W.)",,C-2574-P,,1 in = 10 ft,42.35968067,-71.0617,Survey Plan,1,,1,10 x 13,Pencil on trace,Edge damage. Creases.,,,,,,,,,,,,,,,,,,,,,,,,,,,,,,,,,,,,,,,,,,,,,,,,,,,,,,,,,,,,,,,,,,,,,,,,,,,,,,,,,,,,,,,,,,,,,,,,,,,,
Perkins_W78_C2575,Brookline - Park & Vernon Streets,"Brookline, MA",Copy of Part of Plan and Profiles of a part of Vernon Street,1882-05-29 (Copied 1902-06-01),,,Park Street; Vernon Street,Street layout and profiles showing dimensions and calculations. Note indicates copied from Brookline Office of the Town Clerk; plan reference No. 3-60.,,,"French, Alexis H. (Copied)",,C-2575-P,,Horiz: 1 in = 30 ft; Vert: 1 in = 4 ft; Profile: 1 in = 40 ft,42.33956191,-71.1242,Survey Plan,1,,1,17.5 x 20.5,Pencil on trace,Creases.,,,,,,,,,,,,,,,,,,,,,,,,,,,,,,,,,,,,,,,,,,,,,,,,,,,,,,,,,,,,,,,,,,,,,,,,,,,,,,,,,,,,,,,,,,,,,,,,,,,,
Perkins_W78_C2576,Brookline - Park & Vernon Streets,"Brookline, MA",Copy of Part of Plan and Profiles of a part of Park Street,1871-09-05 (Copied 1902-05-29),,Bacon; Chase; Hall; Parker; Rice,Auburn Street; Harvard Avenue; Marion Street; Park Street; Vernon Street,Street layout and profiles showing dimensions and calculations as well as select building footprints and abutters' names. References a plan done 1871-94-20. Note indicates copied from Brookline Office of the Town Clerk; plan reference no: 7-1664,,,(Copied by C.F.W.),Brookline Town Office,C-2576-P,,Horiz: 1 in = 40 ft,42.33956191,-71.1242,Survey Plan,1,,1,21 x 10.5,Pencil on trace,Buckling. Creases.,,,,,,,,,,,,,,,,,,,,,,,,,,,,,,,,,,,,,,,,,,,,,,,,,,,,,,,,,,,,,,,,,,,,,,,,,,,,,,,,,,,,,,,,,,,,,,,,,,,,
Perkins_W78_C2577,Brookline - Park & Vernon Streets,"Brookline, MA",Copy of Part of Plan 39 showing sewers - Park Street,(Copied),,,Auburn Street; Harris Street; Park Street,"Street layout showing location of sewer lines with dimensions and calculations. Lacks metadata such as date, scale, creator. Note indicates copied from Brookline Office of the Town Clerk; plan reference number: 19-1367",,,(Copied by C.F.W.),Brookline Town Office,C-2577-P,,Scale not given,42.33956191,-71.1242,Engineering Drawing,,,,,Pencil on trace,,,,,,,,,,,,,,,,,,,,,,,,,,,,,,,,,,,,,,,,,,,,,,,,,,,,,,,,,,,,,,,,,,,,,,,,,,,,,,,,,,,,,,,,,,,,,,,,,,,,,
Perkins_W78_C2578,Brookline - Park & Vernon Streets,"Brookline, MA",Copy of Part of Plan showing sewer profiles - Vernon Street,1901-01-01 (Copied 1905-01-01),,,Auburn Street; Harvard Street,Street profiles showing dimensions and reference points. References a plan done 1871-94-20. Note indicates copied from Brookline Office of the Town Clerk; plan reference no: 2-1445,,,(Copied by C.F.W.),Brookline Town Office,C-2578-P,,Horiz: 1 in = 40 ft; Vert: 1 in = 5 ft,42.33956191,-71.1242,Engineering Drawing,1,,1,17.5 x 10,Pencil on trace,Edge damage. Creases. Tear.,,,,,,,,,,,,,,,,,,,,,,,,,,,,,,,,,,,,,,,,,,,,,,,,,,,,,,,,,,,,,,,,,,,,,,,,,,,,,,,,,,,,,,,,,,,,,,,,,,,,
Perkins_W78_C2579,Brookline - Park & Vernon Streets,"Brookline, MA",Copy of Part of Plan showing sewer profiles - Vernon Street,(Copied 1905-10-01),,,Park Street; Vernon Street,"Street layout showing location of water lines with dimensions, including pipe dimensions. Note indicates copied from Town Water Dept.",,,(Copied by C.F.W.),Brookline Town Office,C-2579-P,,Scale not given,42.33956191,-71.1242,Engineering Drawing,1,,1,12.5 x 7,Pencil on trace,Edge damage. Discoloration.,,,,,,,,,,,,,,,,,,,,,,,,,,,,,,,,,,,,,,,,,,,,,,,,,,,,,,,,,,,,,,,,,,,,,,,,,,,,,,,,,,,,,,,,,,,,,,,,,,,,
Perkins_W78_C2580,,"Cambridge, MA",Copy of Part of a Plan of Harvard Hill,1838-06-05 (Copied 1905-06-17),,"Munroe, E.",Cambridge Street; Line Street; Middlesex Turnpike [Hampshire Street],Subdivision plan showing 23 lots with dimensions and sf. Also features inset with three numbered lots but unclear provenance. Note indicates copied from Middlesex Court House.,,,"Wadsworth, Alexander (Copied by M.J.O.)",,C-2580-P,,1 in = 120 ft,42.37425372,-71.1023,Survey Plan,1,,1,18 x 10,Pencil on trace,Edge damage. Creases. Discoloration.,,,,,,,,,,,,,,,,,,,,,,,,,,,,,,,,,,,,,,,,,,,,,,,,,,,,,,,,,,,,,,,,,,,,,,,,,,,,,,,,,,,,,,,,,,,,,,,,,,,,
Perkins_W78_C2581,,"Cambridge, MA",Copy of Part of a Plan - Avon Hill and Linnean Street,1905-04-07 (Copied 1905-04-10),,"Bennett, Jennie H.",Avon Hill Street; Bates Street; Linnaean Street; Raymond Street,"Plan showing lot with measurements related to street ""facing."" Notes indicate copied from plan by Mr. Mason in City Engineers' Office and Registry of Deeds. Sketched on Fuller Whitney office letterhead stationery. Miscellaneous calculations on verso.","Per urban atlases, the lot was owned by Charles W. Cook.",,(Copied),,C-2581-P,,Scale not given,42.38371326,-71.1246,Survey Plan,1,,1,8.5 x 11,Pencil on manilla,Creases.,,,,,,,,,,,,,,,,,,,,,,,,,,,,,,,,,,,,,,,,,,,,,,,,,,,,,,,,,,,,,,,,,,,,,,,,,,,,,,,,,,,,,,,,,,,,,,,,,,,,
Perkins_W78_C2582,Brookline - Park & Vernon Streets,"Brookline, MA",Copy of Part of Plan and Sewer Profiles of a part of Park Street,1901-01-01 (Copied 1905-10-04),,,Harvard Avenue; Park Street; Vernon Street,"Street layout and profiles showing dimensions, reference points, and calculations. References a plan done 1871-94-20, C-14-3-1456.",,,(Copied by C.F.W.),,C-2582-P,,Horiz: 1 in = 50 ft; Vert: 1 in = 5 ft,42.33956191,-71.1242,Engineering Drawing,1,,1,10 x 7,Pencil on trace,Creases.,,,,,,,,,,,,,,,,,,,,,,,,,,,,,,,,,,,,,,,,,,,,,,,,,,,,,,,,,,,,,,,,,,,,,,,,,,,,,,,,,,,,,,,,,,,,,,,,,,,,
Perkins_W78_C2583_A,Brookline - Park & Vernon Streets,"Brookline, MA",Copy of Plan of Harvard Place in Brookline,1843-10-11 (Copied 1905-11-15),"Craft, Samuel",,Harvard Avenue; Harvard Place,Subdivision plan showing 15 lots numbered 7 thru 24 with dimensions and sf. Also contains separate plan of Mount Vernon Place. Is first of two plan sketches on sheet.,"Per original plan in Norfolk registry, part of a larger subdivision containing 59 lots extending to School and Washington Streets. Harvard Place has been reworked.",Norfolk Plan #1890-593; Bk/Pg 13/593,"Wadsworth, Alexander (Copied by C.F.W.)",,C-2583-A-P,,1 in = 80 ft,42.335987,-71.1213,Survey Plan,1,,1,10 x 24.5,Pencil on trace,,,,,,,,,,,,,,,,,,,,,,,,,,,,,,,,,,,,,,,,,,,,,,,,,,,,,,,,,,,,,,,,,,,,,,,,,,,,,,,,,,,,,,,,,,,,,,,,,,,,,
Perkins_W78_C2583_B,Brookline - Park & Vernon Streets,"Brookline, MA",Copy of Plan of Mount Vernon Place in Brookline,1844-10-05 (Copied 1905-11-15),,,Harvard Place; Mount Vernon Place ,Subdivision plan showing 3 lots numbered 22 thru 24 with dimensions and sf. Is second of two plans sketches on sheet.,"Per original plan in Norfolk registry, part of a larger subdivision containing over 30 abutting lots owned by major landowners such as Aspinwall, Griggs, Stearns. Harvard Place has been reworked.",Norfolk Plan #D0156-182; Plan #1960-530,"Wadsworth, Alexander (Copied by C.F.W.)",,C-2583-B-P,,1 in = 200 ft,42.335987,-71.1213,Survey Plan,,,1,10 x 24.5,Pencil on trace,,,,,,,,,,,,,,,,,,,,,,,,,,,,,,,,,,,,,,,,,,,,,,,,,,,,,,,,,,,,,,,,,,,,,,,,,,,,,,,,,,,,,,,,,,,,,,,,,,,,,
Perkins_W78_C2584,,"Boston, MA",Copy of Plan of Somerset Street,1869-10-11 (Copied 1905-11-28),,"Boston, City of; Kent; Stillis, Willam; Turner",Allston Street [Defunct]; Somerset Street,"Lot plan showing outline (with hatching of buildings and stables with dimensions and sf and ""passageway in common.""",,Suffolk Unindexed Plan Bk/Pg 996/148,"Wadsworth, Alexander (Copied by W.W.L.)",,C-2584-P,,1 in = 10 ft,42.35968067,-71.0617,Survey Plan,1,,1,10 x 16,Pencil on trace ,Edge damage. Discoloration.,,,,,,,,,,,,,,,,,,,,,,,,,,,,,,,,,,,,,,,,,,,,,,,,,,,,,,,,,,,,,,,,,,,,,,,,,,,,,,,,,,,,,,,,,,,,,,,,,,,,
Perkins_W78_C2585,,"Boston, MA","Copy of Plan of the Mansion House Estate of the Late Samuel Hammond Esq., Deceased…to be held at public auction under a Decree of the Supreme Judicial Court.",1860-10-23 (Copied 1905-11-28),,"Townsend, S.D.",Allston Street [Defunct]; Somerset Street,"Lot plan showing outline of mansion house, garden, shed, stables, and yard with dimensions and sf and ""passageway and county yard in common."" Title indicates drawn in preparation for auctioning. Auctioneer listed as N.A. Thompson & Co.",,Suffolk Unindexed Plan Bk/Pg 788/276,"Fuller, J. Franklin (Copied by W.W.L.)",,C-2585-P,,1 in = 8 ft,42.35968067,-71.0617,Auctioneer's Plan,1,,,10 x 14.5,Pencil on trace ,Edge damage. Creases. Discoloration.,,,,,,,,,,,,,,,,,,,,,,,,,,,,,,,,,,,,,,,,,,,,,,,,,,,,,,,,,,,,,,,,,,,,,,,,,,,,,,,,,,,,,,,,,,,,,,,,,,,,
Perkins_W78_C2586,,"Boston, MA",Copy of Plan - Allston and Somerset Streets,1866-01-01 (Copied 1905-12-01),,"""Primary School""; Thomas",Allston Street [Defunct]; Somerset Street,"Lot plan showing outline of house, stable, and yard with dimensions and sf and abutting passageway. Includes misc. notes regarding calculations pertaining to stable area.",,,(Copied by W.W.I.),,C-2586-P,,1 in = 10 ft,42.35968067,-71.0617,Survey Plan,1,,1,14 x 10.5,Pencil on trace,Creases.,,,,,,,,,,,,,,,,,,,,,,,,,,,,,,,,,,,,,,,,,,,,,,,,,,,,,,,,,,,,,,,,,,,,,,,,,,,,,,,,,,,,,,,,,,,,,,,,,,,,
Perkins_W78_C2587,,"Westwood, MA",Sketch made in H.H. Sprague's Office to show relation of parcels as shown by deeds.,Not identified,,"Capen, Nathaniel; Colburn, Joseph, heirs of; First [Baptist] Church; McCarthy, Peter; McClain, John; Munroe, William A.; Richards, Abiathan; Smith, Wealthy H.K.",Westwood Street [High Street],"Plan showing 7 parcels with dimensions, area, and owners as referenced in deeds with registry books and pages. Lots are labelled in red pencil as first, second, third, or fourth purchase. Notes indicate sketch was made in Sprague's office to show relation of parcels per deeds and to aid in making Plan R-2330.","One deed references plan made by Whitney dated 1900-07-16, which pertains to ""Fourth Purchase.""",Norfolk Plan #D0875-62; Bk/Pg 857/587; Bk/Pg 862/439; Bk/Pg 871/215; Bk/Page 875/62; ,(Copied),,C-2587-P,,1 in = 60 ft,42.22238797,-71.2244,Survey Plan,1,,1,34 x 21,Ink and pencil on manilla,Creases.,,,,,,,,,,,,,,,,,,,,,,,,,,,,,,,,,,,,,,,,,,,,,,,,,,,,,,,,,,,,,,,,,,,,,,,,,,,,,,,,,,,,,,,,,,,,,,,,,,,,
Perkins_W78_C2588,Downtown Boston Infrastructure,"Boston, MA","Copy of Plan No. 2, Page 11",1868-03-30 (Copied 1905-03-30),,"Collins, George W., heirs; Howe, George; Lawrence, W.; Phoenix Building, Prince, F.F. & Dorr, N.T., trustees; Sprague, Seth; Tucker, Alanson & William; Upham, George P. Whitney, Henry A.; ",Congress Street; Devonshire Street; Spring Lane; Washington Street; Water Street,"Plan of block showing select dimensions, sf, and occupants names. Sections of lots along Devonshire Street are hatched and show separate measurements.",,,"Davis, Thomas, city surveyor (Copied by W.W.I.)",,C-2588-P,,1 in = 20 ft,42.35760928,-71.0574,Survey Plan,1,,1,17 x 7.5,Pencil on trace,Edge damage. ,,,,,,,,,,,,,,,,,,,,,,,,,,,,,,,,,,,,,,,,,,,,,,,,,,,,,,,,,,,,,,,,,,,,,,,,,,,,,,,,,,,,,,,,,,,,,,,,,,,,
Perkins_W78_C2589,West End Land Co.,"Brookline, MA",Copy of Plan - Beacon and Park Streets,1887-02-28 (Copied 1906-01-21),,"Bragdon, J.H.; Harrington, A.F.; Hoar, J. Emery; Howard, Susan H.; Hutchinson, Samuel; Mellen, Sarah; West End Land Company",Beacon Street; Centre Street; Park Street; Webster Street; Winchester Street,"Plan showing lots on multiple blocks with dimensions, sf, building footprints, and selected occupants. Additional edits in green pencil. Note indicates copied at Brookline Surveyors' Office.",Norfolk Registry contains other surveys by Aspinwall & Lincoln for these lots.,,Aspinwall & Lincoln (Copied by W.W.I.),,C-2589-P,,1 in = 50 ft,42.34151736,-71.123,Survey Plan,1,,1,24 x 10,Pencil on trace,Creases.,,,,,,,,,,,,,,,,,,,,,,,,,,,,,,,,,,,,,,,,,,,,,,,,,,,,,,,,,,,,,,,,,,,,,,,,,,,,,,,,,,,,,,,,,,,,,,,,,,,,
Perkins_W78_C2590,,"Brookline, MA",Copy of Plan showing a proposed widening of Webster Street,1895-06-08 (Copied 1906-01-30),,"Bird, A.H.; Coolidge, H.F.; Kingman, Sarah J.; Peirce, Henry L.; Schapleigh, John W.; Tower, Levi, Jr.",Beacon Street; Harvard Street; Webster Street,"Plan showing lots on along each side of Webster Street with dimensions, sf, building footprints, and selected occupants. Note indicates copied at Brookline Surveyors' Office, some lines originally in red, and one point compares location to C-2589-P.",,,(Copied by W.W.I.),Brookline Town Office,C-2590-P,,1 in = 20 ft,42.34151736,-71.123,Survey Plan,1,,1,24 x 9.5,Pencil on trace,Creases. Discoloration.,,,,,,,,,,,,,,,,,,,,,,,,,,,,,,,,,,,,,,,,,,,,,,,,,,,,,,,,,,,,,,,,,,,,,,,,,,,,,,,,,,,,,,,,,,,,,,,,,,,,
Perkins_W78_C2591,,"Brookline, MA",Copy of Plan showing a proposed widening of Webster Street,(Copied 1906-01-30),,,Beacon Street; Harvard Street; Webster Street,Plan showing measurements along each side of Webster Street. Note indicates copied at Brookline Surveyors' Office.,,,(Copied by W.W.I.),Brookline Town Office,C-2591-P,,1 in = 20 ft,42.34151736,-71.123,Survey Plan,1,,1,24.5 x 20.5,Pencil on trace,Creases.,,,,,,,,,,,,,,,,,,,,,,,,,,,,,,,,,,,,,,,,,,,,,,,,,,,,,,,,,,,,,,,,,,,,,,,,,,,,,,,,,,,,,,,,,,,,,,,,,,,,
Perkins_W78_C2592,,"Boston, MA",Copy of Street Layout - Chambers and Leverett Street,1856-01-01 (Copied 1906-01-30),,"Dennison, Mary; Leverett, Knight and Sarah",Allens Highway [Defunct]; Causeway Street; Chambers Street [Defunct]; Leverett Street [Defunct],"Street layout showing 15 numbered lots showing dimensions, occupant names, and selected building footprints. Various abutting streets labelled as 40 ft highways; one labelled ""Mr. John Allen's 40 foot highway.""",Location is near where Causeway and Staniford intersect; Allens Highway was displaced by Blossom Street.,Suffolk Unindexed Plan Bk/Pg 40/9,(Copied by W.W.I.),,C-2592-P,,1 in = 60 ft,42.36418211,-71.0634,Survey Plan,1,,1,24.5 x 15,Pencil on trace,Edge damage. Creases. Discoloration.,,,,,,,,,,,,,,,,,,,,,,,,,,,,,,,,,,,,,,,,,,,,,,,,,,,,,,,,,,,,,,,,,,,,,,,,,,,,,,,,,,,,,,,,,,,,,,,,,,,,
Perkins_W78_C2593,Brighton & Poplar Streets,"Boston, MA",Copy of Plan - Leverett Street,1831-06-01 (Copied 1906-01-30),,,Barton Street [Defunct]; Brighton Street [Defunct]; Leverett Street [Defunct]; Minot Street [Defunct]; Vernon Street [Defunct],Subdivision plan showing three blocks comprising 54 lots with dimensions and lot numbers. Note indicates copied from a 1856 version at the Suffolk Registry.,,Suffolk Unindexed Plan Bk/Pg 352/999,"Fuller, Stephen P. (Copied by W.W.I.)",,C-2593-P,,1 in = 40 ft,42.36488325,-71.0686,Survey Plan,1,,1,24.5 x 10.5,Pencil on trace,Edge damage. Creases. Discoloration.,,,,,,,,,,,,,,,,,,,,,,,,,,,,,,,,,,,,,,,,,,,,,,,,,,,,,,,,,,,,,,,,,,,,,,,,,,,,,,,,,,,,,,,,,,,,,,,,,,,,
Perkins_W78_C2594,Brighton & Poplar Streets,"Boston, MA",Copy of Plan of Plan of Barton Court - Late Alms House Estate,1825-04-25 (Copied 1906-01-30),Boston Alms House,,Barton Street [Defunct]; Leverett Street [Defunct]; Minot Street [Defunct]; Willard Street [Defunct],"Subdivision plan showing three blocks comprising 20 lots with dimensions, sf, and lot numbers. Note indicates copied from an 1856 version at the Suffolk Registry as well as city surveyor's office.","Variant on Plan C-2593-P but fewer lots, includes sf, and displays Vernon Street as Willard Street. The site was inhabited by the Boston Almshouse until 1825 when the land was sold.",Suffolk Unindexed Plan Bk/Pg 300/999,"Fuller, Stephen P. (Copied by W.W.I.)",,C-2594-P,,1 in = 40 ft,42.36488325,-71.0686,Survey Plan,1,,1,19.5 x 9,Pencil on trace,,,,,,,,,,,,,,,,,,,,,,,,,,,,,,,,,,,,,,,,,,,,,,,,,,,,,,,,,,,,,,,,,,,,,,,,,,,,,,,,,,,,,,,,,,,,,,,,,,,,,
Perkins_W78_C2595,,"Boston, MA",[Untitled - Copy of Plan - Gainsborough and Hemenway Streets],1902-01-24 (Copied 1902-11-04),,,Gainsborough Street; 125 Hemenway Street,"Plan of block of lots showing dimensions and dashed line that may represent sidewalk. Lot labelled 51 and 59 inclusive shown of W.H.W. plan dated Dec. 11, 1900. Abutted on two sides by passageways. Includes misc. sf calculations. Note indicates original plan left at registry.","Per urban atlases, buildings on this site were known as the New England Conservatory Apartments.",,"Whitney, William H. (Copied",,C-2595-P,57,1 in = 40 ft,42.342651,-71.0903,Survey Plan,1,,1,9 x 13,Pencil on trace,,,,,,,,,,,,,,,,,,,,,,,,,,,,,,,,,,,,,,,,,,,,,,,,,,,,,,,,,,,,,,,,,,,,,,,,,,,,,,,,,,,,,,,,,,,,,,,,,,,,,
Perkins_W78_C2596,Downtown Boston Infrastructure,"Boston, MA",[Untitled - Copy of Plan - Congress St. and Congress Square],1902-07-23 (Copied 1906-05-17),,"Gaston, William A., Simmons Building Trust; Howe, George D.",31-35 Congress Street; Congress Square [Quaker Lane],"Lot plan showing dimensions, centerlines of shared walls, footprint of building facades, and two areas designated as ""restricted.""","Per urban atlases, lot was the site of the Monks Building, a 1903 building designed by Peabody & Stearns.",Suffolk Unindexed Plan Bk/Pg 2879/330,Aspinwall & Lincoln (Copied by W.W.I.),,C-2596-P,,1 in = 10 ft,42.35760928,-71.0574,Survey Plan,1,,1,10.5 x 13.5,Pencil on trace,Edge damage. Discoloration.,,,,,,,,,,,,,,,,,,,,,,,,,,,,,,,,,,,,,,,,,,,,,,,,,,,,,,,,,,,,,,,,,,,,,,,,,,,,,,,,,,,,,,,,,,,,,,,,,,,,
Perkins_W78_C2597,,"East Boston (Boston, MA)",Copy of Part of Plan of East Boston showing Mill Dam and Other Improvements,1892-11-23 (Copied 1906-05-25),,,Bremen Street; Chelsea Street; Hotel Square {Mavrick Square]; Maverick Street,Subdivision plan showing 13 lots with dimensions.,"Per Suffolk Registry, is taken from a set of drawings by R.H. Eddy focusing on East Boston. The LMEC has other maps of the same area done by R.H. Eddy",Suffolk Unindexed Plan Bk/Pg 492/999,"Eddy, R.H. & Lincoln, Jr. Engineers (Copied)",,C-2597-P,,1 in = 400 ft,42.369999,-71.0382,Survey Plan,1,,1,7.5 x 9.5,Pencil on trace,,,,,,,,,,,,,,,,,,,,,,,,,,,,,,,,,,,,,,,,,,,,,,,,,,,,,,,,,,,,,,,,,,,,,,,,,,,,,,,,,,,,,,,,,,,,,,,,,,,,,
Perkins_W78_C2598,,"Boston, MA",[Untitled - Copy of Plan - Dwight and Tremont StreetS],1866-11-03 (Copied 1906-08-14),,,Dwight Street; Tremont Street,"Plan showing two lots with dimensions, sf, and 6-foot wide passageway. Adjacent brick walls are shown as hatched. Includes calculations for prorating of passageway area to lot sf.",,Suffolk Unindexed Plan Bk/Pg 888/274,"Wadsworth, Alexander (Copied)",,C-2598-P,,1 in = 10 ft,42.34473187,-71.0701,Survey Plan,1,,1,10 x 14,Pencil on trace,Edge damage. Creases. Discoloration.,,,,,,,,,,,,,,,,,,,,,,,,,,,,,,,,,,,,,,,,,,,,,,,,,,,,,,,,,,,,,,,,,,,,,,,,,,,,,,,,,,,,,,,,,,,,,,,,,,,,
Perkins_W78_C2599,,"North End (Boston, MA)","Copy of Plan of Estate of W.A. Prescott, Boston",1872-12-01 (Copied 1906-08-21),"Prescott, W.A., estate of",McBridge; Newhall,North Margin Street; 128 Prince Street,"Lot plan showing dimensions and sf and adjacent years, passageway, and hatched abutting wood and brick walls.",,Suffolk Unindexed Plan Bk/Pg 1141/62,"Jackson, W.H. (Copied)",,C-2599-P,,1 in = 8 ft,42.366147,-71.0571,Survey Plan,1,,1,10.5 x 15,Pencil on trace,Edge damage. Creases. Discoloration.,,,,,,,,,,,,,,,,,,,,,,,,,,,,,,,,,,,,,,,,,,,,,,,,,,,,,,,,,,,,,,,,,,,,,,,,,,,,,,,,,,,,,,,,,,,,,,,,,,,,
Perkins_W78_C2600,Brookline - Park & Vernon Streets,"Brookline, MA",Copy of Parts of Plans and Profiles - Park Street,(Copied 1906-04-27),,,Beacon Street; Marion Street; Park Street,Four sketches showing location of utility lines with dimensions and misc. calculations. Note indicates copied from Town Water Dept. plans.,,,(Copied),Brookline Town Office,C-2600-P,,Horiz: 1 in = 50 ft; Vert: 1 in = 5 ft,42.34151736,-71.123,Engineering Drawing,1,,1,24 x 20.5,Pencil on trace,Edge damage. Creases. Discoloration.,,,,,,,,,,,,,,,,,,,,,,,,,,,,,,,,,,,,,,,,,,,,,,,,,,,,,,,,,,,,,,,,,,,,,,,,,,,,,,,,,,,,,,,,,,,,,,,,,,,,
Perkins_W79_C2601,,"Jamaica Plain (Boston, MA)",Copy of Plan of Side Hill,1853-09-29 (Copied),,,Jamaica Street; South Street,"Subdivision plan showing 29 numbered lots with dimensions and sf. Lot no. 1 is 2 acres; the rest are 15,000 sf or smaller,",Norfolk Registry version indicates owner was James Greenough,Norfolk Plan #1926-1100; Bk/Pg 1/36 ,"Garbett, William A., surveyor (Copied)",,C-2601-P,,1 in = 60 ft,42.305895,-71.1165,Survey Plan,1,,1,21 x 11.5,Pencil on trace,Edge damage. Creases. Discoloration.,,,,,,,,,,,,,,,,,,,,,,,,,,,,,,,,,,,,,,,,,,,,,,,,,,,,,,,,,,,,,,,,,,,,,,,,,,,,,,,,,,,,,,,,,,,,,,,,,,,,
Perkins_W79_C2602,,"Jamaica Plain (Boston, MA)",[Untitled - Copy of Jamaica Street from City Plans - central section of plan],1881-01-25 (Copied 1906-09-12),,"Downey, Catherine; Gurley, John; Kelly, Edward; Kennedy, John, heirs; McDonald, John; Metropolitan Horse Railroad Co.; Weld, Elizabeth and Susan",Jamaica Street,"Street layout showing dimensions at street, footprints of building fronts and steps, orientation points, occupants, street addresses, calculations for curve of street, and line 50 feet above city base. Note indicates elevations previously omitted. Plan taken from City Plans, Vol. XLII, P. 16, Part No. 3",,,"Davis, Thomas W., city surveyor (Copied)",,C-2602-P,,Horiz: 1 in = 20 ft; Vert: 1 in = 5 ft,42.305895,-71.1165,Engineering Drawing,1,,1,24.5 x 10.5,Pencil on trace,Edge damage. Creases. Discoloration.,,,,,,,,,,,,,,,,,,,,,,,,,,,,,,,,,,,,,,,,,,,,,,,,,,,,,,,,,,,,,,,,,,,,,,,,,,,,,,,,,,,,,,,,,,,,,,,,,,,,
Perkins_W79_C2603,,"Jamaica Plain (Boston, MA)",[Untitled - Copy of Jamaica Street from City Plans - central section of plan],1881-01-25 (Copied 1906-09-12),,"Callahan, James, heirs of; Carty, William; Flannery, James; Glynn, Catherine; Kelly, Edward; Lynch, Mary;",Jamaica Street,"Street layout showing dimensions at street, footprints of building fronts and steps, orientation points, occupants, street addresses, calculations for curve of street. Note indicates elevations previously omitted. Plan taken from City Plans, Vol. XLII, P. 18, Part No. 2",,,"Davis, Thomas W., city surveyor (Copied)",,C-2603-P,,Horiz: 1 in = 20 ft; Vert: 1 in = 5 ft,42.305895,-71.1165,Engineering Drawing,1,,1,11 x 17,Pencil on trace,Creases.,,,,,,,,,,,,,,,,,,,,,,,,,,,,,,,,,,,,,,,,,,,,,,,,,,,,,,,,,,,,,,,,,,,,,,,,,,,,,,,,,,,,,,,,,,,,,,,,,,,,
Perkins_W79_C2604,,"Gloucester, MA","Copy of Plan of Willoughby Park, Gloucester, MA",1893-07-01 (Copied 1907-01-01),"Morse, George; Proctor, Francis; Proctor, George",,Atlantic Avenue; Bray Street; Wingaersheek Road,"Plan showing location of gas pipes. Note says: ""Bearings given are calculated magnetic bearings. Gas pipes are placed at angle points in streets shown thus [diameter symbol] no others are to be used. Lines and figures in blue show lot boundaries.""",Other plans in the Southern Essex Registry indicate that this plan was prepared for a projected 102-lot subdivision to be marketed by Alford Bros.; most of the streets listed on the plan do not exist. The development appears in the 1899 Stadly Atlas of Cape Ann and was intended to be a major coastal resort.,Southern Essex Plan Bk/Pg 10/24; 12/32,"French, Alfred W., Mott, William E., engineers (Copied by A.L.W.)",,C-2604-P,,1 in = 100 in,42.65288399,-70.7,Engineering Drawing,1,,1,40 x 29,Pencil on trace,Creases.,,,,,,,,,,,,,,,,,,,,,,,,,,,,,,,,,,,,,,,,,,,,,,,,,,,,,,,,,,,,,,,,,,,,,,,,,,,,,,,,,,,,,,,,,,,,,,,,,,,,
Perkins_W79_C2605,,"Jamaica Plain (Boston, MA)","Copy of Part of Central Portion of a Plan on P 32, L1678, Vol. XLIII",1882-06-19 (Copied 1906-10-04),,"Bowditch, J.I.; Brewer, Charles; May, Benjamin; Upham, Henry V.",May Street; Pond Street,"Plan showing street layout with measurements, reference points, tree locations, and lines of ""relocation.""",,,"Davis, Thomas W., city surveyor (Copied)",,C-2605-P,,1 in = 40 ft,42.31177419,-71.1251,Engineering Drawing,1,,1,21.5 x 12.5,Pencil on trace,,,,,,,,,,,,,,,,,,,,,,,,,,,,,,,,,,,,,,,,,,,,,,,,,,,,,,,,,,,,,,,,,,,,,,,,,,,,,,,,,,,,,,,,,,,,,,,,,,,,,
Perkins_W79_C2606,,"North End (Boston, MA)","Copy of Plan - North Margin, Prince, and Thacher Streets",1853-05-08 (Copied 1906-08-22),,,North Margin Street; Prince Street; Thacher Street,"Plan showing 7 lots showing dimensions, sf, and building outlines. Entire area bordered by red pencil.",,Suffolk Unindexed Plan Bk/Pg 650/99,"Wadsworth, Alexander (Copied)",,C-2606-P,,1 in = 10 ft,42.365686,-71.0566,Survey Plan,1,,1,9 x 12.5,Pencil on trace,Buckling. Edge damage.,,,,,,,,,,,,,,,,,,,,,,,,,,,,,,,,,,,,,,,,,,,,,,,,,,,,,,,,,,,,,,,,,,,,,,,,,,,,,,,,,,,,,,,,,,,,,,,,,,,,
Perkins_W79_C2607,,"North End (Boston, MA)","Copy of Plan - North Margin, Prince, and Thacher Streets",1890-04-14 (Copied 1906-09-04),,"Slattery, Michael",North Margin Street; Prince Street; Thacher Street,Street layout showing road and sidewalk dimensions and line of widening. Copy of City Plan Vol. LVIII (L-2262).,,,"Davis, Thomas W., city surveyor (Copied)",,C-2607-P,,1 in = 4 ft,42.365686,-71.0566,Survey Plan,1,,1,24 x 15.5,Pencil on trace,Crease. Discoloration.,,,,,,,,,,,,,,,,,,,,,,,,,,,,,,,,,,,,,,,,,,,,,,,,,,,,,,,,,,,,,,,,,,,,,,,,,,,,,,,,,,,,,,,,,,,,,,,,,,,,
Perkins_W79_C2608,,"Revere, MA",Copy of Part of a Plan - Ocean Pier Division of Revere Beach Land Co's. Property,1883-01-01 (Copied 1906-10-04),Revere Beach Land Co.,"Boston Land Co.; Boston Revere Beach & Lynn Railroad; Hall, William T.; Hart, S.R.",Atlantic Avenue; Dolphin Avenue; Ocean Avenue; Wave Avenue,"Subdivision plan showing 5 blocks of lots with lot numbers and dimensions. One block shows ""center of sand ridge.""",Suffolk Registry version of plan indicates this part of a larger development.,Suffolk Unindexed Plan Bk/Pg 1675/640,Whitman & Breck (Copied),,C-2608-P,,Scale not given,42.40064,-70.9888,Survey Plan,1,,1,12 x 11.5,Pencil on trace,Creases.,,,,,,,,,,,,,,,,,,,,,,,,,,,,,,,,,,,,,,,,,,,,,,,,,,,,,,,,,,,,,,,,,,,,,,,,,,,,,,,,,,,,,,,,,,,,,,,,,,,,
Perkins_W79_C2609,,"Boston, MA","Copy of Part of City Plans XLII (1626-1627), Pages 19-20, Part of Each",1882-03-25 (Copied 1907-07-09),,"Bangs, Edward; Boston & Albany Railroad Corp.; Cannon, Peter; Casey, John T.; Doherty, Michael; Dowd, Daniel, heirs of; Evans, William; Flynn, Ellen P.; Geoghan, M.H.; Holley, Patrick; Old Colony Railroad; Sullivan, Edward; Tufts.",Cove Street [Atlantic Avenue]; Kneeland Street; South Street; Utica Street,"Plan showing 6 blocks of lots. Some lots show dimensions, sf, street numbers, and occupants. Dashed lines display lines of streets and of widening. Initials of R and Y indicate red and yellow shading.",,,"Davis, Thomas W., city surveyor (Copied by W.J.K.)",,C-2609-P,,1 in = 20 ft,42.349754,-71.0576,Survey Plan,1,,1,22 x 17,Pencil on trace,Creases.,,,,,,,,,,,,,,,,,,,,,,,,,,,,,,,,,,,,,,,,,,,,,,,,,,,,,,,,,,,,,,,,,,,,,,,,,,,,,,,,,,,,,,,,,,,,,,,,,,,,
Perkins_W79_C2610,,"Cambridge, MA",Copy taken from blue-print marked Plan for Transfers of Land in Cambridge.,1902-02-15 (Copied 1907-07-11),,"Bright, Horace O.; Cambridgeport Savings Bank; Crocker, Sortwell, & Fisk, trustees; Tilton, Benjamin, heirs; Wood, William H.",[Amherst Street]; Carleton Street; Esplanade [Memorial Drive]; Hayward Street; Wadsworth Street,"Plan showing multiple blocks of lots with sf, dimensions, location references, occupants, references to angles for older streets and to stones bound in Esplanade.","Bright, Fisk, and Tilton were major property owners in East Cambridge in the late 19th century, also involved in Cambridge banks.",,"Bowker, Edwin F., city engineer (Copied by A.L.U.)",,C-2610-P,,1 in = 30 ft,42.36149,-71.0853,Cadastral Plan,1,,1,42 x 28.5,Pencil on trace,Creases.,,,,,,,,,,,,,,,,,,,,,,,,,,,,,,,,,,,,,,,,,,,,,,,,,,,,,,,,,,,,,,,,,,,,,,,,,,,,,,,,,,,,,,,,,,,,,,,,,,,,
Perkins_W79_C2611,,"Brookline, MA","[Untitled - Audubon, Mountfort and St. Mary's Street]",Not identified,,,Audubon Street; Mountfort Street; St. Mary's Street,Plan showing block with outline of buildings. Plan lacks metadata but contains extensive note indicating the sketch relates to siting of a house.,,,None provided,,C-2611-P,,Scale not given,42.347534,-71.1071,Survey Plan,1,,1,17.5 x 14.,Pencil on vellum,Creases.,,,,,,,,,,,,,,,,,,,,,,,,,,,,,,,,,,,,,,,,,,,,,,,,,,,,,,,,,,,,,,,,,,,,,,,,,,,,,,,,,,,,,,,,,,,,,,,,,,,,
Perkins_W79_C2612_A,St. Paul's Street Infrastructure,"Boston, MA",Copy of Part of City Plans LXXII - L-26-19,1893-05-01 (Copied 1907-03-13),,,Caledonia Street [Defunct]; Massachusetts Avenue; Norway Street; St. Paul's [Defunct],"Part of plan showing plans and elevations with dimensions, freehand calculations, and ""line of edgestone."" One of three sketches on sheet.",,,"Humbert, Pierre, Jr. (Copied by A.L.U.)",,C-2612-A-P,,Horiz: 1 in = 30 ft; Vert: 1 in = 5 ft,42.344597,-71.0856,Engineering Drawing,1,,1,30 x 29,Pencil on trace,Creases.,,,,,,,,,,,,,,,,,,,,,,,,,,,,,,,,,,,,,,,,,,,,,,,,,,,,,,,,,,,,,,,,,,,,,,,,,,,,,,,,,,,,,,,,,,,,,,,,,,,,
Perkins_W79_C2612_B,St. Paul's Street Infrastructure,"Boston, MA",Copy of Part of City Plan L-1322,1878-01-28 (Copied 1907-03-13),,"Matthews, Nathan.",Falmouth Street,Part of plan showing street layout with street width and reference points. One of three sketches on sheet.,,,(Copied by A.L.U.),,C-2612-B-P,,Horiz: 1 in = 50 ft; Vert: 1 in = 5 ft,42.344597,-71.0856,Engineering Drawing,,,,30 x 29,Pencil on trace,Creases.,,,,,,,,,,,,,,,,,,,,,,,,,,,,,,,,,,,,,,,,,,,,,,,,,,,,,,,,,,,,,,,,,,,,,,,,,,,,,,,,,,,,,,,,,,,,,,,,,,,,
Perkins_W79_C2612_C,St. Paul's Street Infrastructure,"Boston, MA",Untitled - Copy of Part of St. Paul Street,1888-08-10 (Copied 1907-03-13),,"Bassett, Julia N.; Caldwell, Alexander and George J.; Claflin, Clarence A. and Mary A.; Descallo, Lazarus; Dole, William A.; Hammond, Wilson G.; Jackson, Caroline E.; Jackson, Joseph A.; Lord, Catherine; Pendleton, Roderic; Reeds, Enoch R.",Caledonia Street [Defunct]; St. Paul's [Defunct],"Part of plan showing plans and elevations showing dimensions, select occupants, and revised street grades. Selected lots shown as ""released."" Some edits in red pencil. Contains note indicated that plan is copied from a 1888 plan by Thomas Davis, city engineer, based on 1886 plan by Fuller & Whitney as filed in the Suffolk Registry of Deeds. One of three sketches on sheet.",,Suffolk Unindexed Deed Bk/Pg 1719/86,"Fuller & Whitney; Davis, Thomas W. (Copied by A.L.U.)",,C-2612-C-P,67.5,Horiz: 1 in = 20 ft; Vert: 1 in = 5 ft,42.344597,-71.0856,Engineering Drawing,,,,30 x 29,Pencil on trace,Creases.,,,,,,,,,,,,,,,,,,,,,,,,,,,,,,,,,,,,,,,,,,,,,,,,,,,,,,,,,,,,,,,,,,,,,,,,,,,,,,,,,,,,,,,,,,,,,,,,,,,,
Perkins_W79_C2613_A,St. Paul's Street Infrastructure,"Boston, MA",Copy of Part of Board of Survey Plan - M-46,1892-05-24 (Copied 1907-03-14),,"Baldwin, Etta M.; Caldwell, Alexander and George J.; Emery, Hiram; Gower, William D.; Martin, Walter C.; Sampson, George",Caledonia Street [Defunct]; St. Paul's [Defunct],"Part of plan showing street layout with street width, reference points, grades, select dimensions of lot fronts, building footprints, and occupants. Plan is one of three plans on the sheet.",,,(Copied by A.L.U.),Boston Board of Survey,C-2613-A-P,67.5,1 in = 250 ,42.344597,-71.0856,Cadastral Plan,1,,1,24.5 x 28,Pencil on trace,Creases.,,,,,,,,,,,,,,,,,,,,,,,,,,,,,,,,,,,,,,,,,,,,,,,,,,,,,,,,,,,,,,,,,,,,,,,,,,,,,,,,,,,,,,,,,,,,,,,,,,,,
Perkins_W79_C2613_B,St. Paul's Street Infrastructure,"Boston, MA",Copy of Part of Board of Survey Plan - M-47,1892-05-24 (Copied 1907-03-14),,"Emery, Hiram; Green, Martha B.; Green, Nathan G.; Hazen, L. Tracy; Norwell, Henry",Caledonia Street [Defunct]; West Chester Park [Massachusetts Avenue],"Part of plan showing street layout with street width, reference points, grades, select dimensions of lot fronts, building footprints, and occupants. Plan is one of three plans on the sheet.",,,(Copied by A.L.U.),Boston Board of Survey,C-2613-B-P,67.5,1 in = 250 ,42.344597,-71.0856,Cadastral Plan,,,,24.5 x 28,Pencil on trace,Creases.,,,,,,,,,,,,,,,,,,,,,,,,,,,,,,,,,,,,,,,,,,,,,,,,,,,,,,,,,,,,,,,,,,,,,,,,,,,,,,,,,,,,,,,,,,,,,,,,,,,,
Perkins_W79_C2613_C,St. Paul's Street Infrastructure,"Boston, MA",Copy of Part of Board of Survey Plan - M-55,1892-05-24 (Copied 1907-03-14),,"Caldwell, Alexander and George J.; Cate, Arthur T.; Cate, George H.; Clatur, Alfred A.; Cutter, Charles A. & Louis P., trustees; Deseabzo, Ellen; Faurroce, George B.; Fletcher, Wilson K.; Green, Nathan G.; Hunt, John A.; King, Stillman B.; Lord, Catherine; Louis, Morris; Mathews, Flora I.; Murdock, William E.; Restin, Charles; Rosenbaum, Henry; Sampson, George; Shaw, Annie P.; Shaw, Edward P.; ",Falmouth Street; St. Paul's [Defunct],"Part of plan showing street layout with street width, reference points, grades, select dimensions of lot fronts, building footprints, and occupants. Plan is one of three plans on the sheet.",,,(Copied by A.L.U.),Boston Board of Survey,C-2613-C-P,67.5,1 in = 250 ,42.344597,-71.0856,Cadastral Plan,,,,24.5 x 28,Pencil on trace,Creases.,,,,,,,,,,,,,,,,,,,,,,,,,,,,,,,,,,,,,,,,,,,,,,,,,,,,,,,,,,,,,,,,,,,,,,,,,,,,,,,,,,,,,,,,,,,,,,,,,,,,
Perkins_W79_C2614_A,St. Paul's Street Infrastructure,"Boston, MA",[Untitled - Copy of Part of Plan showing Conduits],1906-12-30 (Copied),,,Falmouth Street; Norway Street; St. Paul's [Defunct],"Part of plan showing street layout with location of tubes, conduits, dimensions, and depth of concrete. Shows sections of conduits at A-B and C-D. Selected conduits colored in red or blue pencil according to whether sewer or electric. Notes indicate that the locations of underground structures are from plans and records are approximate only; additions are shown in solid black as of 1906 and confirmed April, 1907. Plan is one of two plans on the sheet.",,,"(Copied by Whitney, Charles F.)",,C-2614-A-P,67.5,1 in = 20 ft,42.344597,-71.0856,Engineering Drawing,1,,1,28 x 11,Pencil on trace,Creases.,,,,,,,,,,,,,,,,,,,,,,,,,,,,,,,,,,,,,,,,,,,,,,,,,,,,,,,,,,,,,,,,,,,,,,,,,,,,,,,,,,,,,,,,,,,,,,,,,,,,
Perkins_W79_C2614_B,St. Paul's Street Infrastructure,"Boston, MA",Copy of Part of Plan submitted by N.E.T. & T. Co. to Wire Dept.,1900-03-28 (Copied 1907-04-05),,,Falmouth Street; St. Paul's [Defunct],Part of plan showing location of conduits (colored in red pencil) and intercepting at sewers. Note indicates copies at Wire Commission Office.,,,"Clark, W. B., engineer",,C-2614-B-P,67.5,1 in = 20 ft,42.344597,-71.0856,Engineering Drawing,,,,,Pencil on trace,Creases.,,,,,,,,,,,,,,,,,,,,,,,,,,,,,,,,,,,,,,,,,,,,,,,,,,,,,,,,,,,,,,,,,,,,,,,,,,,,,,,,,,,,,,,,,,,,,,,,,,,,
Perkins_W79_C2615_A,St. Paul's Street Infrastructure,"Boston, MA","Copy of Part of Plan of Consolidated Gas Co. - ""Boston 43""",(Copied 1907-04-03),,,Falmouth Street; Norway Street; St. Paul's [Defunct],Part of plan showing location of gas lines. Plan is one of two plans on the sheet.,,,(Copied by A.L.U.),Boston Gas Company (Brookline Gas Company),C-2615-A-P,67.5,1 in = 50 ft,42.344597,-71.0856,Engineering Drawing,1,,1,22 x 11.5,Pencil on trace,Creases.,,,,,,,,,,,,,,,,,,,,,,,,,,,,,,,,,,,,,,,,,,,,,,,,,,,,,,,,,,,,,,,,,,,,,,,,,,,,,,,,,,,,,,,,,,,,,,,,,,,,
Perkins_W79_C2615_B,St. Paul's Street Infrastructure,"Boston, MA","Copy of Part of Plan of Consolidated Gas Co. - ""Plan #16""",(Copied 1907-04-03),,,Falmouth Street; Massachusetts Avenue; Norway Street,Part of plan showing location of gas lines with pipe diameters. Plan is one of two plans on the sheet.,,,(Copied by A.L.U.),Boston Gas Company (Brookline Gas Company),C-2615-B-P,67.5,1 in = 100 ft,42.344597,-71.0856,Engineering Drawing,,,,22 x 11.5,Pencil on trace,Creases.,,,,,,,,,,,,,,,,,,,,,,,,,,,,,,,,,,,,,,,,,,,,,,,,,,,,,,,,,,,,,,,,,,,,,,,,,,,,,,,,,,,,,,,,,,,,,,,,,,,,
Perkins_W79_C2616_A,St. Paul's Street Infrastructure,"Boston, MA",Copy of Part of Plan of Bay District - Plate 6,(Copied 1907-03-20),,,Falmouth Street; St. Paul's [Defunct],Part of plan showing location of 12-inch pipe sewer line along Falmouth Street with various components color-coded in either blue or red.,,,(Copied by A.L.U.),Boston Sewer Department,C-2616-A-P,67.5,1 in = 50 ft,42.344597,-71.0856,Engineering Drawing,1,,1,28 x 13.5,Pencil on trace,Edge damage. Creases.,,,,,,,,,,,,,,,,,,,,,,,,,,,,,,,,,,,,,,,,,,,,,,,,,,,,,,,,,,,,,,,,,,,,,,,,,,,,,,,,,,,,,,,,,,,,,,,,,,,,
Perkins_W79_C2616_B,St. Paul's Street Infrastructure,"Boston, MA",Copy of Part of Water Dept. City Proper Sheet No. 25,(Copied 1907-03-20),,,Falmouth Street; Massachusetts Avenue; St. Paul's Street [Defunct],Part of plan showing location and measurements relative to catch basin. Two variants of plans shown - general schematic with water line path; detailed version with measurements and catch basins. Contains misc. notes regarding sources.,,,(Copied by A.L.U.),Boston Water Department,C-2616-B-P,67.5,1 in = 50 ft,42.344597,-71.0856,Engineering Drawing,,,,28 x 13.5,Pencil on trace,Edge damage. Creases.,,,,,,,,,,,,,,,,,,,,,,,,,,,,,,,,,,,,,,,,,,,,,,,,,,,,,,,,,,,,,,,,,,,,,,,,,,,,,,,,,,,,,,,,,,,,,,,,,,,,
Perkins_W79_C2617,Downtown Boston Infrastructure,"Boston, MA",[Untitled - Copy of Plan - Essex and Oxford Streets],1871-03-23 (Copied 1907-06-28),"Cutler, Amos","Cutler, M.J.; Richardson, Thomas",Essex Street; Oxford Street,"Plan showing two lots with dimensions, sf, dashed property lines, abutting covered passageway and stairways. Note indicates Whitney did interim copy dated 1887 of Perkins' 1871 plan with additions in red and is version filed in Suffolk registry.",,Suffolk Unindexed Deed Bk/Pg 1983/392,"Perkins, Charles C. (Copied by Whitney, William H.)",,C-2617-P,,1 in = 4 ft,42.352472,-71.0605,Survey Plan,1,,1,11.5 x 17,Pencil on trace,Creases.,,,,,,,,,,,,,,,,,,,,,,,,,,,,,,,,,,,,,,,,,,,,,,,,,,,,,,,,,,,,,,,,,,,,,,,,,,,,,,,,,,,,,,,,,,,,,,,,,,,,
Perkins_W79_C2618_A,Downtown Boston Infrastructure,"Boston, MA",[Untitled - Copy of Part of City Plan L-2596],1893-06-14 (Copied),,,Essex Street; Oliver Place [Defunct],Plan showing section of street layout with location of sidewalk edges and building outlines and elevations showing grade of edgestone and line above city base. Plan is one of three plans on the sheet.,,,(Copied),Boston Surveyor's Office,C-2618-A-P,,Horiz: 1 in = 20 ft; Vert: 1 in = 5 ft,42.352472,-71.0605,Engineering Drawing,1,,1,20.5 x 19.5,Pencil on trace,Buckling. Discoloration. Creases. Edge damage.,,,,,,,,,,,,,,,,,,,,,,,,,,,,,,,,,,,,,,,,,,,,,,,,,,,,,,,,,,,,,,,,,,,,,,,,,,,,,,,,,,,,,,,,,,,,,,,,,,,,
Perkins_W79_C2618_B,Downtown Boston Infrastructure,"Boston, MA",[Untitled - Copy of Water Dept. City Proper Sheet No. 18],1907-02-18 (Copied),,,Essex Street; Oliver Place [Defunct]; Oxford Street,"Part of plan showing location of water line and components, shaded in various colors. Plan is one of four plans on the sheet.",,,(Copied),Boston Water Department,C-2618-B-P,,1 in = 50 ft,42.352472,-71.0605,Engineering Drawing,,,,,Pencil on trace,Buckling. Discoloration. Creases. Edge damage.,,,,,,,,,,,,,,,,,,,,,,,,,,,,,,,,,,,,,,,,,,,,,,,,,,,,,,,,,,,,,,,,,,,,,,,,,,,,,,,,,,,,,,,,,,,,,,,,,,,,
Perkins_W79_C2618_C,Downtown Boston Infrastructure,"Boston, MA",[Untitled - Copy of Part of Section Book - Page 12],(Copied 1907-02-28),,,Essex Street; Oliver Place [Defunct]; Oxford Street,Part of plan showing location of sewer lines. Brick or wood sides coded by red or blue pencil. Plan is one of four plans on the sheet.,,,(Copied),Boston Sewer Department,C-2618-C-P,,1 in = 50 ft,42.352472,-71.0605,Engineering Drawing,,,,,Pencil on trace,Buckling. Discoloration. Creases. Edge damage.,,,,,,,,,,,,,,,,,,,,,,,,,,,,,,,,,,,,,,,,,,,,,,,,,,,,,,,,,,,,,,,,,,,,,,,,,,,,,,,,,,,,,,,,,,,,,,,,,,,,
Perkins_W79_C2618_D,Downtown Boston Infrastructure,"Boston, MA",[Untitled - Copy of Part of Sewer Plan],(Copied 1907-02-28),,,Essex Street; Oxford Street,Part of plan showing location of sewer pipes (colored in blue pencil). Plan is one of four plans on the sheet.,,,(Copied),Boston Sewer Department,C-2618-D-P,,1 in = 10 ft,42.352472,-71.0605,Engineering Drawing,,,,,Pencil on trace,Buckling. Discoloration. Creases. Edge damage.,,,,,,,,,,,,,,,,,,,,,,,,,,,,,,,,,,,,,,,,,,,,,,,,,,,,,,,,,,,,,,,,,,,,,,,,,,,,,,,,,,,,,,,,,,,,,,,,,,,,
Perkins_W79_C2620,Downtown Boston Infrastructure,"Boston, MA","Copy of Sketch for C.P. Curtis, Esq.",1907-02-21 (Copied 1907-03-29),"Brown, Atherton T., heirs",Pelham Building,Essex Street; Oliver Place [Defunct]; Oxford Street,"Copy of plan showing Parcels A, B, C, D, E with dimensions, grading, location of setbacks, cross section of light well, and height restrictions. Note indicates traced from blue-print and methodology for measuring height of restricted areas. Contains table of sf for each parcel. Indicates that a Mr. Atherton was acting as architect for Curtis, Davenport, Brown","Per urban atlases, Charles P. Curtis owned adjacent building (Pelham Building. Codman & Despradelle were architects whose works including the Peter Bent Brigham medical building and the Berkeley Building in Back Bay.",,"Codman & Despradelle, architects (Copied)",,C-2620-P,,1 in = 8 ft,42.352472,-71.0605,Survey Plan,1,,1,20.5 x 28.5,Pencil on trace,Buckling. Discoloration. Creases. Edge damage.,,,,,,,,,,,,,,,,,,,,,,,,,,,,,,,,,,,,,,,,,,,,,,,,,,,,,,,,,,,,,,,,,,,,,,,,,,,,,,,,,,,,,,,,,,,,,,,,,,,,
Perkins_W79_C2621,MIT / Area 2,"Cambridge, MA","Copy of Plan of Albany Street for acceptance, Vol. 15, Sheet 5",1899-07-25 (Copied 1907-06-26),,"Allen, Lowell D.; Boston & Albany Railroad; Dana, Richard H.; Lamb & Ritchie; Massachusetts Athletic Association; Russell, J.G.",Albany Street; Pacific Street,"Copy of plan and elevations of Albany Street. Plan shows reference measurements and location of railroad and abutters. Elevations show reference points and heights between city base and established grade. Facsimile of Office of city clerk's stamp indicates that plan was approved 1899-11-23 for widening of Albany Street and derived from ""Streets of City of Cambridge"" Volume 15, Sheet 5.",Lewis M. Hastings (1853-1936) was influential city engineer in late 19th-century Cambridge.,,"Hastings, Lewis M., city engineer (Copied by Kelley, W.J.)","Cambridge, City of",C-2621-P,,Horiz: 1 in = 40 ft; Vert: 1 in = 6 ft,42.359019,-71.1002,Engineering Drawing,1,,1,28.5 x 21.5,Pencil on trace,Edge damage. Creases. Tear.,,,,,,,,,,,,,,,,,,,,,,,,,,,,,,,,,,,,,,,,,,,,,,,,,,,,,,,,,,,,,,,,,,,,,,,,,,,,,,,,,,,,,,,,,,,,,,,,,,,,
Perkins_W79_C2622,MIT / Area 2,"Cambridge, MA","Copy of Plan of Albany Street for acceptance, Volume 15, Sheet 6",1899-07-25 (Copied 1907-06-26),,"Allen, S.P.; Ames,; C. Brigham Co.; Cambridge Field Co.; Dana, Richard W., estate; Lamb & Ritchie; Massachusetts Athletic Association; Otis, James, heirs; Scully, James J. & John T.",Albany Street; Massachusetts Avenue,"Copy of plan and elevations of Albany Street. Plan shows reference measurements and location of railroad and abutters and building footprints. Elevations show reference points and heights between city base and established grade. Facsimile of Office of city clerk's stamp indicates that plan was approved 1899-11-23 for widening of Albany Street and derived from ""Streets of City of Cambridge"" Volume 15, Sheet 6.",Lewis M. Hastings (1853-1936) was influential city engineer in late 19th-century Cambridge.,,"Hastings, Lewis M., city engineer (Copied by Kelley, W.J.)","Cambridge, City of",C-2622-P,,Horiz: 1 in = 40 ft; Vert: 1 in = 6 ft,42.36084794,-71.0964,Engineering Drawing,1,,1,28.5 x 20.5,Pencil on trace,Creases.,,,,,,,,,,,,,,,,,,,,,,,,,,,,,,,,,,,,,,,,,,,,,,,,,,,,,,,,,,,,,,,,,,,,,,,,,,,,,,,,,,,,,,,,,,,,,,,,,,,,
Perkins_W79_C2623,MIT / Area 2,"Cambridge, MA","Copy of Plan of Pacific Street for acceptance, Volume 7, Sheet 27",1875-11-10 (Copied 1907-06-26),,"Allen, Lowell D.; Boston & Albany Railroad; Russell, J.G.",Albany Street; Pacific Street,"Copy of plan and elevations of Pacific Street. Plan shows reference measurements and location of abutters and building footprints, including detailed footprint of stable, barrel factory, and attached sheds and steps. Elevations show reference points and heights between city base and established grade. Note from City engineer states Pacific Street extending from Albany Street is ""free from encroachment upon its lines."" Plan derived from ""Streets of City of Cambridge"" Volume 7, Sheet 27.",Edwin F. Bowker (1840-1924) was a city engineer in late 19th-century Cambridge before founding his own firm; his papers are part of the BPL's Perkins Collection.,,"Bowker, Edwin F., city engineer (Copied by Kelley, W.J.)","Cambridge, City of",C-2623-P,,Horiz: 1 in = 40 ft; Vert: 1 in = 6 ft,42.359019,-71.1002,Engineering Drawing,1,,1,28.5 x 21.5,Pencil on trace,Creases.,,,,,,,,,,,,,,,,,,,,,,,,,,,,,,,,,,,,,,,,,,,,,,,,,,,,,,,,,,,,,,,,,,,,,,,,,,,,,,,,,,,,,,,,,,,,,,,,,,,,
Perkins_W79_C2624,,"North End (Boston, MA)",[Untitled - Copy of Plan - Prince Street],1906-08-22 (Copied),,Lucas; McCormick (formerly); Prescott,Prince Street,"Copy of lot plan showing dimensions, abutters, and abutting passageway.",Exact location on Prince Street is unclear.,Suffolk Unindexed Plan Bk/Pg 861/89,"(Copied by Leahy, J.P.)",,C-2624-P,,Scale not given,42.364083,-71.0534,Survey Plan,1,,1,7.5 x 10.5,Pencil on trace,,,,,,,,,,,,,,,,,,,,,,,,,,,,,,,,,,,,,,,,,,,,,,,,,,,,,,,,,,,,,,,,,,,,,,,,,,,,,,,,,,,,,,,,,,,,,,,,,,,,,
Perkins_W79_C2625,Francis Estate,"Boston, MA",[Untitled - Copy of Part of City Atlas - Plate 16],1906-01-01 (Copied 1907-05-27),Harvard Medical School,,Huntington Avenue; Longwood Avenue; Van Dyke Street [Defunct]; Vila Street [Defunct]; Wigglesworth Street,"Copy of lot plan showing building outlines, pathways and roads. Building names are labelled. Note indicates taken from 1906 City Atlas, plate 16.","Plan matches content of Bromley's Atlas of the City of Boston, 1906. The Harvard Medical School Quadrangle was built between 1903-1906 on land that formerly was the Ebenezer Francis farm.",,(Copied),G.W. Bromley & Co.,C-2625-P,"639, 650",1 in = 100 ft,42.336238,-71.1017,Survey Plan,1,,1,14.5 x 14,Pencil on trace,Creases.,,,,,,,,,,,,,,,,,,,,,,,,,,,,,,,,,,,,,,,,,,,,,,,,,,,,,,,,,,,,,,,,,,,,,,,,,,,,,,,,,,,,,,,,,,,,,,,,,,,,
Perkins_W79_C2626,Huntington Street Lands,"Boston, MA",[Untitled - Copy of Part of City Atlas - Plate 14 - Huntington Entrance],1906-01-01 (Copied 1907-05-27),,,Fenway; Huntington Entrance [Forsythe Way],"Copy of layout showing outline of streets, bodies of water, and building footprints. Note indicates taken from 1906 City Atlas, plate 14.","Plan matches content of Bromley's Atlas of the City of Boston, 1906. ",,(Copied),G.W. Bromley & Co.,C-2626-P,46-48,1 in = 100 ft,42.34014008,-71.093,Survey Plan,1,,1,23 x 14,Pencil on trace,Creases.,,,,,,,,,,,,,,,,,,,,,,,,,,,,,,,,,,,,,,,,,,,,,,,,,,,,,,,,,,,,,,,,,,,,,,,,,,,,,,,,,,,,,,,,,,,,,,,,,,,,
Perkins_W79_C2627,,"South Boston (Boston, MA)",[Untitled - Copy of Plan - First Street],1884-06-20 (Copied 1907-11-05),,New England Felt Roofing Company,West First Street,Copy of layout showing outline of street or passageway or conduit. Note indicates copied at New England Felt Roofing Office.,N.E. Felt Roofing was involved c. 1910 in negotiations with the City of Boston over reconfiguring the location of the intersection of East and West First Streets.,,"Wilson, H.W. (Copied)",,C-2627-P,,1 in = 10 ft,42.338097,-71.0442,Survey Plan,1,,1,7 x 10,Pencil on trace,,,,,,,,,,,,,,,,,,,,,,,,,,,,,,,,,,,,,,,,,,,,,,,,,,,,,,,,,,,,,,,,,,,,,,,,,,,,,,,,,,,,,,,,,,,,,,,,,,,,,
Perkins_W79_C2628,,"South Boston (Boston, MA)",Copy of Plan of Land in South Boston owned by Boston Consolidated Gas Company,1906-11-19 (Copied 1907-09-27),Boston Consolidated Gas Company,New England Felt Roofing Company,Dorchester Street; East First Street; West First Street,"Copy of lot plan showing lot with abutting passageway, sea wall and wharf, showing dimensions and sf. References line on a plan by J.P. Fuller dated 1859. Site abuts a public water passageway and reserved channel (defunct). Note indicates copy of an original filed at Suffolk Registry of Deeds.",,Suffolk Unindexed Plan Bk/Pg 3174/359,Aspinwall & Lincoln (Copied by A.L.V.),,C-2628-P,,1 in = 80 ft,42.338097,-71.0442,Survey Plan,1,,1,14 x 7.4,Pencil on trace,Creases.,,,,,,,,,,,,,,,,,,,,,,,,,,,,,,,,,,,,,,,,,,,,,,,,,,,,,,,,,,,,,,,,,,,,,,,,,,,,,,,,,,,,,,,,,,,,,,,,,,,,
Perkins_W79_C2629,,"South Boston (Boston, MA)",Copy of Part of Plan of Land in South Boston owned by Boston Consolidated Gas Company,1906-11-19 (Copied 1907-10-01),Boston Consolidated Gas Company,New England Felt Roofing Company,Dorchester Street; West First Street,"Copy of lot plan showing lot with two abutting passageways, showing dimensions and sf and notations regarding wall materials. Note indicates copy of an original filed at Suffolk Registry of Deeds.",,Suffolk Unindexed Plan Bk/Pg 3174/359,Aspinwall & Lincoln (Copied),,C-2629-P,,1 in = 80 ft,42.338097,-71.0442,Survey Plan,1,,1,9 x 7.5,Pencil on trace,,,,,,,,,,,,,,,,,,,,,,,,,,,,,,,,,,,,,,,,,,,,,,,,,,,,,,,,,,,,,,,,,,,,,,,,,,,,,,,,,,,,,,,,,,,,,,,,,,,,,
Perkins_W79_C2630,,"South Boston (Boston, MA)",Copy of Part of Plan of Land in South Boston owned by Boston Consolidated Gas Company,1907-01-07 (Copied 1907-10-08),Boston Consolidated Gas Company,"Jarvis, Deming, estate of; Lumsden and Van Stone Company; New England Felt Roofing Company",Dorchester Street; Old Wharf [Defunct]; West First Street,"Copy of lot plan showing lot with abutting passageway and sea wall, showing dimensions and sf and notations regarding wall materials. Location and wall types notated with ""estate line"" emphasized. Note indicates copy of an original filed at Suffolk Registry of Deeds.",,Suffolk Unindexed Plan Bk/Pg 3211/207,Aspinwall & Lincoln (Copied by A.L.D.),,C-2630-P,,1 in = 80 ft,42.338097,-71.0442,Survey Plan,1,,1,14 x 7,Pencil on trace,,,,,,,,,,,,,,,,,,,,,,,,,,,,,,,,,,,,,,,,,,,,,,,,,,,,,,,,,,,,,,,,,,,,,,,,,,,,,,,,,,,,,,,,,,,,,,,,,,,,,
Perkins_W79_C2631,,"Dorchester (Boston, MA)",[Untitled - Copy of Plan - Stonehurst Street],(Copied),,,Bowdoin Street; Stonehurst Street,"Copy of lot plan showing lots 44, 110, and 114 with dimensions and sf. Shows reference lines for street curve. Note indicates from a copy provided by an auctioneer and focus on an area in the rear of the property.",,,(Copied),,C-2631-P,,1 in = 20 ft,42.305168,-71.0672,Auctioneer's Plan,1,,1,13 x 11.5,Pencil on trace,,,,,,,,,,,,,,,,,,,,,,,,,,,,,,,,,,,,,,,,,,,,,,,,,,,,,,,,,,,,,,,,,,,,,,,,,,,,,,,,,,,,,,,,,,,,,,,,,,,,,
Perkins_W79_C2632,,"Dorchester (Boston, MA)",[Plan traced from Original Plot Plan - City Roll No. 14],1899-01-01 (Copied 1907-08-27),,"Carro, Francis T.; Cooley, Catherine F.; Leonard, Ann; Malone, Patrick J.; McDough, Julia J.; Mullen, Mary; Murphy, Joseph S. & Thomas J.; Olsen, Erick; Paine, Robert T.; Reardon, Mary F.; Rein, John A.; Riley, Peter",Norton Street; Stonehurst Street,"Copy of part of street layout showing lots divisions, reference dimensions, building footprints, occupants.",,,(Copied by W.J.K.),,C-2632-P,,1 in = 250 ft,42.305168,-71.0672,Cadastral Plan,1,,1,15.5 x 15.5,Pencil on vellum,Edge damage. Creases. Tear.,,,,,,,,,,,,,,,,,,,,,,,,,,,,,,,,,,,,,,,,,,,,,,,,,,,,,,,,,,,,,,,,,,,,,,,,,,,,,,,,,,,,,,,,,,,,,,,,,,,,
Perkins_W79_C2633,,"Boston, MA",[Untitled - Copy of Plan and Elevations - Brookline Avenue],1884-08-04 (Copied 1907-11-23),,"Boston & Albany Railroad; Whitney, David",Brookline Avenue; Bulter Street [Overland Street]; Depot Street,"Copy of plan and elevations of Brookline Avenue. Shows selected property lot lines and building footprints, vertical dimensions, and revised grade of edgestone. Displays notes in blue pencil and indicates parts copied from City Atlas.",,,"Davis, Charles W., city engineer (Copied by C.F.W.)",,C-2633-P,,Horiz: 1 in = 30 ft; Vert: 1 in = 5 ft,42.346386,-71.0998,Engineering Drawing,1,,1,28.5 x 14.5,Pencil on trace,Creases.,,,,,,,,,,,,,,,,,,,,,,,,,,,,,,,,,,,,,,,,,,,,,,,,,,,,,,,,,,,,,,,,,,,,,,,,,,,,,,,,,,,,,,,,,,,,,,,,,,,,
Perkins_W79_C2634,,"Boston, MA",[Untitled - Copy of Plan - Brookline Avenue],(Copied 1907-11-25),,,Brookline Avenue; Burlington Street; Butler [Overland Street]; Depot Street,Copy of subdivision plan showing block of 30 lots with sf and overall block dimensions. Note indicates from a tracing provided by H.S. Freeman of Freeman Funk & Wilcox.,"Operating under various names, Freeman, Funk & Wilcox were architects with a particular focus on business and residential buildings.",,(Copied by C.F.W.),,C-2634-P,,1 in = 50 ft,42.346386,-71.0998,Survey Plan,1,,1,19 x 15,Pencil on trace,Creases.,,,,,,,,,,,,,,,,,,,,,,,,,,,,,,,,,,,,,,,,,,,,,,,,,,,,,,,,,,,,,,,,,,,,,,,,,,,,,,,,,,,,,,,,,,,,,,,,,,,,
Perkins_W79_C2635,,"Cambridge, MA",[Untitled - Copy of Plan - Block in City of Cambridge],1895-09-01 (Copied),,,Broadway; Trowbridge Place; Trowbridge Street; Ware Street,"Copy of plan showing 13 numbered lots with dimensions, sf, and building footprints.",,,Cambridge City Engineer (Copied),,C-2635-P,,1 in = 40 ft,42.372668,-71.1121,Survey Plan,1,,1,21 x 16,Pencil on trace,Creases.,,,,,,,,,,,,,,,,,,,,,,,,,,,,,,,,,,,,,,,,,,,,,,,,,,,,,,,,,,,,,,,,,,,,,,,,,,,,,,,,,,,,,,,,,,,,,,,,,,,,
Perkins_W79_C2636,Tenean Street,"Dorchester (Boston, MA)",Copy of Part of No. 6 of Plans for the Abolition of Grade Crossings of the Old Colony Railroad in the City of Boston,1906-12-01 (Copied 1908-06-20),Old Colony Railroad,"Driscoll, John; Hamlin, Edward & George P.; Holbrook, S. Pinckney; King, Samuel G.",Tenean Street,"Plan showing location of railroad tracks relative to abutters including parcel numbers 31, 32 and 37. Contains select dimensions and sf. Note indicate copied from plan at Railroad Commissioner's office.",,,(Copied by C.V.),,C-2636-P,,Horiz: 1 in = 40 ft; Vert: 1 in = 10 ft,42.293348,-71.0476,Engineering Drawing,1,,1,20.5 x 11,Pencil on trace,Creases.,,,,,,,,,,,,,,,,,,,,,,,,,,,,,,,,,,,,,,,,,,,,,,,,,,,,,,,,,,,,,,,,,,,,,,,,,,,,,,,,,,,,,,,,,,,,,,,,,,,,
Perkins_W79_C2637,,"Cambridge, MA",Copy of Plan of Building Lots belonging to Mrs. Washington Allston on the Estate of the late chief justice Dana in Cambridge,(Copied 1907-11-20),"Allston, Mrs. Washington","Ware, Rev.",Broadway; Trowbridge Street; Ware Street,"Subdivision plan showing 15 numbered lots with dimensions and sf. Subtitle indicates original plan by Wadsworth was copied ""with additions"" by Henry S. McKean. This version copied from a lithograph at City of Cambridge office.","Mrs. Allston was the sister of Richard Dana, Sr.; see other plans in the collection related to the Dana family.",,"Wadsworth, Alexander (Copied by C.V.)",,C-2637-P,,1 in = 100 ft,42.372668,-71.1121,Survey Plan,1,,1,12 x 10,Pencil on trace,Creases.,,,,,,,,,,,,,,,,,,,,,,,,,,,,,,,,,,,,,,,,,,,,,,,,,,,,,,,,,,,,,,,,,,,,,,,,,,,,,,,,,,,,,,,,,,,,,,,,,,,,
Perkins_W79_C2638,,"Boston, MA",[Untitled - Copy of Plan],1872-01-01 (Copied 1907-09-07),,"Boston & Albany Railroad; Lawrence, Amos A.",Mountfort Street,Sketch showing location of railroad over a brook and abutting Lawrence's property. Shows grid of subdivision lots. Note says traced from City Plan CC-345.,"Per urban atlases, Lawrence owned considerable land in this location which by the 1870s had undergone considerable subdividing.",,(Copied by C.F.W.),,C-2638-P,,1 in = 60 ft,42.34849779,-71.1031,Survey Plan,1,,1,7 x 8.5,Pencil on trace,,,,,,,,,,,,,,,,,,,,,,,,,,,,,,,,,,,,,,,,,,,,,,,,,,,,,,,,,,,,,,,,,,,,,,,,,,,,,,,,,,,,,,,,,,,,,,,,,,,,,
Perkins_W79_C2639,,"Boston, MA","Sketch of notes to accompany plan dated Nov. 7, 1907.",1907-11-07,,,Mountfort Street,"Sketch of lot showing dimensions and, in red ink, instrument line. Displays lines of building footprints on adjacent lots with select heights. Abutting lots shows now defunct street numbers 67, 69, 75, 77, 81, 93, 99. Drawn on Fuller Whitney letterhead.",,,Fuller & Whitney,,C-2639-P,,Scale not given,42.34807785,-71.1038,Survey Plan,1,,1,8.5 x 11,Ink on manilla,,,,,,,,,,,,,,,,,,,,,,,,,,,,,,,,,,,,,,,,,,,,,,,,,,,,,,,,,,,,,,,,,,,,,,,,,,,,,,,,,,,,,,,,,,,,,,,,,,,,,
Perkins_W79_C2640,Downtown Boston Infrastructure,"Boston, MA",[Untitled - Copy of Part of City Engineering Plan No. 18],(Copied 1908-01-27),,,High Street; Summer Street,Copy of part of plan showing location of pipe lines.,,,(Copied),Boston Water Department,C-2640-P,,1 in = 50 ft,42.35332886,-71.0563,Engineering Drawing,1,,1,8 x 8,Pencil on vellum,,,,,,,,,,,,,,,,,,,,,,,,,,,,,,,,,,,,,,,,,,,,,,,,,,,,,,,,,,,,,,,,,,,,,,,,,,,,,,,,,,,,,,,,,,,,,,,,,,,,,
Perkins_W79_C2641,Downtown Boston Infrastructure,"Boston, MA",[Untitled - Sketches of Utilities at High and Federal Streets],1905-04-25 (Copied 1908-01-29),,Boston Elevated Co.; Boston Heating Co.,Federal Street; High Street,"Two versions on single sheet of street layout with color-coded lines for electrical, gas, sewer, water. Contains color-coded legend of lines, dimensions, and building footprints with hatched edges. Edits in purple ink. ",,,(Copied by R.W.H.),,C-2641-P,,1 in = 20 ft,42.35332886,-71.0563,Engineering Drawing,1,,1,24.5 x 15,Pencil on trace,Edge damage. Creases. Tear.,,,,,,,,,,,,,,,,,,,,,,,,,,,,,,,,,,,,,,,,,,,,,,,,,,,,,,,,,,,,,,,,,,,,,,,,,,,,,,,,,,,,,,,,,,,,,,,,,,,,
Perkins_W79_C2642,Downtown Boston Infrastructure,"Boston, MA",[Untitled - Copy of Part of City Sewer Dept. Plan - General District Vol.],(Copied 1908-01-27),,,Federal Street; High Street; Summer Street,Copy of part of plan showing location of sewer pipes and connections with dimensions and information on pipe dimensions.,,,(Copied by R.W.H.),Boston Sewer Department,C-2642-P,,1 in = 50 ft,42.35332886,-71.0563,Engineering Drawing,1,,1,12 x 9,Pencil on vellum,Creases.,,,,,,,,,,,,,,,,,,,,,,,,,,,,,,,,,,,,,,,,,,,,,,,,,,,,,,,,,,,,,,,,,,,,,,,,,,,,,,,,,,,,,,,,,,,,,,,,,,,,
Perkins_W79_C2644,,"Saugus, MA","Copy of Sketch of Lots conveyed by Mary E. Slattery to Charles R. Evans by Deed of March 17, 1908 based on Plan of Land owned by Joseph Slattery, in _____ made by W. K. Hunt, August 1903",03/17/1903 (Copied),"Evans, Charles R.; Slattery, Mary E.",,Avon Street; Clifton Street; Laurel Street; Lincoln Avenue; Mt. Vernon Street,Subdivision plan showing 14 numbered lots with dimensions and sf. Lots are hatched in red pencil.,,Southern Essex Plan Bk/Pg 1910/123,"Hunt, W. H. (Copied)",,C-2644-P,,1 in = 60 ft,42.44519385,-71.0134,Survey Plan,1,,1,10 x 14.5,Ink and pencil on vellum,Creases.,,,,,,,,,,,,,,,,,,,,,,,,,,,,,,,,,,,,,,,,,,,,,,,,,,,,,,,,,,,,,,,,,,,,,,,,,,,,,,,,,,,,,,,,,,,,,,,,,,,,
Perkins_W79_C2645,,"Boston, MA",Copy of Part of Plan of Building Lots belonging to George D. Cox situated in Boston Highlands,(Copied 1908-04-17),"Cox, George D.",,Longwood Avenue; Tremont Street; Wigglesworth Street; Worthington Street [Palace Road],"Copy of part of subdivision plan showing 3 rows of lots spread over two blocks. Lots at either end of blocks contain dimensions, sf, and lot numbers.","The site's owner, George D. Cox, was a19th-century local real estate developer and speculator who developed much of this area. See https://www.boston.gov/sites/default/files/embed/m/mission-hill-triangle-architectural-conservation-district.pdf",Suffolk Unindexed Plan Bk/Pg 1061/999,"Granger, David (Copied by F.W.A.)",,C-2645-P,"8, 651",1 in = 10 ft,42.33870473,-71.0993,Survey Plan,1,,1,16.5 x 9.5,Pencil on trace,Edge damage. Creases. Tear.,,,,,,,,,,,,,,,,,,,,,,,,,,,,,,,,,,,,,,,,,,,,,,,,,,,,,,,,,,,,,,,,,,,,,,,,,,,,,,,,,,,,,,,,,,,,,,,,,,,,
Perkins_W79_C2646,,"North End (Boston, MA)",Untitled - Copy of Plan of No. 110 Prince Street,(Copied),,Bell; Buntin; Long; Robinson; Well,"69 - 75 North Margin Street; 108, 110, and 112 Prince Street; Thacher Street","Copy of plot plan with edits. Shows dimensions, hatched property lines, and parties in multiple deed transfers between 1836 and 1843. Base layout drawn in ink, additional information in colored pencil. Includes misc. edits and calculations.",,,(Copied),,C-2646-P,,Scale not given,42.365686,-71.0566,Survey Plan,1,,1,15.5 x 28,Ink and pencil on vellum,Edge damage. Creases. Tear.,,,,,,,,,,,,,,,,,,,,,,,,,,,,,,,,,,,,,,,,,,,,,,,,,,,,,,,,,,,,,,,,,,,,,,,,,,,,,,,,,,,,,,,,,,,,,,,,,,,,
Perkins_W79_C2647,,"Foxborough, MA",Plan showing Land and Buildings owned by Williams and Upham.,1906-11-01,Williams & Upham,"Boyden, Seth et al; Lane, Fred S.; New York New Haven Railroad; North Foxboro Station",Mill Pond; North Street,"Plan showing lots with footprints of houses, barns, mills, railroad depot and electric railroad tracks, and location of mill pond and brook. Displays location of North Foxboro rail station depot, electric railroad overhead bridge, and selected dimensions.",,,None provided,,C-2647-P,,1 in = 40 ft,42.085599,-71.2565,Survey Plan,1,,1,15 x 10.5,Ink on vellum,Creases.,,,,,,,,,,,,,,,,,,,,,,,,,,,,,,,,,,,,,,,,,,,,,,,,,,,,,,,,,,,,,,,,,,,,,,,,,,,,,,,,,,,,,,,,,,,,,,,,,,,,
Perkins_W79_C2648,,"Melrose, MA",Copy of Part of Book Plan 66-4 - Middlesex,1851-06-01 (Copied 1908-05-12),,,High Street [Brown Street]; Vernon Street; Walnut Street [East Wyoming Avenue],Subdivision plan showing 8 lots numbered 35 through 42 with dimensions and sf. Note indicates part of plan 66-4 of Middlesex.,,,"Butterfield, George M. (Copied by F.W.H.)",,C-2648-P,,Scale not given,42.45003019,-71.0639,Survey Plan,1,,1,8 x 7,Pencil on trace,Edge damage. ,,,,,,,,,,,,,,,,,,,,,,,,,,,,,,,,,,,,,,,,,,,,,,,,,,,,,,,,,,,,,,,,,,,,,,,,,,,,,,,,,,,,,,,,,,,,,,,,,,,,
Perkins_W79_C2649,,"Melrose, MA",Copy of Part of Atlas of Melrose - 1899,1899-01-01 (1908-01-18),,"Blake, Nathan D., jr.; Lynde, A. Y.; Smith. W.A.; Washburn, F. H.",Brown Street; Vernon Street; East Wyoming Avenue,Plan showing 5 lots with sf and building footprints. Displays notes regarding sales and registry information.,Is traced from 1899 George Walker Atlas.,Middlesex South Deed Bk/Pg 832/182; 877/299,"Walker, George H. (Copied by F.W.H.)",Geo. H. Walker & Co.,C-2649-P,,Scale not given,42.45003019,-71.0639,Survey Plan,1,,1,7 x 10,Pencil on trace,,,,,,,,,,,,,,,,,,,,,,,,,,,,,,,,,,,,,,,,,,,,,,,,,,,,,,,,,,,,,,,,,,,,,,,,,,,,,,,,,,,,,,,,,,,,,,,,,,,,,
Perkins_W79_C2724,,"Boston, MA",Line of Division between Estate of #342 Washington Street and Blake Property,1911-06-24,"Parker, James, estate of; Blake, W.P.",,342 Washington Street,"Building elevation and plan at section line A-A, showing party line division. Notes indicate drawing was distributed to the building owners, including lawyers for estate of James Parker at 12 Pemberton Square.",,,"Blackall, C.H.; Whitney, Charles A.",,C-2724-P,,Scale not given,42.35665709,-71.0591,Survey Plan,1,,1,9 x 11,Ink on vellum,,,,,,,,,,,,,,,,,,,,,,,,,,,,,,,,,,,,,,,,,,,,,,,,,,,,,,,,,,,,,,,,,,,,,,,,,,,,,,,,,,,,,,,,,,,,,,,,,,,,,
,,,,,,,,,,,,,,,,,,,1342.5,,,,,,,,,,,,,,,,,,,,,,,,,,,,,,,,,,,,,,,,,,,,,,,,,,,,,,,,,,,,,,,,,,,,,,,,,,,,,,,,,,,,,,,,,,,,,,,,,,,,,,,,,
