identifier,city_town,survey_title,date,auction_date,property_owner,neighbors,streets,notes,background_notes,related_registry_doc,surveyor,publisher,auctioneer,surveyor_no,scale,latitude,longitude,no_sheets,panels,sides,dimensions_in,form_genre,material,condition_notes
Perkins_1_1,"Cambridge, MA",[Untitled - Lots on Broadway],1883-03-22,,,"Becket, Richard; Wallis, William D.",Broadway; Third Street,"Plot plan showing one lot with dimensions, field survey notes and calculations, and abutters.  Displays outline and annotations for new brick party wall and measurements and features related to street curb.","Survey drawn on rear side of a lithograph of a War Department Weather Map done by U.S. Army Signal Services for September 13, 1873.",Middlesex South Deed Bk/Pg 970/588,"Bowker, Edwin F.",,,,Not provided,42.36273272,-71.08412917,1,,1,12.5 x 9.5,Survey Plan,Pencil and ink on manila,
Perkins_1_2,"Cambridge, MA",Plan of Lands in Cambridgeport belonging wholly or in part to Frederick L. Ames; abutting and neighboring estates.,1883-10-01,,"Ames, Frederick L.",,,Cover sheet for plan. Indicates plans are drawn at scale of 1 inch = 80 ft. Decorative lettering and ornate borders. Duplicate of item Perkins Plan #9_6.,"Ames was a prominent railroad executive who owned property in the Cambridgeport ""flats"" area.",,"Bowker, Edwin F.; Mason, W. A., & Son.",,,,Not applicable,,,1,,1,13 x 11,Auctioneer Plan,Ink on vellum,Discoloration.
Perkins_1_3,"Cambridge, MA","Land of Crocker, Sortwell & Fisk, Trustees",1902-05-27,,"Crocker, Sortwell & Fisk","Danehy, Wiliam",Amherst Street; Hayward Street; Main Street; Wadsworth Street,"Subdivision plan showing one block containing 27 numbered lots with dimensions, sf, and misc. geospatial references. Labelled in decorative typeface.",,,"Bowker, Edwin F.",,,,1 in = 30 ft,42.361463,-71.084874,1,,1,22 x 14.5,Survey Plan,Blueprint,Stored in plastic sleeve.
Perkins_1_4,"Cambridge, MA",Plan of Land in Cambridge owned by the Cambridge Gas Light Co.,Not dated,,Cambridge Gas Light Co.,"Collins, Elizabeth and Michael; Cox, Elizabeth; Ford, Austin & Joseph B.; McMurray, Peter, carriage works; Moore, William S., heirs; Sweeney, Catherine; Whitney, Henry M.","Athenaeum Street; Broad Canal [part now Broad Canal Way, part defunct]; Fifth Street; Munroe Street [part now Linsky Street]; Potter Street; Second Street; Third Street",Plot plan showing layout of factory works over two blocks with key structures outlined and labelled and select reference points and dimensions and overall lot sf.  Title and streets labelled in decorative typeface.,Perkins Plan #1_5 shows more finished version.,,"Bowker, Edwin F.",,,,1 in = 30 ft,42.3640142,-71.0833779,1,,1,49 x 24.5,Survey Plan,Ink on vellum,Buckling. Discoloration. Folds.
Perkins_1_5,"Cambridge, MA",Plan of Land in Cambridge owned by the Cambridge Gas Light Co.,1903-10-31,,Cambridge Gas Light Co.,"Collins, Elizabeth and Michael; Cox, Elizabeth; Ford, Austin & Joseph B.; McDonough, D.J.; McMurray, Peter, carriage works; Moore, William S., heirs; Roberts, Orrin P.; Sweeney, Catherine; Wellington, Sarah; Whitney, Henry M.","Athenaeum Street; Broad Canal [part now Broad Canal Way, part defunct]; Fifth Street; Munroe Street [part now Linsky Street]; Potter Street; Second Street; Third Street","Plot plan showing layout of factory works over two blocks with key structures outlined and labelled and select reference points and dimensions and overall lot sf.  Includes reference to ""Bayard purchase."" All structures are labelled. Title and streets labelled in decorative typeface.",,,"Bowker, Edwin F.",,,,1 in = 30 ft,42.3640142,-71.0833779,1,,1,48 x 28,Survey Plan,Blueprint,Frayed edges.
Perkins_2_1,"St. Mary Parish, LA","Sketch of the Battle of Bisland, Louisiana",Not dated,,,,Atchafalaya River; Bayou Teche; St. Mary's Parish,"Map showing location of the Battle of Bisland with river, main and plantation roads, ""thick woods"" and open fields, houses and trees burnt in battle, fort, Mouton's and Sibley's brigades, Clifton and Diana gunboats, General Banks' headquarters, and railroad embankment. Contains table of references and note indicating from ""Reconnaissance during and after the Battle."" Verso indicates ""Item No. 90.""","The Battle of Bisland was fought April 12 & 13, 1863.  Elliott served assistant engineer, Department of the Gulf, during the Civil War.",,"Elliot, Charles Darwin",,,,Not provided,29.679941,-91.289752,1,,1,9 x 16,Military Map,Blueprint,Stored in plastic sleeve.
Perkins_2_2,"Somerville, MA",Land in Somerville surveyed for E.B. Morgan et al.,1888-12-03,,,Griffiths; New England Mutual Life Co.,Benton Avenue [Benton Road]; Centre Street; 6 thru 20 Gibbons Street,Subdivision plan showing 10 numbered lots with dimensions and sf.,,,"Elliot, Charles Darwin",,,,1 in = 40 ft,42.388229,-71.104804,1,,1,19 x 9,Survey Plan,Ink and pencil on vellum,
Perkins_2_3,"Cambridge, MA",Map of Cambridge as existing in 1635,1880-12-01,,,,,"Map showing extent of Cambridge in 1635 with roads, town boundaries, hatched areas denoting marshes and swamps, building footprint in town center, and dashed line representing ""approximate position of fort - remaining position uncertain."" Note indicates ""Compiled Dec. 1880 from the best obtainable data and with approximate accuracy by Charles D. Elliot, C.E."" Contains lists of 24 number references to map features.","Is a reduced reproduction of a larger version and appeared as frontispiece in ""The records of the town of Cambridge (formerly Newtowne) Massachusetts. 1630-1703 by Cambridge (Mass.)"" [Internet Archive ""https://archive.org/embed/recordsoftownofc00cambiala""]",,"Elliot, Charles Darwin",,,,Not provided,42.373611,-71.110556,1,,1,9.5 x 6,Map,Print on coated paper,
Perkins_2_4,"Somerville, MA",Plan of Part of the Estate of J. C. Ayer. Plan B,1887-08-20,,"Ayer, James C.",Central Massachusetts Railroad; Somerville Highland Station,Highland Avenue; Fanning Avenue [Hancock Street]; Henry Avenue; Lesley Avenue; Lexington Avenue; Willow Avenue,Subdivision plan showing 104 numbered lots spread over five blocks with dimensions and sf. ,Elliot served as Ayer's estate agent.,,"Elliot, Charles Darwin",,,,1 in = 100 ft,42.394033,-71.11518,1,,1,11.5 x 11,Survey Plan,Ink on manila,
Perkins_2_5,"Somerville, MA",Part of the Estate of James C. Ayer. Plan D,1891-02-01,,"Ayer, James C.",Central Massachusetts Railroad; Somerville Highland Station,Applegate Street; Ayer Avenue [Highland Avenue]; Frederick Avenue [Kidder Avenue]; Josephine Avenue; Morrison Avenue; Morrison Street; Rogers Avenue; Willow Avenue,Subdivision plan showing 79 numbered lots spread over four blocks with dimensions and sf. ,,,"Elliot, Charles Darwin",,,,1 in = 100 ft,42.394033,-71.11518,1,,1,17 x 14,Survey Plan,Ink on manila,
Perkins_2_6,"Somerville, MA",Plan of Estate in Somerville owned by Horace Record,1883-07-01,,"Record, Horace","Desseault; Gilman, P. S.",Broadway; Marshall Street,"Draft of plot plan showing two lots, one with sf and dimensions.  Includes building footprints and field notes. Verso is part of a poster of qualified Somerville Voters in Ward 4.",,,"Elliot, Charles Darwin",,,,1 in = 10 ft,42.39205342,-71.09305124,1,,1,20 x 14,Survey Plan,Ink and pencil on manila,
Perkins_2_7,"Somerville, MA",[Untitled - Lots on Elm and Porter Streets],1883-04-05,,,"Ireland, George W.",Elm Street; Porter Street,"Draft of plot plan showing two numbered lots, with sf and dimensions and field notes. Note says ""Changes in lotting made August 2, 1884 and new plan.  Lists other items. Verso is part of a poster of qualified Somerville Voters in Ward 4.  Features Elliot's engineering stamp.",,,"Elliot, Charles Darwin",,,,1 in = 10 ft,42.38653489,-71.11385012,1,,1,20 x 14,Survey Plan,Ink and pencil on manila,
Perkins_2_8,"Boston, MA; Somerville, MA",[Untitled - Plot plan for West End Street Railway Co.],1905-09-01,,West End Street Railway Co.,Boston & Maine Railroad,Arlington Avenue [Arlington Street]; George Street [Defunct]; Hamblen Street; Mystic River,Lot plan showing dimensions and orientation references; present line of ownership; 1890 pierhead and bulkhead line; 1895 line of extreme low water; Boston/Somerville town lines; location of flats. Reference to 1853 sale by Archibald Babcock to Eastern Railroad.,,Middlesex South Deed Bk/Pg 646/21,"Elliot, Charles Darwin",,,,1 in = 100 ft,42.387568,-71.075353,1,,1,13 x 9.5,Survey Plan,Ink on vellum,
Perkins_2_9,"Cambridge, MA",Map of the Cambridge Region,1905-01-01,,,,Towns of Arlington; Belmont; Burlington; Cambridge; Lexington; Medford; Somerville; Stoneham; Waltham; Watertown; Winchester,"Regional map showing town borders; bodies of water; major topographic features; roads.  Towns are bordered by a line composed of crosses. Indicates compiled by Elliott, C.E.",,,"Elliot, Charles Darwin",,,,1 in = 1 mile,42.420787,-71.178113,1,,1,15.5 x 13,Map,Ink on vellum,Buckling. Discoloration.
Perkins_2_10,"Somerville, MA",[Untitled - Lots on Chestnut and Poplar Streets],1876-11-17,,,"Cammera, Mrs.; Diggins, Michael; Monahan, Margaret",Chestnut Street; Poplar Street,"Preliminary plot plan showing 3 lots with dimensions, boundary lines, building footprints, and occupants. Lot is abutted by a passageway. Indicates from Elliot's office in Somerville Square.",,,"Elliot, Charles Darwin",,,,1 in = 10 ft,42.37785369,-71.08628259,1,,1,21.5 x 14,Survey Plan,Ink on trace,Discoloration.
Perkins_2_11,"Wilmington, MA; Woburn, MA",Woburn Park Building Lots in Woburn and Wilmington,1889-08-10,,,,Alpine Avenue; Avon Street; Breed Avenue; Cambria Avenue; Conway Avenue; Elm Square; Florence Avenue; Glen Avenue; Glen Square; Heath Avenue; Ingelow Avenue; Lehigh Avenue; Lenox Avenue; Leslie Avenue; Main Street; North Maple Street; Oak Square; Pine Avenue; Sharon Avenue; Spencer Avenue; Summit Avenue,"Subdivision plan showing 14 numbered blocks, each containing numbered lots.  Displays Wilmington and Woburn town line.",,,"Elliot, Charles Darwin",,,,1 in = 100 ft,42.519996,-71.158417,1,,1,16.5 x 13.4,Survey Plan,Ink on vellum,
Perkins_2_12,"Boston, MA; Medford, MA",[Untitled - Copy of map of Roads between Boston Mill Pond and Powder House},Not dated (Copied 1896-12-18),,,,Boston Mill Pond; Cambridge Bridge; Charlestown Bridge; Charlestown Mill Pond [Defunct]; Leachmores Point [Lechmere Point); Medford Turnpike [Mystic Avenue]; Milk Road [Defunct],"Copy of schematic map of roads between Boston ""Market"" and Powder House in Medford. Outlines body of water. Directional references to Cambridge Common and Medford River. Note indicates copied by Elliot from Miss Cutter's original, no title or date.",,,"Tufts, Peter, Jr. (Copied by Elliot, Charles Darwin)",,,,1 in = 80 rods (1320 ft),42.36925304,-71.07301859,1,,1,17 x 10.5,Map,Ink on vellum,Discoloration.
Perkins_2_13,"Cambridge, MA; Somerville, MA",[Untitled - Copy of plot of land],Not dated (Copied 1896-12-18),,,"Bigelow, Abraham; Fuller, Abraham; Sullivan","""Road to Cambridge"" [Massachusetts Avenue]; ""Road to Charlestown"";","Copy of lot plan showing boundary, dimensions;  reference points, abutters.  3 areas labelled as ""torn out.""  Note indicates from Miss Cutter's original. Note on verso: Philhimon R. Rufsell {Russell?} of John M. Rufsell [Russell?].",Philimon R. Russell resided at 23 Russell Street in Somerville in the 19th century.  Part of the Russell estate was acquired by Capt. Gilman Sargent (see Survey# Perkins_13_1). The house is listed on the National Historic Register.,,"Tufts, Peter, Jr. (Copied by E.F.E.)",,,,Not provided,42.39286296,-71.12222529,1,,1,9.5 x 8,Survey Plan,Ink on vellum,Discoloration.
Perkins_2_14,"Medford, MA",[Untitled - Sally Tufts lot],Not dated (Copied),,"Hall, Richard; Tufts, Sally",,,"Copy of lot plan showing 100 sf parcel with dimensions. Lot is labelled ""Sally Tufts - 1 acre"" and notes indicate ""Sally Tufts of Richard  Hall"" and that a date in pencil on back of this plan but near a plan of Daniel Tufts bought of a kettle lot in June 12, 1805."" ",,,"Tufts, Peter, Jr. (Copied by Clarke, Arthur)",,,,1 in = 60 ft,,,1,,1,12 x 10,Survey Plan,Ink on vellum,Buckling. Discoloration.
Perkins_2_15,"Somerville, MA",Copy of Plan of Land in Somerville belonging to Hannah Bennett and to the Heirs of Clark Bennett],1882-11-01 (Copied 1926-03-09),,"Bennett, Clark, heirs; Bennett, Hannah",,Bennett Street [Defunct]; Prospect Street,Copy of subdivision plan showing lots 7 thru 12 with dimensions and sf abutted by 40' wide street.,"Bennett Street no longer exists but abuts Bennett Court. Note indicates recorded in Middlesex South Registry of Deeds, Bk/Pl 54/42. ",,"Elliot, Charles Darwin (Copied by EaB)",,,,1 in = 20 ft,42.378069,-71.094737,1,,1,22 x 17,Survey Plan,Pencil on trace,Edge damage.
Perkins_2_16,"Somerville, MA",Copy of Plan of House Lots in Somerville belonging to M. Hittinger,1876-01-01 (1891-08-01),,"Hittinger, M.",,Brooks Street [Moreland Street]; Fremont Street [Tremont Street]; Meacham Street; Medford town line; Middlesex Canal [Defunct],"Subdivision plan showing 48 numbered lots divided into 4 rows with dimensions and sf. Decorative title block. Annotations indicate to be sold at Assignees Sale on June 24, 1876 by Arel Dearborn and John M. Swazey for the estate of George M. Rawson & M. Hittinger.  Copied from lithographic print.",,,"Curtis & Stevens, engineers (Copied by Elliot, Charles D.)","J. Mayer & Co., lithographer",,,1 in = 40 ft,42.39795115,-71.0970839,1,,1,18 x 26.5,Auctioneer Plan,Ink on linen or vellum,Buckling. Discoloration.
Perkins_2_17,"Somerville, MA",Plan of Building Lots in Somerville owned by Clark Bennett,1877-09-01,1882-05-31,"Bennett, Clark",,Chauncey Street [Fellsway West]; Derby Street; Jaques Street; Mystic Avenue; Wheatland Street; ,"Subdivision plan showing 72 numbered lots divided into 2 rows with dimensions and sf. Abuts public park and pond. Annotations to be sold by auction, May 31, 1882 at 3 o'clock on premises by Sullivan Bros. & Libbie, Auctioneers.  Penciled note indicates offset line compared to City Plan 343.",,,"Elliot, Charles Darwin",,Sullivan Brothers,,1 in = 50 ft,42.392467,-71.088036,1,,1,21.5 x 17.5,Auctioneer Plan,Print on bond,Discoloration. Edge damage. Tears.
Perkins_2_18,"Lynn, MA; Saugus, MA","Lynnhurst, Lynn, Mass. - Homes for Everybody.",1891-03-26,,,,Cleveland Avenue; Edison Avenue; Garfield Avenue; Harrison Avenue; Hayes Street; Jefferson Avenue; Newcomb Avenue; Sherman Street; Virginia Hill Road [Fairmount Avenue]; Walnut Street; Washington Avenue,"Subdivision plan showing 19 blocks comprising over 500 numbered lots with dimensions and sf. Plan sub-title reads ""Beautiful building lots on easy payments with interest and without taxes.  All improvements made free of cost. Streets graded, side walks made, shade trees planted."" Contains decorative title, inset map showing location relative to Lynn Center and railway to Boston via Saugus railroad line and streetcar icon at development entrance. Several blocks contain red lines which indicate sold lots.",Development straddles both Lynn and Saugus. Lynnhurst now is a designated neighborhood in Saugus.,,"Elliot, Charles Darwin","Walker, George D.",,,1 in = 100 ft,42.47423316,-70.99617542,1,,1,29 x 19,Auctioneer Plan,Print on bond,Discoloration. Creases. Edge damage.
Perkins_2_19,"Hyde Park (Boston, MA)",Plan of Building Lots at Sunnyside in Hyde Park belonging to H.D. Gilman,1873-05-15,,"Gilman, Henry D.",,Atherton Avenue [Alverado Avenue]; Brook Avenue [Defunct]; Mother Brook; River Road; St. Charles Street [Defunct]; St. James Street [Defunct]; St. Joseph Street [Defunct]; Sunnyside Avenue [Fairview Avenue];,Subdivision plan showing 10 blocks comprising 170 lots with selected dimensions and sf. Contains decorative title. Includes penciled checkmarks and annotations.,"Much of the development now is Fairview Cemetery. Per Norfolk Registry, plan may have been based on an original drawn by W. Mason.",Norfolk Plan Bk/Pg 5/180  (Plan #1870-180),"Elliot, Charles Darwin",,,,1 in = 100 ft,42.246522,-71.137125,1,,1,30 x 22.5,Survey Plan,Ink on bond,Discoloration. Edge damage (severe). Stains. Tears.
Perkins_2_20,"Somerville, MA","Estates of the late Benjamin Randall, Somerville",1871-03-30,,"Randall, Benjamin","Boston & Lowell Railroad; Randall, Ellen M.; Russell, David; Tufts, Charles; Wait, S.S.",Medford Street; Shawmut Street [McGrath Highway]; Washington Street,"Subdivision plan showing 4 numbered lots, outlined in red, with dimensions and sf. On adjoining lot shows house footprint. Note says ""This plan is same as No. 218. See Giroux env. Jan. 1901.""",Abutter Charles Tufts was founder of Tufts University.,,"Elliot, Charles Darwin; Mason, W.A.",,,,1 in = 20 ft,42.38082769,-71.0893292,1,,1,31 x 22.5,Survey Plan,Ink on bond,Crease. Discoloration. Edge damage. Tears.
Perkins_2_21,"Medford, MA",Plan of Estate in Medford belonging to Arthur W. Tufts,1891-04-11,,"Tufts, Arthur W.","Adams, George E.; Boston & Lowell Railroad; College Hill Station",College Avenue; Main Street; Massachusetts Pond [Defunct],Lot plan showing two lots with dimensions and sf and locations of drainage and right of way.,,,"Elliot, Charles Darwin",,,,1 in = 60 ft,42.40745964,-71.11596623,1,,1,23 x 20,Survey Plan,Ink on bond,Discoloration. Edge damage. Tear.
Perkins_2_22,"Cambridge, MA",Premises of D. H. Gore in Cambridgeport,1873-01-20 (Copied 1897-12-11),,"Gore, D. & H.","Cambridge Gas Light Co.; Cambridge Improvement Co.; Howe, estate of; Roberts, Orrin P.",Broad Canal [Broad Canal Way]; Potter Street; Third Street,"Lot plan showing dimensions and sf, including table of sf of various features, including wharves, docks, platforms, and other ""improvements."" Lot outline and certain dimensions outlined in red ink and shaded in blue; note indicates that this was sold to Cambridge Gas Light Co. on 01/01/1897 and that data in blue added May 15, 1875. Decorative title.",D. & H. Gore were listed in Cambridge city directories as paving contractors/suppliers.,,"Chase, J.G. (Copied by Elliot, Charles Darwin)",,,,1 in = 40 ft,42.364285,-71.083181,1,,1,29 x 18,Survey Plan,Ink on vellum,Buckling. Discoloration. Edge damage.
Perkins_2_23,"Malden, MA","Plan of Land in Maplewood, Malden owned by A. R. Lewis",1905-03-14,,"Lewis, A. R.",,"Ash Avenue [Roberts Street, partially defunct]; Broadway","Subdivision plan showing 23 numbered lots with dimensions and sf. Subtitle says: Being a redivision of Lots 3 to 14 (inclusive) 9 1/2 and 2b to 33 (inclusive) on plan recorded at Mdy. So. Dist. Reg. of Deeds, Book 80, Plan 19. Outlines taken from recorded plan and deed. See A.R. Lewis env. March 7, 1905. Calc. Bk b. p. 70.""",,,"Elliot, Charles Darwin",,,,1 in = 40 ft,42.43602183,-71.03770897,1,,1,23 x 18,Survey Plan,Ink on bond,
Perkins_2_24,"Charleston, SC","Plan of Charleston Harbor and its fortifications, compiled from Government Surveys",1861-01-01,,,,Ashley River; Charleston Harbor; Cooper River; Drum Island; Fort Moultrie; Hog Island; James Creek; James Island; Sullivan Island; Waproo Creek,"Map showing Charleston Harbor, its fortifications, city plan, select structures, railroads, and low water depths.  Indicates compiled from government surveys.",See LMEC version: https://collections.leventhalmap.org/search/commonwealth:kk91fs74m,,Elliot & Ames,"Andrews, C.D., lithographer",,,1 in = 31680,32.76981497,-79.89550115,1,,1,23.5 x 19,Map,Lithograph on bond,Creases. Discoloration. Edge damage. Holes. Tape marks. Tears.
Perkins_2_25,"Medford, MA",Plan of Land in West Medford. Survey for Lester H. Latham.,1900-10-23,,,,Brooks Street; Hammond Place; High Street,"Draft of subdivision plan showing 6 numbered lots and 4 ft. wide ""right of way"" with area and sf.  Subtitle re survey for Mr. Latham has been crossed out as has selected dimensions. References blueprint by F. H. Watts, surveyor, March, 1898.",,,"Elliot, Charles Darwin",,,,1 in = 30 ft,42.42164852,-71.13013188,1,,1,23 x 18,Survey Plan,Ink on manila,Discoloration. Edge damage.
Perkins_2_26_A_B,Not provided,[Untitled - Plans of roads at Mill Pond - Plan No. 1 and No. 3],1905-03-01,,,,Main Street; Walnut Street,"Two layouts for street intersection at Mill Pond.  Both show footprint of mill and location of stream and flume running between pond and mill and overflow area.  Dashed line indicates legal line of Main Street. Plan No. 1 shows Walnut Street bordered by trees and pond edge.  Plan No. 2 shows parkway bordered by wall, side walk, grass plat, and trees long side of pond.",Set does not contain Plan No. 2,,"Elliot, Charles Darwin",,,,1 in = 30 ft,,,2,,1,18 x 12,Street Plan,Ink on vellum,Buckling. Discoloration. Edge damage. Stains.
Perkins_2_27,"Somerville, MA",Plan of the Estate of Mrs. Sarah J. Cutler,1905-10-25,,"Cutler, Sarah J., estate","Fitch, Nathan A.; Sweat",Franklin Street; Mrytle Street; Pearl Street,Lot plan showing one lot with dimensions and sf and location of stone boundary markers and footprint of adjacent house. Compares boundary dimensions with plan in deeds.  Notations in black or red ink or in pencil.,,,"Elliot, Charles Darwin",,,,1 in = 20 ft,42.3845497,-71.08374679,1,,1,23 x 18.5,Survey Plan,Ink and pencil on bond,Discoloration.
Perkins_2_28,"Somerville, MA","Plan of Land in Somerville owned by Theophilus King, Trustee",1903-06-27,,"King, Theophius","Boston & Lowell Railroad; Donovan, Michael J.; Leonard, Hiram; Merrill, Gyles",42-44 Joy Street,"Lot plan showing two lots of wooden dwellings with dimensions and sf, divided by Leonard Place. Displays building outline and stoops and location of railroad fence and reference lines relative to stairwell and eaves. Includes notes on sources of plan. Drawn in black or red ink or in pencil.",,,"Elliot, Charles Darwin",,,,1 in = 10 ft,42.37926425,-71.08718116,1,,1,23 x 18,Survey Plan,Ink on manila,Discoloration.
Perkins_2_29,"Somerville, MA",Plan of Land in Somerville owned by Isaac H. Porter,1905-03-04,,"Porter, Isaac H.","Gray, Harvey D.M.; Stockwell, Frederick E., Jr.",College Avenue; Kidder Avenue,"Lot plan showing one lot with sf and dimensions and footprint of house. Drawing done in black and red ink but shows title information drafted in pencil. Contains miscellaneous calculation notes.  Includes notes on sources of plan. Subtitle indicates ""Being Lot 1 on plan recorded of Mdx. So. Dist. Registry of Deeds - Plan Book No. 61 Plan No. 39.",,,"Elliot, Charles Darwin",,,,1 in = 20 ft,42.39979469,-71.11983437,1,,1,23 x 18,Survey Plan,Ink and pencil on bond,Discoloration. Edge damage.
Perkins_2_30,"Somerville, MA",Copy of Plan of the Royal Farm,1796-01-08 (Copied 1896-12-18),,Royal family,,Main Street; Medford Bridge [Cradock Bridge]; Mystic Avenue: Mystic River,"Copy of lot plan showing multiple parcels with measurements, location of roads, ""Mistic River"", and buildings.  Decorative compass rose and scale block. Main Street is listed as ""road from Menotemy to Boston over Winter Hill.""",The lot was owned by colonial Royalist Isaac Royall and the house is now a historic site.,,"Tufts, Peter, Jr. (Copied by Elliot, Charles Darwin)",,,,1 in = 20 rods (330 ft),42.41219729,-71.11125341,1,,1,28 x 20,Survey Plan,Ink on vellum,Buckling. Discoloration. Edge damage.
Perkins_2_31,"Arlington, MA",Palmer Street [Arlington] for Acceptance,1901-02-14,,,"Bachelder, T.C.; Baxter, Langdon; Henderson, Francis R.; Perriger, Lizzie S.; Storer, William N.; Stowe, William E.; Trask, H.D.",Broadway; Palmer Street; Warren Street,"Plan and elevation showing street layout with lots, dimensions, building footprints, and reference lines. Elevation heights reference Arlington base. Drawing in black and red ink.  Includes notes on sources of plan.",,,"Elliot, Charles Darwin",,,,Horiz: 1 in = 40 ft; Vert: 1 in = 4 ft,42.413644,-71.146409,1,,1,23 x 18,Survey Plan,Ink on manila,Discoloration. Edge damage.
Perkins_2_32,"Arlington, MA","Copy of Part of Plan of Lands situated at Arlington Heights, Mass. Formerly owned by the Arlington Land Co.",1891-01-01 (Copied 1896-05-09),,Arlington Land Company,,Acton Street; Appleton Street; Arlington Avenue [Massachusetts Avenue]; Claremont Avenue; Cliff Street; Harvard Street; Hillside Avenue; Oakland Avenue; Park Avenue; Vine Street; Wachusett Avenue,"Subdivision plan showing multiple numbered blocks of numbered lots; blocks are grouped into areas A, B, C, E, K.  Some lots feature red inked cross. Symbols designate locations of selected houses, barns, other buildings, and fire alarm boxes.  Note indicates copied at Elliot's office from a blueprint.",See LMEC version: https://collections.leventhalmap.org/search/commonwealth:1257bb39n,,"Breck, Whitman T. (Copied by Elliot, Charles D.)",,,,1 in = 400,42.41948577,-71.18214927,1,,1,19 x 15,Survey Plan,Ink on vellum,Buckling. Discoloration.
Perkins_2_33,"Somerville, MA",Plan of Lots in Somerville owned by Daniel E. Chase,1876-12-27,,"Chase, Daniel E.","Carter, Franklin H.; Clark, Emily A.; Colby, Luther; Endicott, Bixbee; Estanbrook, Rufus; Fitchberg Railroad; Hamman, George; Harvard  Branch Railroad; Kann, George; Lee, James, Jr.; Lomax, G.H.; Mansfield, J.A.; Merrifield, J.A.; Wilson, G.M.J.; Wilson, Thomas H.; Thompson",Beacon Street; Hanson Street; Ivaloo Street; Mondamin Court; Park Street; Somerville Station [Defunct]; Village Street; Vine Street [Properzi Way],"Subdivision plan showing various lots spread over 4 blocks with dimensions, sf, and other measurements. Includes table of plan references and penciled notes. Street boundaries and some measurements in red ink.",Daniel E. Chase owned a large distillery of English rum at nearby Bleachery court as well as many parcels in this section of Somerville.,,"Elliot, Charles Darwin",,,,1 in = 40 ft,42.381263,-71.107345,1,,1,35 x 26,Survey Plan,Ink on linen or vellum,Discoloration. Edge damage. Stains.
Perkins_2_34,"Winchester, MA","Hillcrest, Winchester, Mass.",Not dated,,"Wyman, Arthur L.",Town of Winchester,Appalachian Road; Euclid Avenue; Highland Avenue; Hillcrest Avenue [Hillcrest Parkway]; Lakeview Road; Lafayette Road [Ainsworth Road]; Lakeview Road [Reservoir Street]; Pinewood Lake; The Fells Road,"Subdivision plan showing 13 blocks comprising over 200 number lots with dimensions and sf. Plan features lakes, tennis courts, a high-service reservoir, an observatory 350 feet above sea level, and new roads and ponds. A grid in red ink with sections numbered or lettered has been overlaid and referenced by a table of areas in acres.","Wyman had an office at 50 State Street, Boston.  The plan was never implemented.",,"Elliot, Charles Darwin","Walker, George D.",,,1 in = 160 ft,42.46037671,-71.12481379,1,,1,42.5 x 34,Survey Plan,Lithograph on linen,Buckling. Discoloration. Edge damage.
Perkins_2_35_A_B,"Charlestown (Boston, MA)","Roland Street. Plan and Profile showing laying out and established grade of Roland St., Charlestown, from Boundary line between Boston and Somerville to Boston and Main Railroad. Part 1 and Part 2.",1899-06-23,,,"Ayers, Harriet M.; Barrett, Caroline S.; Barrett, Harry H.; Boston & Maine Railroad; Bradley, Sarah A.W.; Crosby Steam Guage & Valve Company; Cutter, Frederick R.; Folsom, Alanson; Foote, Edward; Gulliver, Lemuel; Hyde, Alfred F.; Lancy, Benjamin; Murphy, Patrick; Phillips, Sarah A. W.; Puritan Brewing Company; Rodden, Daniel; Stearns, Harriet & Sarah; Stearns, James W., heirs; Stearns, William S.; Superior Fast Black and Chemical Co.; Wing, Simon",Carter Street; Crafts Street [Defunct]; Crescent Street; Roland Street,"Street layout showing plan and profile of Roland Street.  Is contained in two parts; Part 1 is western half, Part 2 is eastern half. Includes dimensions, Boston city base line, building footprints, and occupants names.  Building facades are shown on elevations with hatching.",Jackson had a lengthy tenure as the City of Boston's engineer and worked on the Charlestown Bridge design.,,"Jackson, William, city engineer",City of Boston,,,Not provided,42.38197013,-71.08000473,2,,1,40 x 26.5,Engineering Drawing,Blueprint,Edge damage. Stored in plastic sleeves.
Perkins_2_36,"Charlestown (Boston, MA)","Roland Street. Assessment Plan. Plan showing lots to be assessed under Acts of the Legislature, Chapter 323 of 1891 and amendments thereto.",1901-10-11,,,"Ayers, Harriet M.; Ayers, James F.; Barrett, Harry H.; Boston & Maine Railroad; Crosby Steam Guage & Valve Company; Cutter, Frederick R.; Folsom, Alanson; Foote, Edward, heirs; Gulliver, Lemuel; Hyde, Alfred F.; Lancy, Benjamin; Middleby, Joseph, Jr., heirs; Moldoon, Miles; Murphy, Patrick; Phillips, Sarah A. W.; Pettee, Amanda M. and Dean H.; Powers, Charles F., Florence C., and John H.; Puritan Brewing Company; Robinson, George H.; Stearns, Harriet & Sarah; Stearns, James W., heirs",Cambridge Street; Carter Street; Crafts Street [Defunct]; Crescent Street; Roland Street,Street layout showing lots along Roland Street with dimensions and reference points.  Lots are numbered. Shows boundary line between Boston and Somerville.,,,"Jackson, William, city engineer",City of Boston,,,1 in = 30 ft,42.38197013,-71.08000473,1,,1,40 x 26.5,Engineering Drawing,Blueprint,Edge damage. Stored in plastic sleeve.
Perkins_3_1,"Boston, MA","The Back Bay Lands of the Boston Water Power Co. Trustees, Dec. 10, 1901",1901-10-10,,"Boston Water Power Company, trustees of",,,Appears to be cover sheet for material related to Back Bay Lands.  Text in decorative border with several typefaces.,,,,,,2192,Not applicable,,,1,,1,12.5 x 10.5,Cover Sheet,Ink on coated vellum,
Perkins_3_2,"Watertown, MA",Whitney's Watertown Historical Map,Not dated,,"Whitney, John","Benjamin; Blois, Edmund; Eddy, John; Freeman; Howe, E.; Lewis, Edward; Phillips, Mrs. George; Potter; Windes [sp?]; Woodward, George; Woodward, Richard",,Map of Watertown in its entirety showing property outlines but only 14 lots display owners. Details Charles River. Dashed line shows official border of Watertown but also includes lots that became part of neighboring Waltham.,"Appears to be a selective version of Henry Bond's 1855 ""A map of the original allotments of land and the ancient topography of Watertown proper.""   (https://www.digitalcommonwealth.org/search/commonwealth:5m60r419c). May have been produced in conjunction with William H. Whitney's publication of ""Watertown farm in eight generations. A memorial of the Whitney family.""",,,,,,1 in = 1000 ft,42.370833,-71.183333,1,,1,25 x 16.5,Map,Blueprint,Edge damage. Stored in plastic sleeve.
Perkins_3_3,"Boston, MA",[Untitled - Caledonia Street - Astor Street - Plan No. 1],1891-10-10,,"Moore, Ann, heirs; Healy, Carrie E.",,Astor Street [Burbank Street]; Caledonia Street [Norway Street]; Parker Street [Hemenway Street]; West Chester Park [Massachusetts Avenue]; Westland Entrance to Park [Westland Avenue].,Subdivision plan showing three blocks of lots. One block is labelled Block A and B; lots are numbered 1 thru 33; one labelled sold.  Lots show dimensions and sf.  ,"Another copy is in the Fuller Whitney folder in the Perkins Collection (https://archives.bpl.org/repositories/2/archival_objects/66218), Folder W56, Item 1766-2538.",,"Whitney, William H.",,,,1 in = 60 ft,42.3455375,-71.0891102,1,,1,18 x 16,Survey Plan,Sepia on vellum,Buckling. Discoloration. Edge damage. Dimensions include binding.
Perkins_3_4,"Wakefield, MA",Plan of David Wiley's Farm,1848-10-01,,"Wiley, David",,Water Street; Wiley Street,"Subdivision plan showing 12 numbered lots with acreage and select dimensions. Includes building footprints for house, barn, and shop and hatched location of river.  Contains Fuller & Whitney stamp.",South Reading became Wakefield in 1868.,,"(Copied by Lloyd, W.E.)",,,C-266 / 774 / 19024,1 in = 10 rods (165 ft),42.49933999,-71.04715568,1,,1,21.5 x 17.5,Survey Plan,Ink on vellum,Buckling. Folds.
Perkins_3_5,"Boston, MA",$chedule for Oct. 1880,1880-10-01,,,,,Schedule of land transfers recorded as well as list of filling and improvements in Back Bay Lands. Text is handwritten in mauve ink.,Appears to be a page from the Fuller & Whitney schedule books of land transfer. Entries are coded by lot numbers that reference lots on the Plan of Back Bay (https://collections.leventhalmap.org/search/commonwealth:3f463497p),,Fuller & Whitney,,,,Not applicable,,,1,,1,24 x 12,Schedule,Ink on bond,Edge damage. Left margin contains taped edge with punch holes.
Perkins_3_6,"Boston, MA",[Untitled - Flounder Lane],1817-01-01,,,Robbins; Teleston,Flounder Lane [Defunct],"Lot plan of buildings along wharf and dock, featuring dimensions and outline of mansion house, counting room, and other structures. Docks are outlined in blue and buildings shaded.  Comprised of two panels, one pasted atop the other. Displays Fuller & Whitney stamp.",Flounder's Lane was near what is now Atlantic Avenue.,,"Taylor, William",,,,1 in = 20 ft,42.3533394,-71.05434125,1,2,1,14 x 16.5,Survey Plan,Ink on manila,Edge damage. Stains. Tears. Sheet dimensions given for overall size of two taped pieces.
Perkins_3_7,"Boston, MA",Plan of Lands in Back Bay belonging to the Boston Water Power Co.,1902-07-30,,"Boston Water Power Company, Lyman, Arthur, Moses, Williams, Storer, John H. trustees of",Harvard Medical School; Museum of Fine Arts; New York Central Hudson Railroad,Audubon Circle; Audubon Road [Park Drive]; Back Bay Fens; Baystate Road; Beacon Street; Brookline Avenue; Commonwealth Avenue; Fenway; Francis Street; Granby Street [Defunct]; Hemenway Street; Huntington Avenue; Longwood Avenue; Massachusetts Avenue; Newbury Street; Riverdale Park [Muddy River]; Sherborn Street [Silber Way]; Tremont Avenue; other streets,"Plan showing properties of the Boston Water Power Company.  Extent is between Commonwealth Avenue and Charles River (north), Huntington Avenue (south), Longwood Avenue (west), Massachusetts Avenue (east). Shows streets, water features and parks, railroad and trolley tracks, and building footprints. Per legend, black rectangles reflect Boston Water Power Company's properties; footprints of buildings belonging to others are hatched.  The area which now comprises the Longwood medical area is shown as a grid of blocks with dashed outlines.",Street layout shows an interim phase between the 1902 and 1906 Bromley Atlases,,Fuller & Whitney,Heliotype Printing Company,,,1 in = 300 ft,42.34447588,-71.09783083,1,,1,25.5 x 22.5,Survey Plan,Lithograph,Creases. Edge damage. Tears.
Perkins_3_8,"Boston, MA","Plan of City Lands to be sold Oct. 30th, 1850",1850-01-01,1850-10-30,"Boston, City of","Allen, A.J.; Bowers, C.E.; Chandler, P.W.; Parmelee, A.",Chester Square; Chester Street [Massachusetts Avenue]; Northampton Street; Springfield Street [West Springfield Street]; Suffolk Street [Shawmut Avenue]; Tremont Street; Washington Street,"Subdivision plan showing 4 blocks comprising lots numbered 1 thru 123 plus 3 lots labelled as ""sold."" Lots feature dimensions. Contains decorative title and borders and tree symbols along streets. Chester Square features a central fountain element and is abutted by blocks labelled as ""malls."" Contains announcement: Chester Square and street to be improved by the City with trees, fences and walks agreeably to the above plan, previous to January 1852. Bears William H. Whitney stamp, drawing number C-5126.  Handwritten note states ""Fiske donation.""",Date is inferred. See LMEC version: https://collections.leventhalmap.org/search/commonwealth:9s161g95f,,Not provided,"Bufford, J. B. & Co., lithographer",,D-512C,1 in = 50 ft,42.33839244,-71.07925036,1,,1,30 x 22,Auctioneer Plan,Lithograph,Creases. Edge damage.
Perkins_3_9,"Boston, MA","Plan of City Wharf in Boston, Mass. Showing eight lots of land therein to be sold at Public Auction on the Premises on Wednesday April 20th 1853, at 12 Noon.",1853-04-09,1853-04-20,"Quincy, Josiah","Appleton, William; Boston, City of; Libbey, W. & J.B.; Rich, Isaac",Chatham Street; City Wharf; Clinton Street; Commercial Street; Cross Street; Long Wharf; Mercantile Wharf; North Market Street; South Market Street,"Subdivision plan showing 8 numbered lots overlapping with lots labelled A thru M; some lots were already sold, the rest available for sale. Lots show dimensions and sf as well as other property lines, 20-foot-passageway ""guaranteed to the purchasers"" of alphabetical lots. Contains decorative title block and border.   Title indicates that original survey was done by Chesborough, City Engineer, and lots were arranged for the owner by Gridley Bryant, architect. Penciled sf calculations along borders. Bears William H. Whitney stamp, drawing number C-512A.  Handwritten note states ""Fiske donation.""  ","Appears to be supplement to earlier plan in the LMEC collection which shows additional lots for sale: https://collections.leventhalmap.org/search/commonwealth:9s161h27h  Chesbrough was the first appointed city engineer of Boston, 1851-1855.",,"Bryant, Gridley James Fox; Chesborough, E.S.","Thayer, B.W. & Co., lithographers",,D-512A,1 in = 20 ft,42.36095722,-71.05109476,1,,1,33.5 x 31,Auctioneer Plan,Lithograph,Creases. Edge damage. Hole.
Perkins_3_10,"Boston, MA",Plan showing Lands of the Boston Water Power Co.,1893-05-01,,Boston Water Power Company,"Ames, Oliver; Bassett, Adisha; Binney, W.G.; Boston & Albany Railroad; Browne, Rufus H.; Burrage, W.W.; Corey, Mary G.; Dana, Woodbury; Estabrook, R.; Finney, William H.; Folsom, Abraham; Francis, Ebenezer, estate of; Harvard College; Haven, Franklin; Hobart, Francis; Lincoln, W.H.; Minot, William, Jr.; Moore, J.B.; Pomeroy, Ralph M.; Sears, David; Sears, Emily E., Frederick N., and Knyvet W.; Smith, Phineas B.; Thayer, Frank N.; Thomas, Washington B.; Warren, Winslow; Whitney, Charles; Whitney, Susannah, heirs of;",Agassiz Road; Astor Street [Burbank Street]; Audubon Circle; Audubon Road [Park Drive]; Back Bay Fens; Batavia Street [Symphony Road]; Boylston Road; Boylston Street; Brookline Avenue; Bryant Street [Forsyth Street]; Burlington Avenue; Butler Street [Overland]; Fenway; Huntington Avenue; Huntington Entrance [Forsyth Way]; Ipswich Street [Charlesgate East]; Longwood Avenue; Miner Street; Parker Street [Hemenway]; Tremont Entrance [defunct]; West Chester Park [Massachusetts Avenue]; Westland Entrance; Westland Avenue; other streets,"Plan showing properties of the Boston Water Power Company in the context of filled-in land and abutting properties.  Shows streets, water features and parks, railroad, and hatched building footprints for selected blocks.  Buildable lots are shaded red with dimensions and sf; other lots are shaded green with trees and water elements shown. Bears William H. Whitney stamp, drawing number C-456. ",,,Morton & Quimby,Forbes Co.,,C-456,1 in = 166.66 [1:12000],42.34447588,-71.09783083,1,,1,41 x 27,Survey Plan,Lithograph,Creases. Edge damage. Missing piece. Taped sections. Tears.
Perkins_3_11,"Boston, MA",[Untitled - Copy of Plans related to Boston Power Company lands],1888-11-28 (Copied 1889-10-25),,Boston Water Power Company,"Aspinwall Land Company; Binney & Brinton, E.I. Browne, trustee; Boylston Street Land Company; Carey, Mary C.; Chandler, J.W.; Harvard College; Lincoln, W.H.; Robinson, T. et al; Tappan, William A.","Back Bay Fens; Brookline Avenue; ""Charles River Bay""; Longwood Entrance [defunct]; Muddy River","Schematic plan that appears to be amalgamation of ""plan numbered 1176 made for H.D. Hyde, eng."" in 1888 and other sources.  Shows bodies of water in shaded outlines with red dashed lines indicating water levels in the Muddy River; lot owners; overlayment grid in red ink; repeated labelling of plan #1541. Multicolored ink used.",,,(Copied),,,1541,Not provided,42.34447588,-71.09783083,1,,1,43 x 28.5,Survey Plan,Ink on coated vellum,Buckling. Creases. Edge damage.
Perkins_3_12,"Boston, MA",Plan of Huntington Ave. Lands belonging to the Boston Water Power Co.,1872-11-01,,Boston Water Power Company,"Boston & Albany Railroad; Boston & Providence Railroad; Chickering Piano Forte Manufactory; Gray, William; Institute of Fine Arts; Institute of Technology; Natural History Rooms; Snelling",Arlington Street; Beacon Street; Berkeley Street; Berwick Park [Braddock Park]; Boylston Street; Buckingham Street [Defunct]; Carleton Street [Defunct]; Charles River; Claremont Park [Worcester Street]; Clarendon Street; Commonwealth Avenue; Dartmouth Street; Exeter Street; Fairfield Street; Gloucester Street; Greenwich Park; Hereford Street; Holyoke Street; Huntington Avenue; Marlborough Street; Morgan Street [Cahners Place]; Newbury Street; Northampton Street; Parker Street [Hemenway Street]; Providence Street; St. James Avenue; Stanhope Street; Wellington Street; West Canton Street; West Chester Park [Massachusetts Avenue]; West Newton Street; West Rutland Park [West Rutland Square]; Yarmouth Street ,"Street layout showing streets between the Boston Public Gardens and Fens. 11 blocks show numbered lots with dimensions, sf, and abutting passageways. Railroad depots and named institutional buildings are hatched. Contains decorative title block and border. ",,,Fuller & Whitney,,,,1 in = 150 ft,42.34840915,-71.08373361,1,,1,43 x 35.5,Survey Plan,Lithograph,Buckling. Creases. Discoloration. Edge damage. Tears. Left edge has been cut or torn off.
Perkins_4_1,"Somerville, MA",Plan of Lots in Somerville owned by Joseph Clark,1873-01-01,,"Clark, Joseph","Sanborn, D.A.; Vinal, A.E.",Adrian Street; Clark Street; Concord Avenue; [Joseph Street]; Newton Street,"Subdivision plan showing 32 numbered lots spread over 3 blocks. Displays dimensions, sf, stake markers, boundary directions, and unnamed 40-foot-wide street [Joseph Street]. Includes list of references to other surveys.  Notes indicate copied or annotated c. 1897.",,,"Kimball, George A.",,,,1 in = 40 ft,42.377126,-71.098435,1,,1,19 x 13.5,Survey Plan,Ink and pencil on bond,Discoloration.
Perkins_4_2,"Somerville, MA",Plan of Powder House Farm in Somerville owned by heirs of Nathan Tufts,1891-07-11,,"Tufts, Nathan, heirs",,Appleton Street; Bay State Avenue; Broadway; College Avenue; Fosket Street; Francesca Avenue; Hall Avenue; Kidder Avenue; Liberty Avenue; Lowden Avenue; Mallet Street; Nathan Tufts Park; Powder House Terrance; Willow Avenue,Subdivision plan showing 200 numbered lots with dimensions and sf spread over 12 blocks and divided by 40-foot-wide streets shaded in pink. Streets and paths of Nathan Tufts Park detailed. Decorative title lettering and directional arrow.,Somerville created the Nathan Tufts Park in 1890 after Nathan Tufts offered the land to the city.,,"Kimball, George A.",,,,1 in = 100 ft,42.39857747,-71.11667531,1,,1,19 x 15,Survey Plan,Ink on vellum,Edge damage. Tears.
Perkins_4_3,"Lexington, MA",Plan of Building Lots in East Lexington owned by John H. Blodgett,1875-01-01,,"Blodgett, John H.","Butterfield, S.; Childs, Augustus; Flint, estate of; Jenny, N.; Pierce, Nathaniel; Pierce, P.P.; Smith, L.; Stearns, George; Stone",Farnum Street [Defunct]; Lexington Avenue; Locust Avenue; Madison Avenue [Defunct]; Main Street [Massachusetts Avenue]; Maple Street; Tower Street [Tower Road]; Watson Avenue [Defunct],"Subdivision plan showing 94 numbered lots with dimensions and sf as well as park. Abutters' lots show hatched building footprints. Note indicates that location of buildings taken from 1875 Beers' Middlesex Atlas. Decorative title lettering, directional arrow, and border.","Late 19th-century urban atlases indicate that this area was the focus of various planned developments, with different street names.",,"Kimball, George A.",American Photo-Lithographic Co.,,,Not provided,42.43396182,-71.20970794,1,,1,16 x 17,Survey Plan,Lithograph,Edge damage. Missing pieces.
Perkins_4_4,"Somerville, MA","Plan of the ""Powder House Farm"" owned by Nathan Tufts Heirs",1873-06-01,,"Tufts, Nathan, heirs","Andrews, M.S.; Blanchard, J.; Chase, D.; Earle, J.; Hall, heirs; Kempton, C.; Parkhurst, C.W.; Thomas, J.; Thrasher, J.M.; Vinal & Henderson",Broadway; Elm Street; Willow Street,"Lot plan showing 31.2 acre lot with boundary locations and footprint of dwellings, chapel, powder house, and walls. Decorative title lettering, directional arrow, and border.",,,"Kimball, George A.",,,,1 in = 80 ft,42.39685789,-71.11861352,1,,1,26 x 24.5,Survey Plan,Kraft on linen backing,Discoloration. Edge damage. Stains and spotting on verso.
Perkins_5_1,"Hudson, NH","Plan of Ottemick Pond in Hudson, N.H. showing a part of ____ North Line. The Area of the Pond is about 38 acres.",1882-12-01 (Copied),,,"Brown, Mary C.; Chase, Enich P.; Cutter; Fuller, Joseph; Haseltine, George W.",Ottarnic Pond; Hale's Brook,"Plan showing Ottemick Pond in the context of abutting properties. Shows reference lines, bathymetric contour lines, and magnetic east and south lines (portrayed by red dashed lines).",Variant of plan Perkins 5_2,,"Webster, Kimball",,,,5/8 in = 1 chain (66 ft),42.77143709,-71.42347495,1,,1,22 x 17.5,Survey Plan,Pencil on trace,
Perkins_5_2,"Hudson, NH","Plan of Ottemick Pond in Hudson, N.H. showing a part of ____ North Line. The Area of the Pond is about 38 acres.",1882-12-01,,,"Brown, Mary C.; Chase, Enich P.; Cutter; Fuller, Joseph; Haseltine, George W.",Ottarnic Pond; Hale's Brook,"Plan showing Ottemick Pond in the context of abutting properties. Shows reference lines, bathymetric contour lines, and magnetic east and south lines (portrayed by red dashed lines).",Variant of plan Perkins 5_1,,"Webster, Kimball",,,,5/8 in = 1 chain (66 ft),42.77143709,-71.42347495,1,,1,24 x 19,Survey Plan,Pencil on bond,Discoloration. Edge damage. Stains and spotting on verso.
Perkins_5_3,"Nashua, NH","Plan of Land of C.C. Russell situated on Main Street in Nashua, N.H.",1873-06-01,,"Russell, C.C.",,Atlas Street [Defunct]; Main Street,Subdivision plan showing 37 numbered lots spread over 2 blocks (one lot in separate area) with dimensions and unnamed 50-foot-wide streets.  Displays footprint of house and barn and steets are shaded.  Decorate border and reference points.,,,"Webster, Kimball",,,,1 in = 50 ft,42.74633113,-71.45918287,1,,1,30.5 x 22,Survey Plan,Ink on bond,Discoloration. Edge damage. Folds.
Perkins_5_4,"Hudson, NH",Length of Proposed Road No. 1 from intersection No. 2 to intersection No. 3….,Not dated,,,"Burns; Frost, Aaron; Robinson, Simeon  burnsF.",,"Schematic road layout showing existing roads (dark brown ink) and proposed new roads (dashed brown or lighter brown). Proposed roads and intersections are labelled and elevation rises noted. Location of abutters' houses shown as squares. Full description reads: Length of proposed road No. 1 from intersection No. 2 to intersection No. 3 144 rods 13 links. Length of old road from intersection No. 2 to intersection No. 3 224 rods 15 links. Distance in favor of proposed road 80 rods 2 links. Length of proposed road No. 3 from intersection No. 1 to intersection No. 5 186 rods 22 links. Length of old road 180 "" 17"". Distance in favor of proposed road 6 rods 5 links.   Length of proposed road No. 1 from intersection No. 2 to intersection No. 4 278 rods 13 links. Length of old road from intersection No. 2 to intersection No. 4 363 rods.  Distance in favor of proposed road 84 rods 12 links.    Length of proposed road No. 2 from intersection No. 4 to intersection No. 4 263 rods 23 links. Length of old road 363 rods.  Distance in favor of proposed road 99 rods 2 links. Distance in favor of proposed road No. 2 over No. 1 14 rods 15 links.","Location is approximate, based on historic maps of Hudson that display owners' names.",,"Webster, Kimball",,,,1 in = 8 rods (132 ft),42.789733,-71.378671,1,,1,30 x 35.5,Engineering Drawing,Ink on kraft paper,Discoloration. Edge damage. Folds. Tears. Stains and spotting. Separation at folds. Stored in plastic sleeve.
Perkins_6_1,"Somerville, MA",[Untitled - Draft of notes or calculations],Not dated,,,,Ayers Avenue [Highland Road]; Josephine Avenue; Rogers Avenue,"Sheet of handwritten text.  Appears to be entries regarding road and sidewalk work at Ayer, Jefferson, and Rogers Avenues. Includes costs of line items. Various items crossed out. Verso is a printed advertisement for James Bartley, vendor of food items in Somerville's Union Square.",,,Not provided,,,,,,,1,,1,8 x 15.5,Misc,Pencil on manila,Discoloration. Edge damage. Tears.
Perkins_6_2,Not provided,[Untitled - Sketch with calculations,Not dated,,,,,"Sketch of a line with two points and multiple numbers, outline of a lot with calculations on verso.",,,Not provided,,,,,,,1,,1,5 x 8,Misc,Pencil on blue bond,Crimped edge. Discoloration. 
Perkins_6_3,"Quincy, MA","Plan of Lands situated at Wollaston Heights, Quincy, Mass. Belonging to Wollaston Land Associates.",1875-01-01,,Wollaston Land Associates,Old Colony Railroad,Beale Street; Newport Avenue; Wollaston Depot,"Subdivision plan showing multiple blocks of lots grouped into sections numbered 1 through 7.  Lots are numbered and display dimensions and sf. Section 7 is outlined in red pen with selected lots shaded in red. Plan includes outline of foundry, several park-like spaces, and proposed depot. Decorative title, border, arrow, and map scale.",Plan displays numerous streets that were never built.  May have been a revision of a plan drawn by David Granger & Sons: https://collections.leventhalmap.org/search/commonwealth:x059cb74f,,"Breck, Whitman (Revised)",Heliotype Printing Company,,,1 in = 223 ft,42.26546522,-71.01963212,1,,1,31 x 21.5,Survey Plan,Lithograph on linen backing,Discoloration. Edge damage. Tears.
Perkins_6_4,"Cambridge, MA",[Untitled - Plan of Land in Cambridge],1811-05-20,,"Everett, Otis; French, John; Murdoch, Nathaniel","Dana, Frances; Maning, Samuel; Soten, Samuel; Sparhawk, Edward & Samuel; Wythe, Jacob",,"Plan showing 3 lots bordering a creek, with dimensions and sf and names of abutters. Notation indicates filed in the Registry of Deeds, Cambridge, as attested by Sam Bartlett, registrar.",Location shown is approximate.  Dana had substantial land in East Cambridge. Plan appears to be a modern reproduction; dimensions include a uniform white border.,Middlesex South Unindexed Deed Bk/Pg 196/40,"Tufts, Peter, Jr.",,,,1 in = 10 rods (165 ft),42.36356153,-71.10831828,1,,1,19.5 x 12,Survey Plan,Ink on trace on linen backing,
Perkins_6_5,"Reading, MA","Timothy Wakefield's Land, Reading, Mass.",1861-02-01,,"Wakefield, MA",,Charles Street; Wakefield Street,"Lot plan showing lot divided by Charles Street with dimensions and acreage and orientation references. Decorative north arrow.  Note says ""See Plan - 6550""",Appears to be a copy.,,,,,,1 in = 10 rods (165 ft),42.53899256,-71.09276288,1,,1,19 x 14,Survey Plan,Pencil on manila,Buckling. Discoloration. Border edged with white tape.
Perkins_6_6,"Somerville, MA",[Untitled - Albion and Central Streets],Not dated,,,,Albion Street; Central Street,Plan showing layout of walls with dimensions.  Some walls are hatched and an outline of a chimney and some calculations are penciled in. ,"A similar footprint appears in the 1874 Hopkins, which lists Austin Belknap as occupant; Belknap later served as mayor of Somerville.",,Not provided,,,,1 in = 5 ft,42.38984248,-71.10256878,1,,1,21 x 16,Engineering Drawing,Ink and pencil on manila,Discoloration.
Perkins_6_7,"Hudson, NH","Map of Hudson, NH",1806-04-10,,,,Merrimac River; Ottarnic Pond,"Map showing boundaries of Hudson with adjacent towns, rivers, and meeting house locations. Includes multiple descriptive paragraphs. Includes statement of 17379 acres in Nottingham (precursor to Hudson). Decorative north arrow.",Appears to be a photo- or similar reproduction.,,"Osgood, Solomon",,,,1 in = 200 rods (3300 ft),42.76601084,-71.43895523,1,,1,13.5 x 16.5,Map,Photo-image of blueprint,Discoloration. Edge damage.
Perkins_6_8,"Stoneham, MA",Plan of a section of Elm and William Streets with alterations made by the county commissioners on petition of the Town of Stoneham,1886-07-30,,"Burnham, David H.","Stevens, William F.",Elm Street; Main Street; William Street,"Plan showing intersection of three streets surrounding triangular lot oriented to magnetic meridian. Includes penciled edits for street lines and coordinates. Decorative titling, border, and text and colored lettering.",Farrier was the town surveyor for Stoneham and a landscape designer; several sites that he owned or designed are listed in the National Historic Register.,,"Farrier, Amasa, engineer",,,,1 in = 50 ft,42.48637467,-71.1012024,1,,1,29.5 x 14,Street Plan,Ink and pencil on manila,Discoloration. Edge damage. Tears. Sections have been taped.
Perkins_6_9,"Somerville, MA",[Untitled - Elm Street and Holyoke Road],1906-06-01,,,,Elm Street; Holyoke Road,Barely legible lot plan showing outlines with rod locations and dimensions.,Middlesex Registry contains deeds referencing a June 1900 subdivision plan drawn by Dana Perkins for A.P. and S.H. Lewis for Holyoke Road.,,,,,,Not provided,42.38898991,-71.11641922,1,,1,23 x 18.5,Survey Plan,Pencil on manila,
Perkins_6_10,"Somerville, MA",[Untitled - Central Street and Medford Street],1880-06-09,,,Barnes; Keeler,Central Street; Medford Street,"Barely legible lot plan showing outlines with property outline and dimensions. Verso is a printed poster of a list of qualified votes in Somerville's Ward 1, dated October, 1878.",,,,,,,1 in = 40 ft,42.39293795,-71.10060122,1,,1,31.5 x 22,Survey Plan,Pencil on manila,Discoloration.
Perkins_6_11,"Somerville, MA",Plan of Mr. Peel's land in Somerville,1850-04-01,,Peel,,Winter Hill Road,Plan of lot alongside unnamed river showing dimensions and acreage.,Location unclear.,,"Sparrell, John",,,,1 in = 4 rods (66 ft),,,1,,1,14 x 19,Survey Plan,Pen on manila,Discoloration. Edge damage. Tears. One edge has been taped.
Perkins_6_12,"Woburn, MA","Plan of Land in Woburn, Mass. Surveyed for Ena L. Metcalf and Florence M. Grozier",1932-12-19,,"Grozier, Florence M.; Metcalf, Ena L.","Eastern Massachusetts Railway Co.; Henchy, Julia; Nicholson, E.W.; Ryan",Winn Street,"Plan of three lots within a larger lot which contains lines designating cart road and bottom of slope. Smaller lots display dimensions, sf, building footprints, and pipe locations. Paul H. Metcalf is designated as a surveyor in Malden, Mass. See Plan #Perkins_6_20 for blueprint version.","Ena Metcalf and Florence M. Grozier were children of George A. Metcalf who, per urban atlases, owned substantial land in this part of Woburn in the 19th century.",,"Metcalf, Paul H.",,,,1 in = 40 ft,42.48415317,-71.15803142,1,,1,16 x 19,Survey Plan,Ink on vellum,Discoloration.
Perkins_6_13,"Woburn, MA",Plan of Land belonging to the Estate of Jacob Pierce situated in Woburn,1874-04-01,,"Pierce, Jacob, est.",,Canal Street [Arlington Road],"Plan showing two lots separated by ""Extension of Lawrence Street."" Lots display dimensions, sf, and building footprint.  Overall area outlined in red ink. Decorative title block.",,,"Carter, J.R., C.E.",,,,1 in = 40 ft,42.47282591,-71.15535188,1,,1,23.5 x 11,Survey Plan,Ink on vellum,Edge damage. Tears.
Perkins_6_14,"Billerica, MA",Plan of Land at Billerica-Mass belonging to William A. Merriam.,1907-11-05 (Copied 1928-03-10),,"Merriam, William A.","Bemis; Blanchard; Foster; McDermott, Jack",Charnstaffe Lane; Concord Road,Subdivision plan showing 16 numbered lots with dimensions and sf and reference points. Lots are separated by 32-foot wide street titled Lincoln Avenue. Decorative arrow. Subtitle indicates that R. Alden Elliot traced the drawing from a blueprint.,Sellew (active 1900-1937) was a Billerica-based engineer and surveyor who worked for the Billerica Land Company. ,,"Sellew, Edgar P. (Copied by Elliott, R. Alden)",,,,1 in = 40 ft,42.55408112,-71.26964674,1,,1,17 x 26,Survey Plan,Ink on vellum,Discoloration.
Perkins_6_15,"Reading, MA",Plan of several lots of land in South Reading belonging to Charles H. Stearns,1848-04-25,,"Stearns, Charles H.",,Main Street,"Subdivision plan showing numbered 8 lots, with dimensions, divided into two blocks bisected by ""New Street"". One lot displays building footprint. Decorative arrow and lettering. Contains penciled annotation of what appear to be lot sales amounts.",,,"Eaton, J.P.",,,,1 in = 2 rods (33 ft),,,1,,1,17 x 13.5,Survey Plan,Ink on manila,Discoloration. Tears. Two edges are taped.
Perkins_6_16,"Stoneham, MA","Subdivision of Land in Stoneham, MA",1953-06-29,,,"Conney; Knutson, Ernest A.",Bow Street; Bow Street Court,Subdivision plan showing lots #1 and 2 with sf and dimensions and orientation references. Also building footprint. Contains land court stamp and certification note that plan compiled with 1950 Land Court instructions.,,Middlesex South Land Court Plan 18593A,"Mirick, Warren M.",,,,1 in = 40 ft,42.48431434,-71.08813403,1,,1,8.5 x 11,Survey Plan,Ink on vellum,
Perkins_6_17,"Somerville, MA","Plan of John O'Brien's Land, Somerville",Not dated,,"O'Brien, John",Fitchburg Railroad,Bolton Street; Cambridge Street; Concord Avenue; Houghton Street; Newton Street; Oak Street; Prospect Street; Springfield Street,Subdivision plan showing 79 numbered lots spread over three blocks with dimensions and sf.  Contains penciled calculations.,Somerville urban atlases suggest the map was created prior to 1880; O'Brien owned many lots on these blocks per 1874 Hopkins Atlas. The Middlesex Registry of Deeds refers to plans drawn by Edward Foote and by Mason & Elliot for some of these lots.,,Not provided,,,,1 in = 80 ft,42.37594226,-71.09879845,1,,1,26.5 x 17.5,Survey Plan,Ink on bond,Discoloration. Edge damage. Tears. 
Perkins_6_18,"Medford, MA",4406 Rods of Town Roads outside of Canal Bridge. 13 Miles … of Town Road outside of the Canal Bridge at Charlestown Neck.,Not dated,,,,Charlestown Bridge; Charlestown Neck; Charlestown Peninsula; Lechmere Point; Malden Bridge; Medford Pond; Medford River; Medford Turnpike [Mystic Avenue]; Middlesex Turnpike; Milk Row Road; West Boston Bridge; Winter Hill,Manuscript map showing roads through Medford from the Canal Bridge at Lechmere Point and the Charlestown Peninsula to the borders of Cambridge and Woburn.  Water features shaded in blue. Roads display distance markers. Displays statistics for miles of roads.,"Based on map locations such as the Medford Turnpike and the West Boston Bridge, the plan probably was created after the 1790s. In terms of contents and style, the map resembles maps by Peter Tufts, Jr.",,Not provided,,,,1 in = 80 rods (1320 ft),42.41737944,-71.10997306,1,,1,29.5 x 11.5,Map,Ink and wash on paper,Discoloration. Edge damage. Tears. Sections have been taped. Stored in plastic sleeve.
Perkins_6_19,"Cambridge, MA",[Untitled - Sketches of 4 lots],1821-09-19,,"Davenport; Hawkins, C.; Hawkins, George; Lechmere Point Proprietors; Sanburn, Daniel A.; Stone, Neil; Tufts, John",,"Medford Street; Middlesex Turnpike; Miller's River; ""Road from Cambridge to Charlestown""",Four separate sketches of lots with names of abutting owners and roads.  Millers River is shaded in blue. Pencil annotation indicates one lot possibly belonged to Joseph Black on Brick Yard Lane.,Tufts did a plan of the Lechmere area of Cambridge for the Lechmere Point Proprietors.,,"Tufts, Peter, Jr.",,,,1 in = 10 rods (165 ft),42.3680647,-71.07346653,1,,1,30 x 21,Survey Plan,Ink and wash on paper,Discoloration. Edge damage. Tears. Sections have been taped. Stored in plastic sleeve.
Perkins_6_20,"Woburn, MA","Plan of Land in Woburn, Mass. Surveyed for Ena L. Metcalf and Florence M. Grozier",1932-12-19,,"Grozier, Florence M.; Metcalf, Ena L.","Eastern Massachusetts Railway Co.; Henchy, Julia; Nicholson, E.W.; Ryan",Winn Street,"Plan of three lots within a larger lot which contains lines designating cart road and bottom of slope. Smaller lots display dimensions, sf, building footprints, and pipe locations. Paul H. Metcalf is designated as a surveyor in Malden, Mass.","Ena Metcalf and Florence M. Grozier were children of George A. Metcalf who, per urban atlases, owned substantial land in this part of Woburn in the 19th century. Is blueprint version of Plan #Perkins_6_12.",,"Metcalf, Paul H.",,,,1 in = 40 ft,42.48415317,-71.15803142,1,,1,16 x 18.5,Survey Plan,Blueprint,Stored in plastic sleeve.
Perkins_6_21,"Woburn, MA","Plan of Land in Woburn, Mass. belonging to George A. Metcalf compiled from plans by Cyrus Thompson, G.F. Hartshorne, and William Butler Jones.",1913-04-01,,"Metcalf, George","Boston & Maine Railroad; Cummings, John; Granfield, Andrew; Henehy, John; Little, James; Randall, J.M.; Wyman, Elizabeth",Cummings Street [Cummings Avenue]; Dwight Street [Defunct]; Harrison Avenue [Defunct]; Kilby Street; Maple Court [Defunct]; Middlesex Street; Village Street; Winn Street,"Subdivision plan showing 4 blocks of numbered lots with dimensions and sf as well as dimensions of multiple larger lots on other side of Winn Street. Verso contains text from an 1889 deed regarding boundaries of land of abutters Kenney, French, and Cummings.",,Middlesex South Deed Bk/Pg 3548/44; unindexed deed Bk/Pg 698/299,Not provided,,,,1 in = 100 ft,42.48415317,-71.15803142,1,,1,17 x 19.5,Survey Plan,Blueprint,Creases. Discoloration. Edge damage. Stored in plastic sleeve.
Perkins_6_22,"Provincetown, MA",Provincetown - Bradford Street Extension - 1980 Town Layout - Sheet 3 of 3 Sheets,1930-06-01,,"Paine, Harriet R.","Grozier, A.",Bradford Street; State Highway [Massachusetts Route 6A],"Street layout and section elevation of Bradford Street extension at intersection with ""state highway."" Shows dimensions, train station to station locations, and line of taking from Grozier estate. Title says Sheet #3 of 3, File No. 1184. Note on verso says ""Surveyed for Harriet Paine.""",Pertains to the 1929 extension of Bradford Street through to the state highway.,Barnstable Registry Bk/Pg  465/116,"Whitcomb, C.E.",,,,Horiz: 1 in = 40 ft; Vert: 1 in = 8 ft,42.03918173,-70.20001119,1,,1,36 x 22,Engineering Drawing,Blueprint,Stored in plastic sleeve.
Perkins_6_23,"Provincetown, MA","Plan of Road in the town of Provincetown, Barnstable County as laid out as a state highway by the Department of Public Works.",1929-04-30,,,"Paine, Harriet R.; Provincetown Inn; Provincetown, Town of;",Bradford Street; State Highway [Massachusetts Route 6A],"Engineering drawing showing street layout for proposed taking from three owners. Displays reference dimensions; sf of proposed takings; features such as ditches, dunes, marshes, and breakwaters; footprints of buildings and other structures; and highway reference stations. Displays certification of compliance with State Highway Laws and indicates is one of 8 sheets.",Pertains to the 1929 extension of Bradford Street through to the state highway.,,,Commonwealth of Massachusetts Department of Public Works,,,1 in = 40 ft,42.03918173,-70.20001119,1,,1,36 x 16,Engineering Drawing,Blueprint,Stored in plastic sleeve.
Perkins_6_24_A,"Manchester, NH",Approach Plan.  Drawing No. T-G 1B,1932-12-20,,U.S. Post Office,Manchester Historic Association Building,Amherst Street; Chestnut Street; Hanover Street,"Architectural construction drawing showing plan view of addition to original building.  Displays building floorplate of existing building with new extension; outline of key features; and dimensions. Includes details of curb and coping and construction notes and directive to ""See contract drawings."" Title block indicates Drawn by M.L.; Checked by F.L.N. Faded stamp.  Verso contains drawing of outline of unnamed pond placed on a ","Tilton and Githens, led by Edward Lippincott Tilton, were New York City-based architects known for their work for libraries and other institutions.  The building has been listed on the National Historic Register as part of the Victory Park Historic District but no longer served as a post office after 1978.",,Titleon & Githens,,,,Plan: 1 in = 16 ft; Detail: 1 in = 1 1/3 ft,42.99129876,-71.4606443,1,,1,26 x 14.5,Architectural Drawing,Blueprint,Stored in plastic sleeve.
Perkins_6_24_B,"Medford, MA",Friend Lumber Co.,Not dated,,Friend Lumber Company,,,"Sketch showing outline of a pond overlaid on a red grid. Penciled notes indicate pond area is ""12.66"" and Notebook 123. Stamp indicates ""Received Feb 2, 1933, Edmund J. Rappoli,"" who was a Medford contractor.",,,Not provided,,,,1 in = 40 ft,,,,,,26 x 14.5,Survey Plan,Blueprint,Stored in plastic sleeve.
Perkins_6_25,"Provincetown, MA",Plan of Land in Provincetown Mass. Belonging to Joshua Paine.,1926-05-17,,"Paine, Joshua",,Race Road,"Plan showing Lots A and B with dimensions, sf, and stone boundary locations.  One lot shows footprints of five structures as well as location of breakwater lines and Massachusetts State Province Lands boundary line.",,,"Murphy, Daniel A., C.E.",,,,1 in = 100 ft,42.03918173,-70.20001119,1,,1,50 x 26,Survey Plan,Blueprint,Edge damage. Folds. Discoloration and spots. Stored in plastic sleeve.
Perkins_7_1,"Reading, MA","25 Acres of Standing Wood and Timber at Public Auction in Reading on Friday, Nov. 25, 1887 at 12 O'clock noon. By order of the Batchelder Heirs.",1887-11-25,1887-11-25,"Batchelder, Herrick",,"Haverford Street, Pearl Street",Auction announcement regarding sale of 25 acres of wood and timber on the Reading estate of the late Herrick Batchelder.  Includes description of wood and timber and auction terms.,"R. Dexter Temple was a Reading-based auctioneer, real estate agent, undertaker, and town officer. Herrick Batchelder came from a prominent Reading family.",,,,"Temple, R. Dexter",,Not applicable,,,1,,1,12 x 20,Auctioneer Poster,Lithograph on bond,Edge damage. Holes. Tears. Sections are taped.
Perkins_7_2,"North Reading, MA","Mortgagee's Sale - North Reading - Public Auction Upon the Premises on Monday, the 29th Day of June, 1891.",1891-06-29,1891-06-29,"Mosman, F. Howard; Upton, Alanson A.",,Ipswich River; Martin's Brook; Park Street,"Mortgagee sale announcement for sale of parcel of land.  Includes description of property, deed references in Middlesex South Registry.  Indicates Mosman received the land from Harriet A. Flint, estate of Daniel Flint, in 1871.","Announcement is taped to the inside of red leather front cover of ""Plates to accompany Drill Regulations for Coast Artillery, United States Army.""",Middlesex South Deed Bk/Pg 1508/381,,,"Upton, Alanson A., mortgagee",,Not applicable,,,1,,1,13 x 20.5,Auctioneer Poster,Lithograph on bond,Edge damage. Holes. Tears. Is taped to the inside of a book cover.
Perkins_7_3,"Melrose, MA; Stoneham, MA","Fordell Park, Building Lots, Melrose Highlands.",1894-05-01,,Nowell & Batchelder,Chase; Hammond; Harrison,"""Country Road"" [Perkins Street]; Fordell Park [Defunct]; Columbia Park [Defunct]; Franklin Street; Harrison Street; Isabella Street; Mrytle Street [Defunct]; North Avenue [Defunct]; Pearl Street","Auction announcement regarding sale of 7 blocks comprising 69 numbered lots with dimensions and sf.  Footprints of abutters' structures shown.  Contains description of amenities (including ""good streets"" and lights), directions to site via public transit, and sales incentives. ","Site is at the Melrose/Stoneham town line; Nowell & Batchelor had offices at 411 Exchange Building, Boston, MA.  Plan displays several streets that do not exist.",,"Bancroft, Arthur G.",Nowell & Batchelder,,,Not applicable,42.46963032,-71.07898325,1,,1,13.5 x 11.5,Auctioneer Plan,Blueprint,Faded. Stored in plastic sleeve.
Perkins_7_4,"Cambridge, MA",Plan of Lands in Cambridge belonging to the East Cambridge Land Co.,1869-12-01,,East Cambridge Land Co.,"Boston & Albany Railroad; Seavey & Co.; Young, Haines & Dyer",Bent Street; Binney Street; Broad Canal [Broad Canal Way]; Charles Street; Court Street; Fifth Street; Monroe Street; Ninth Street [Fulkerson Street]; Potter Street; Fifth Street; Rogers Street; Sixth Street; Vine Street,"Subdivision plan showing 19 numbered blocks with dimensions and sf of area bounded by Boston & Albany Railroad, Broad Canal, and Court Street. Street widths are explicitly labelled. Print contains additional markings in pencil and red ink as well as references to other plans on both front and verso sides.","Surveyor J.D. Chase is listed as engineer & surveyor in Cambridgeport.  Incorporated in 1861, The East Cambridge Land Company played a key role in the development of East Cambridge south of Charles Street.",,"Chase, J.G.","J. Mayer & Co., lithographer",,,1 in = 100 ft,42.36654013,-71.08315918,1,,1,25 x 18,Auctioneer Plan,Lithograph on cloth-backed paper,Discoloration. Edge damage; Folds
Perkins_7_5,"Wakefield, MA",Plan of House Lots in South Reading belonging to John C. Tasker Jr.,1853-09-01,,"Tasker, John C.",,Lake Quannapowitt; Lawrence Street; Main Street; Salem Street; Vernon Street,Subdivision plan showing 34 numbered lots with dimensions and sf. Includes penciled notations and two parallel lines which may represent future Pleasant Street.,"Although survey title states the location as South Reading, this area became Wakefield c. 1868.",,"Eaton, Henry L.",,,,1 in = 100 ft,42.51030337,-71.06914607,1,,1,21 x 10.5,Survey Plan,Ink on bond,Discoloration.
Perkins_7_6,"Reading, MA",Bancroft Plain. For Sale Sixty-nine House Lots situated on the Boston & Main Road one mile north of Reading & twenty-five minutes by the R. Road from  Hay Market Square.,Not dated,,"Damon, James","Bancroft; Boston & Maine Railroad; Hartshorn, Thomas",Lowell Street,"2 copies of auctioneer's subdivision plan showing 9 blocks comprising 69 lots with dimensions and sf. Text indicates that it abuts ""Bancroft Plain"" and is land belonging to James Damon, No. 13 Blackstone Street, ""which he will exchange for city property.""  Auctioneer was James Pratt, 46 India Wharf.  One copy contains red penciled note: ""Lumber advanced for building.""",Lacks date.  Includes streets that were never built.,,"Parrott, W.P.","Bufford, J. B. & Co., lithographer","Pratt, James",,1 in = 10 rods (165 ft),42.53542121,-71.12897973,2,,1,16 x 12,Auctioneer Plan,Lithograph on vellum,Discoloration. Edge damage. Folds. Stains. Tears.
Perkins_7_7,"Wakefield, MA","Hart Hill Park, Wakefield",1914-11-01,,Suburban Land Company,Boston & Maine Railroad,Crystal Lake; Dillaway Street; Green Street; Main Street; Shady Avenue; Sidney Street; Upland Road,"Auction announcement for subdivision featuring five blocks comprising 215 numbered lots with dimensions and sf. One side contains larger scale plan with markings in red and lead pencil (indicating sold lots). The other side contains description of the lots, its advantages, and directions to the site, and agents' contact information as well as index map showing site in context of roads and public transit, including location relative to Greenwood Junction, Melrose Highlands, and Wakefield junction railroad stops. Promotes the community's prices (2c to 4c per square foot) and ""reasonable restrictions, desirable neighbors.""",,,"Thayer, C.A.",,,,Not provided,42.49005863,-71.06784497,1,,2,14 x 20,Auctioneer Plan,Lithograph on bond,Edge damage. Taped areas.
Perkins_7_8,"Medford, MA","Plan of Knollwood, Medford, Mass. (opposite Tufts College]",1919-05-01,,Citizens Realty Trust,Boston & Maine Railroad,Burget Avenue; College Avenue; George Street; Greenleaf Avenue; Hume Avenue; Sunset Avenue; Wedgemere Road; Woodbine Avenue;,"Auction announcement for subdivision featuring nine blocks comprising approx. 132 numbered lots with dimensions and sf. One side contains larger scale plan with one lot shaded in red and description and history of site as well as directions by steam, train and ""electrics."" Includes price per lot ($300 up) and verification of title insurance. Indicates that property was originally the estate of the Stearns family. The other side contains image of George Street, information on travel to site, comparison to rental options, and a coupon.",,,Whitman & Howard,,,,Not provided,42.41254353,-71.11566832,1,,2,12 x 17,Auctioneer Plan,Lithograph on bond,Edge damage. Taped areas. Some content obscured by taping.
Perkins_7_9,"Medford, MA","Plan of Boulevard Heights, Medford, Mass. Surveyed for George A. McCormack",1910-05-15 (Revised 1914-08-01),,"Boulevard Heights Land Company; McCormack, George A.",Boulevard Summer Theatre,Cedar Road; Fellsway West; Fern Road; Hazel Road; Hickory Road; Lookout Road; Oak Road; Rock Glen Road; Valley Road; Vista Road; Watervale Road,"Auction announcement for subdivision featuring 15 blocks containing approx. 250 lots with sf and dimensions with red text indicating price per square foot for some lots. Sold lots have been printed in red ink. Displays a non-existent body of water titled Crystal Lake and streets that do not currently exist. The other side contains images, sales terms, and description of the ""most popular suburban development of recent years"" with headings and key text printed in red. and proximity to Boulevard Summer Theatre.",George A. McCormack (1870-1935) was an important developer in the Medford area.,,"Branch, Ernest W., C.E.",,,,Not provided,42.42769683,-71.09246449,1,,1,8 x 11,Auctioneer Plan,Lithograph on bond,"Edge damage. Folds, Taped areas. Some content obscured by taping."
Perkins_7_10,"Medford, MA","Plan showing the Lawrence Estates, Medford, Mass. For the Lawrence Estates Land Trust, Willard Welsh, Ellis L. Gates, Trustees.",1926-05-01 (Revised 1926-07-01),,"Willard Welsh Realty Co., selling agents",,Badger Road; Blaisedell Road; Blakely Road; Burbank Road; Crocker Road; Damon Road; Keith Road; Lawrence Road; Lincoln Road; Middlesex Fells; Powderhouse Road; Ramshead Road; Rural Avenue; Summit Road; Traincroft Street; Whitney Road; Woodside Road,"2 copies of auctioneer's subdivision plan showing over 25 blocks comprising 388 lots with dimensions and sf.  Footer states ""Willard Welsh Realty Co., Inc. Selling Agents, at 209 Washington Street, Boston.  The two copies differ in sheet dimensions and layout of footer.","The estate belonged originally to Samuel Crocker Lawrence, first mayor of Medford. Willard Welsh was a prominent Boston real estate developer and broker.  See https://medfordhistoricalcommission.org/wp-content/uploads/2018/07/damonrd_137.pdf",,"Peters, Alexander C., C.E.",,,,Not provided,42.42496031,-71.11743828,2,,1,15 x 20,Auctioneer Plan,Lithograph on bond,Edge damage. Creases.
Perkins_7_11,"Lynn, MA; Saugus, MA","Plan of the ""Owen Mullen Farm"" belonging to the Portsmouth Trust & Guarantee Co. and situated in Lynn and Saugus, Massachusetts.",1876-01-21 (Copied 1886-08-20),,Portsmouth Trust and Guarantee Co.,"Chase, P.A.; Graham; Hallowell; Howard; Wilson",Alanorth Street [Osborn Street]; Harmon Street; Sigourney Street; Sterling Street; Walnut Street,"Subdivision plan showing 5 blocks comprising 150 numbered lots, some showing dimensions.  Roads, land features, building footprints, and 1876 lot boundaries are drawn in black in; subdivision lots and additions were drawn by Isaac Harris in red ink. Contains table of areas of acreage in Lynn and Saugus.",Isaac K. Harris was city engineer for Lynn. The Hopkins Atlas of 1880 shows the extent of land owned by Portsmouth Trust. See Southern Essex Registry of Deeds for related transactions.,,"Hammond, Charles A. (Copied by Harris, Isaac K.)",,,,1 in = 100 ft,42.47380738,-70.99179554,1,,1,28 x 22,Survey Plan,Ink on vellum,Buckling. Discoloration.
Perkins_7_12,"Lowell, MA; Tewksbury, MA",Plan of Land in Lowell & Tewksbury belonging to the heirs of Oliver M. Whipple,1873-05-12,,"Whipple, Oliver M., heirs",Salem Railroad,Billerica Street; Concord River,"Subdivision plan showing nine lots numbered 30 through 38 with dimensions and sf and reference ordinates alongside railroad tracks and river.  Decorative title block, border, and directional arrow.",Oliver Whipple was major industrialist (gunpowder) and landowner in Lowell. See alternative plan Perkins_9_14.,,"Osgood, William F.","Bufford, J. B. & Co., lithographer",,,Not provided,42.62567761,-71.29518848,1,,1,17.5 x 13.5,Survey Plan,Lithograph on bond,Discoloration. Edge damage.
Perkins_7_13,"Medford, MA; Somerville, MA","Plan of Land in Medford & Somerville on the Westerly Slope of Winter Hill, belonging to Wm. Edward, Geo. F. & Alfred Tufts",1861-10-01,,"Tufts, Alfred, George F., and William Edward","Adams, George E.; Astle, Abel; Boles, John; Boston & Lowell Railroad; Burrows, Robert; Cushing, Evans; Cushing, Isaac C.; Cutter, George T.; Edgerly, John S.; Fisk, Mark; Norcross; Prosser, Levi; Smith, J.W.; Smith, Wiliam; Stearns, William, Jr.",Adams Street [Bow Street]; Albion Street; Alfred Street; Broadway; Charles Street [Winchester]; Edward Street; George Street; Henry Street; Joseph Street [Defunct]; Main Street; Medford Street; William Street,Subdivision plan showing 17 lots comprising over 150  numbered lots with dimensions and sf and building footprints of abutters.  Shows Medford-Somerville town line and streets that do not appear on historical maps.,The Medford Historical Commission has published various reports providing the history of disposition of land owned by the Tufts family. https://medfordhistoricalcommission.org/wp-content/uploads/2022/02/area-edward.pdf,,Not provided,,,,1 in = 120 ft,42.39900194,-71.10285068,1,,1,29 x 18.5,Survey Plan,Lithograph on vellum,Discoloration. Edge damage. Stains. Tears.
Perkins_7_14,"Medford, MA; Somerville, MA",Plan of Building Lots in Medford and Somerville belonging to the New England Realty Co. Inc.,1916-09-12,,New England Realty Co. Inc.,"Malone, William S.",Capen Street; Chandler Street; Gove Street; Hamilton Street; Harold Street; North Street; Williams Street,Draft subdivision plan showing 3 blocks comprising 27 numbered lots with dimensions and sf and building outlines of abutting lots.  Street names and lots information have been crossed out.  Shows town boundaries. Indicates filed in Middlesex South Registry.,Surveyor J.O. Goodwin was a prominent Medford surveyor and developer in the 19th century.,,"Goodwin, James Otis",,,,1 in = 40 ft,42.41294957,-71.12810601,1,,1,27 x 14.5,Survey Plan,Ink and pencil on vellum,Discoloration. Edge damage.
Perkins_7_15,"Somerville, MA","Plan of Real Estate, Ward 2 Section 5, Somerville indicating Party and sq. feet assessed.",1894-05-01 (Modified 1895-01-02),,"Berry, Mary; Fay, John; Gallivan; Garvin, Thomas; Hayes, Patrick; Isaac, John A.; Jones, Leonard J.; Martin, Bridget; Martin, Hugh; McDonald, Daniel G.; Russell, Francis; Sargeant, George W.; Sheridan, Owen; Squire, John P., heirs; Swift; Welch, Willard",Fitchburg Railroad Freight Yards and Main Space,Bedford Street; Distillhouse Street; Earle Street; Harding Street; Hunting Street; Medford Street; South Street; Water Street; Willow Place [Willow Street],"Plan showing 13 blocks of lots, most with occupants' names, sf, and dimensions. Select lots are shaded red, brown, or blue, with some penciled edits. Title and street names in ornate cursive.","Plan contains more abutters' names than listed here; refer to urban atlases for more informaton.  The major landowner shown, John P. Squire, owned a pork packing works and the area was populated by meat packers and other factories in the late 19th-century.",,Not provided,,,,1 in = 40 ft,42.37436088,-71.09022536,1,,1,33 x 21,Survey Plan,Ink wash on vellum,Discoloration. Edge damage. Folds. Stains. Tears.
Perkins_7_16,"Cambridge, MA","Plan of Land in Cambridge, Mass. Owned by Lewis Rice & S.R. Niles",Not dated,,"Niles, Stephen; Rice, Lewis",Davis & Taylor; Pratt; Wyeth,Brattle Street; Hawthorne Street [Grozier Road]; Laurel Street [Defunct]; Lexington Avenue,"Subdivision plan showing 48 numbered lots divided into 3 rows with dimensions and sf. Decorative title block. Note states: ""For prices & terms, apply to J.B. Kelley, 22 Mount Auburn Street.""  Penciled notations list abutters.",Rice and Niles began to develop this area c. 1873.,,Not provided,"Kelley, J.B.",,,1 in = 100 ft,42.378415,-71.141,1,,1,24 x 10,Survey Plan,Lithograph on bond,Discoloration. Edge damage. Fastener holes. Stains. Tears.
Perkins_7_17,"Roxbury (Boston, MA)","Executors Sale of the Mansion House and 43 House Lots belonging to the Estate of the late Hannah Dudley, on Wednesday, May 25, 1887 at 3 o'clock P.M. on the Premises.",1887-05-14,1887-05-25,"Dudley, Hannah, est; Lewis, M.A.D., executor; Johnson, H.R., executor; Child, Albert, executor.","Parker, George W.",Centre Street; Highland Street; [Nathanial Askia Way]; New Heath Street [Heath Street]; Pynchon Street [Columbus Avenue],Auctioneer plan showing two blocks comprising 44 numbered lots with dimensions and sf. Two lots display building footprints. Decorative elements.,"Site incorporates 167 Centre Street, home of Hannah and David Dudley  (https://historicboston.org/the-faces-behind-roxburys-dudley-house/); the Dudleys had roots in Colonial Boston and Nubian Square in Boston was originally named after the family.  Sullivan Brothers Auctioneers maintained offices at 9 School Street in Boston.",,Not provided,"Meisel Brothers, lithographer",Sullivan Brothers,,1 in = 40 ft,42.3251461,-71.09779898,1,,1,29.5 x 14.5,Auctioneer Plan,Lithograph on bond,Edge damage. Folds. Missing pieces. Tears.
Perkins_7_18,"Billerica, MA",Assessors' Map - Billerica Mass - Section Sheet 10-59,1926-03-10,,,"Dolan; Johnson, L.A.; Howe, Charles; Jones, M.R.; McLeod; Mitchell; Remick Harry S.; Suburban Land Company",Lexington Road; Massachusetts Avenue; Middlesex Turnpike; Nuttings Lake; Peace Street,"Assessors Map showing numbered  property lots for a section of Billerica adjacent to the Middlesex Turnpike at Nuttings Lake.  Displays roads and topographic features and illegible table of references.  Portions of the Turnpike and of Peace Street are colored red.  Penciled note says ""George J. Waller, Box 381, Bedford.""",Warren H. Manning was a prominent landscape architect who trained with Frederick Law Olmsted.  He did numerous planning projects for Billerica.,,Not provided,"Manning, Warren H.",,,1 in = 200 ft,42.5350431,-71.26558701,1,,1,17.5 x 11,Map,Blueline on bond,"Discoloration. Edge damage. Missing pieces, Tears."
Perkins_7_19,"Cambridge, MA","Plan of Lots in Cambridge for Sale by W.S. Clarke, 19 Milk St., Boston",Not dated,,,,Camelia Avenue; Cambridge Street; Leonard Avenue; Line Street,"Auctioneer plan showing two blocks comprising 36 numbered lots with dimensions and sf. Also displays measurements for overall lot boundaries. Two lots have penciled note that they were ""sold.""","Based on urban atlases for Cambridge, plan would have been done prior between 1886 and 1894.  The land has been previously owned by P.B. Hovey. Per deeds in the Middlesex South Registry, many of the lots shown on the plan were shown in a 1889 Plan of Portions of the Hovey Estate sold to William C. Doyle; plan done by Gilbert Hodges.",,Not provided,"Clarke, W.S.",,,1 in = 100 ft,42.37528573,-71.10532847,1,,1,11 x 7,Auctioneer Plan,Lithograph on bond,Discoloration.
Perkins_7_20,"Stoneham, MA","Plan of House Lots in Wyoming overlooking Spot Pond, near the Langwood Hotel, on Highland Avenue to be sold at auction, Friday, June 15th, 1888, commencing at 3 o'clock, by Atwood & Weld, Auctioneers.",1888-06-15,1888-06-15,,,Gertrude Avenue [Defunct]; Highland Avenue; Pleasant View Avenue [Defunct]; Spot Pond,Auctioneer plan showing two blocks comprising 16 numbered lots with dimensions and sf.  Contains penciled notes regarding measurements and other information.,"Built by William B. Lang on Woodland Road as an estate and converted into The Langwood Hotel, a luxury hotel, was replaced in the 1890s by the New England Sanitarium and Benevolent Association. Atwood & Weld, auctioneers, maintained offices at 51 Sears Building, Boston.",,Not provided,,Atwood & Weld,,1 in = 40 ft,42.451721,-71.08886961,1,,1,14.5 x 12,Auctioneer Plan,Lithograph on vellum,Edge damage. Folds.
Perkins_7_21,"Boston, MA","Plan of Estates on Suffolk St. District belonging to the City of Boston.  To be sold at Public auction, Dec. 23rd 1871 at 11 o'clock and Dec. 17th, 1871 at 12 o'clock noon, on the premises by the order of the Joint Special Committee on Suffolk St. Dist.",1871-12-21,1871-12-23,"Boston, City of","Brewer, Thomas; Goodnow, Daniel; Model Lodging Houses; Paul, William, heirs; Shaw, John J.",Kirkland Street {Defunct]; Ohio Place {Defunct]; Osborn Place {Defunct]; Pleasant Street {Defunct]; Shawmut Avenue; Wheelers Court [Defunct],Plan showing multiple lots encompassing two blocks.  Lots display either dimensions and sf or owner's names; some lots display hatching to represent walls.,Plan was part of a series and several are in the LMEC collection; see https://collections.leventhalmap.org/search/commonwealth:js956k36p and related items.,,"Davis, T.W., city surveyor","A. Trochsler & Co., lithographer",Samuel Hatch & Co.,,1 in = 20 ft,42.34769646,-71.06574109,1,,1,24 x 18,Auctioneer Plan,Lithograph on bond,Edge damage. Folds. Tears.
Perkins_7_22,"Hyde Park (Boston, MA); Milton, MA","Hyde Park & Fairmount in Dorchester & Milton, Norfolk Co.",1860-01-01,,"Fairmont Land Co.; Hyde Park Development; Nott, G.E.; R. Estate and Building Co.; R. E. Improvement Co.","Blanchard; Boston Providence Railroad; Cobbett; Davidson; Edson; Ellis; Greenwood; Grew, H.; Lyman; New York Central Railroad; Richards; Sumner; Tucker, D.; White",Dana Avenue; Fairmount Avenue; Glenwood Avenue; Mother Brook; Maple Street; Neponset Avenue; Neponset River; Oak Street; Pine Street; Warren Avenue; Williams Avenue,"Auctioneer or subdivision plan showing several hundred numbered lots spread over multiple blocks on either side of the Neponset River.  Some lots are groups into 20 numbered sections. Contains a table of ""Explanations"" listing the owners of groups of lots, labelled 1 through 8. Decorative title block and border.",See version in LMEC collection: https://collections.leventhalmap.org/search/commonwealth:9s161f90v   Incorporates area now known as Fairmount Hill.,,"Stone, Anson J.","Crosby, Charles H., lithographer",,,1 in = 600 ft,42.25168322,-71.12343905,1,,1,18 x 13,Auctioneer Plan,Lithograph on bond,"Edge damage. Folds, Missing corner."
Perkins_7_23,"Westwood, MA","Plan of Building Lots in Spring Vale Junction, Dedham. 2nd Auction Sale of lots on Tuesday, September 30th (if 30th is stormy then on following Thursday) at 4 o'clock at Springvale Depot.",1873-01-01,1873-09-30,"Wentworth, Alonzo B.","Boston Hartford and Erie Railroad Corp.; Wentworth, A.B.",Ash Street; Birch Larch; Carroll Avenue; East Street; Elm Street; Hawthorn Street; Shawmut Avenue; Station Street,"Auctioneer plan showing over 50 lots spread over 7 blocks with sf and dimensions and select building footprints. Lots to be sold are hatched; lots to be sold are ""numbered in Red in order of sale."" Season tickets are $18.00 per quarter. Decorative title block and border.","Creation date is approximate, based on registry documents. Nathaniel Smith was a 19th-century surveyor focused primarily on towns in Norfolk County. Spring Vale Junction was originally part of the Dedham Branch railroad line.",Norfolk Bk/Pg D0443-114 (Plan #1949-1035),"Smith, Nathaniel","Longfellow, H.W., lithographer",N.A. Thompson & Co.,,1 in = 120 ft,42.22186043,-71.18047697,1,,1,28.5 x 20.5,Auctioneer Plan,Lithograph on bond,Discoloration. Edge damage. Folds. Tears.
Perkins_7_24_A_B,"Malden, MA; Revere, MA",Plan of Land in Malden & Revere belonging to the Linden Land Company.,1873-01-01,,"Linden Land Company; Sargent, H & P.",Boston & Maine Saugus Branch Railroad,Beach Street; [Claremont Street]; [Elm Street]; Lynn Street; Salem Street,2 copies of Auctioneer plan showing 53 blocks comprising several hundred numbered lots with sf and dimensions. Lots are graphically coded as to whether have been sold or belong to either Linden Land Co. or H. & P. Sargent. Decorative title block and border.,The majority of lots are located in Malden. Plan includes planned streets that may not have been built.,,"Ames, C.C.",W.H. Forbes & Co.,,,1 in = 150 ft,42.43325736,-71.02801001,2,,1,31 x 24.5,Auctioneer Plan,Lithograph on bond (one with linen backing),Discoloration. Edge damage. Tears.
Perkins_7_25,"Stoneham, MA","Stoneham Gardens, Stoneham, Mass. Owned by Bonelli-Adams Co. - Preliminary Plan",1928-04-01,,Bonelli-Adams Co.,,Bonad Road; George Street; Governor Road; Grew Road [Defunct]; Main Street; Myopia Road; North Street; Oak Street; Rangeley Road; Sherwood Road; Weld Road [Defunct]; Westwood Road,"Auctioneer or subdivision plan showing 15 blocks comprising 233 lots with sf and selected dimensions. Shows proposed roads. Includes statement that ""areas and distances are only approximate and are subject to change and correction.","Headed by Edward H. Bonelli, Bonelli-Adams Co. was a real estate broker who did large subdivisions in the Boston area.",,"Branch, Ernest W., C.E.",,,,1 in = 80 ft,42.496695,-71.105577,1,,1,29.5 x 26,Auctioneer Plan,Blueprint,Stored in plastic sleeve.
Perkins_7_26,"Wakefield, MA","Greenwood Park, Boston & Maine R.R. - Homes for Everybody",Not dated,,"Wood, Harmon & Co.",Boston & Maine Railroad,Greenwood Avenue; Hillis Avenue; Madison Avenue; Main Street; Oak Avenue; Orchard Avenue; Pine Street; Pittman Avenue; Warren Avenue,"Auctioneer or subdivision plan showing over 20 blocks comprising over 400 lots with dimensions and sf. Features promotional text which states ""Beautiful New Town!  Clean, healthy, picturesque, and respectable! An ideal American settlement!"" Terms included $100 to $300 per lot, with 50 lots given away to builders. Decorative title and border.",Greenwood is now an established neighborhood in Wakefield. See related plans in the LMEC collection.,,Not provided,"Walker, George D.",,,1 in = 100 ft,42.48303438,-71.06374447,1,,1,35.5 x 28.5,Auctioneer Plan,Lithograph on bond,Discoloration. Edge damage. Folds. Tears. Stored in plastic sleeve.
Perkins_8_1,"Cambridge, MA",Plan of an Estate in Cambridgeport surveyed for Charles Tufts. [Plan 1804],1869-07-01,,"Tufts, Charles","Herring; Hastings, heirs of",Magazine Street; Walnut Street [Putnam Avenue],"Plan showing 5 lots with dimensions and sf. Notes indicates distance to locations at Pearl Street. Decorative title block. On verso, lot boundaries are outlined in thick red ink.","Walnut Street was renamed Putnam Avenue in the 1870s. Charles Tufts [1806 - 1888] was the son of Peter Tufts, Jr. (see other items in the Perkins Survey Collection).",,"Mason, W.A. & Co.",,,1304,1 in = 30 ft,42.35881209,-71.11033486,1,,1,19.5 x 20,Survey Plan,Ink on textile,Buckling. Discoloration. Water damage.
Perkins_8_2,"Cambridge, MA",Plan of the Tufts Estate - Cambridgeport. [Plan 1305],1870-12-01,,"Tufts, Charles, estate","Hastings, E.T.; Tufts, Charles.",Henry Street; Magazine Street; Pearl Street; Willow Street [Defunct],"Plan showing 7048 acre lot with dimensions, sf, and footprint of a house as well as location of ditches. Decorative title block. On verso, lot boundaries are outlined in thick red ink. Contains two red lines that boundaries and are explained in title block notes.","Darwin and Mason are listed as civil engineers and surveyors, reflecting their partnership between 1869 - 1872. Site is approximate location of what is now Tufts Street.",,"Elliot, Charles Darwin; Mason, W.A. & Co.",,,1305,1 in = 30 ft,42.35752775,-71.11155795,1,,1,39 x 25,Survey Plan,Ink on textile,Buckling. Discoloration. Water damage.
Perkins_8_3,"Cambridge, MA",[Untitled - Willow Street. Plan 1306],Not dated,,,"Anderson, William; Boston & Fitchburg Railroad; Cummin, John; McKeon; Monahan, P.; Russell, Francis; Saunders; Shrow, John; Sullivan, Daniel",Emery Street; Harding Street; Willow Place; Willow Street,"Schematic plan showing multiple lots, some with sf and dimensions as well as building footprints that include buildings such as houses, sheds, and bridges.  Some items are hatched.  One line shows locations of stacks and follows channel line from Peter Tufts' plan of 1810. Shows railway spur. Some notations in red ink including sf calculation dated June 1891.",,,"Mason, W.A. & Co.",,,1306,1 in = 30 ft,42.37347084,-71.09163957,1,,1,34 x 29,Survey Plan,Ink on textile,Buckling. Discoloration. Water damage.
Perkins_8_4,"Cambridge, MA","Plan of a part of the James Otis Estate in Cambridgeport to be sold by Public Auction on the premises on Thursday, May 20th 1875 at 1 o'clock P.M. [Plan 1307]",1875-05-20,1875-05-20,"Otis, James, estate","Cambridge, City of; Doyle, M.E.; Green, D.P.; Hannum, J.S.; Lamson, R.; Prath, E.W.; St. Clair, John M.; Savage, D.; Sawyer, J.S.; Smart, D.C.; Spencer, Hosea",Auburn Street; Blanche Street; Franklin Street; Front Street [Massachusetts Avenue]; Green Street,Auctioneer's plan showing 8 blocks of lots numbered 1 through 24 with dimensions and sf. Blanche and Franklin Streets are drawn as continuation of existing streets of same names. Decorative title block and border.,,,"Mason, W.A. & Co.","Meisel Brothers, lithographer",Samuel Hatch & Co.,1307,1 in = 40 ft,42.36183761,-71.10001493,1,,1,25 x 14,Auctioneer Plan,Lithograph on bond,Buckling. Discoloration. Edge damage. Water damage.
Perkins_8_5,"Cambridge, MA; Somerville, MA","Plan of Building Lots belonging to the City of Cambridge to be sold at Auction on May 24, 1883 at 3 o'clock P.M. [Plan 1346]",1883-05-24,1883-05-24,"Cambridge, City of",Holland,Broadway; Clarendon Avenue; Endicott Street; Farragut Street; Garrison Street; Weston Avenue,Auctioneer's plan showing 4 blocks of comprising 47 number lots with sf and dimensions. Two peripheral lots show building footprints and a stone quarry.,"Lots shown are within current boundaries of Somerville. Per urban atlases, Cambridge owned a quarry at Clarendon and Endicott Streets. J.W. Coveney is listed as having offices at 78 Cambridge Street in Cambridge.",,,"Fish, W.R., lithographer","Coveney, J.W.",1346,Not provided,42.40342162,-71.12994722,1,,1,19 x 12,Auctioneer Plan,Lithograph on bond,Discoloration.
Perkins_8_6,"Cambridge, MA",Copy from City Engineer's finished & bound Plans of Brighton Street widening 1874 (S. of Mt. Auburn Street) [Plan 1831],1874-01-01,,,,Brighton Street [John F. Kennedy Street],"Plan and elevation showing street layout with lots, dimensions, building footprints, and reference lines. Notes and lines indicate location and sf of land takings for widening.",Drawing is extremely faded and dirty with minimal metadata. Unclear location.,,,,,1381,Not provided,42.37212845,-71.12054929,1,,1,44 x 17,Engineering Drawing,Pencil on vellum,Buckling. Discoloration. Water damage.
Perkins_8_7,"Cambridge, MA",[Untitled - Copy of Jesse Fogg's lot],1848-04-01 (Copied 1848-10-01),,"Fogg, Jesse",,284 Broadway; Columbia Street; Elm Street,"Plan showing 32,750 sf lot with dimensions and sf and outline of house (shaded).  Lot outlined with red border. Indecipherable note on verso addressed to ""Mr. Banker."" Decorative title and border.",Jesse Fogg was a lumber dealer in Cambridge.,,"Mason, W.A. & Co. (Copied by Muzzey, H.W.)",,,1562,1 in = 20 ft,42.36817729,-71.09767581,1,,1,20 x 14,Survey Plan,Pen and  pencil on bond,Discoloration. Edge damage.
Perkins_8_8,"Cambridge, MA",[Untitled - State Street. Plan 1569],Not dated,,,Mason & Brooks,Front Street; State Street; Village Street,"Lot plan showing 30,975 sf lot with dimensions and sf.  Lot abuts a canal and is bordered in thick red line and abutting streets are shaded. Location of Village Street is sketched in. Note says: ""See comp. 835 for lotting.""  Decorative border, arrow, and titling.",,,"Mason, W.A. & Co. (Copied by Muzzey, H.W.)",,,1569,1 in = 20 ft,42.3623045,-71.09790895,1,,1,14 x 18.5,Survey Plan,"Pen, pencil, and watercolor on bond",Discoloration. Edge damage.
Perkins_8_9,"Boston, MA",[Untitled - Mill-Dam Road. Plan 1570],1848-11-01,,"Fields, G.C.; Phelps, Jonas","Mackin, Charles; Nichols",Mill-Dam Road,"Lot plan showing 21,780 sf lot with dimensions and sf. Lot is bordered in thick red line and abutting street is shaded. Decorative arrow and titling.",Location is unclear but Mill Dam Road evolved into Beacon Street and Western Avenue during the mid-19th-century.,,"Mason, W.A. & Co.",,,1570,1 in = 20 ft,,,1,,1,10 x 15.5,Survey Plan,"Pen, pencil, and watercolor on bond",Ink blot in plan center.
Perkins_8_10,"Cambridge, MA",Land of Hosea Spencer in Cambridgeport [Plan 1573],1877-08-22,,"Spencer, Hosea","Brooks, Sylvanus",Harrison Street [Defunct]; Moore Street  [Defunct]; Washington Street,"Subdivision plan showing five lots with dimensions and sf. Note indicates measurements taken to fences.  Text in thick brown ink, property boundaries in thin red lines.",Block of lots have been subsumed by Newtowne Court Development.,,"Mason, W.A. & Co.",,,1573,1 in = 20 Ft,42.36404606,-71.09488119,1,,1,12.5 x 12,Survey Plan,Pen on vellum,
Perkins_8_11,"Cambridge, MA",Land in Cambridgeport sold by Heirs of the late William Brown to W.D. Briggs [Plan 1565],1867-10-16,,"Brown, William, estate","Greenwood, J.; Mullen, M.",Green Street,"Lot plan showing 4,777 sf lot with dimensions, sf, and outline of ""double house."" Lot outline in thick red border. Penciled note asks ""E. of Hancock St.?""  Features embossed Mason stamp.",,,"Mason, W.A. & Co.",,,1565,1 in = 10 ft,42.36699985,-71.10816535,1,,1,11 x 17,Survey Plan,Ink on bond,Discoloration.
Perkins_8_12,"Brighton (Boston, MA)",Plan of Land in Brighton belonging to Mr. James Greenwood [Plan 1566],1842-03-14,,"Greenwood, James",,Nonantum Street; Washington Street,Subdivision plan showing 3 lots with dimensions.  Each lot is outlined in a different color.  Building footprints straddle two lots.,,,"Mason, W.A. & Co.",,,1566,1 in = 40 ft,42.35042608,-71.16862488,1,,1,15 x 19.5,Survey Plan,Ink on bond,Discoloration. Edge damage.
Perkins_8_13,"Cambridge, MA",Plan of House Lots in Cambridge - M.M. Rice [Plan 1599],1843-08-01,,"Rice, Moses Maynard","Baldwin, J.F.; Haskins; Haven; Livermore & Hovey; Norton, Professor",48 Kirkland Street; Trowbridge Street,Subdivison plan showing 15 numbered lots spread over two blocks with dimensions and sf. Lots contain penciled notes.  Plan is affixed to mortgage deed pertaining to Willard  H. Woodbury,Unclear if mortgage deed related to the plan or if it is used as backing reinforcement.,,"Mason, W.A. & Co.",,,1599,1 in = 40 ft,42.37764293,-71.10941334,1,,1,24 x 17.5,Survey Plan,Lithograph on bond,"Discoloration. Edge damage. Missing pieces, Tears."
Perkins_8_14,"Cambridge, MA",Plan of Land in Cambridge sold to Stearns & Sargent [Plan 1618],1847-07-01,,Warland; Sargent; Sterns,,33 Linnaean Street,"Lot plan showing 96,0303 sf lot with dimensions and sf (also given in rods and acres). Contains penciled table of calculations.",,Middlesex South Bk/Pg 520/188,"Mason, W.A. & Co.",,,1618,1 in = 50 ft,42.38385353,-71.12308008,1,,1,10 x 12.5,Survey Plan,Ink on bond,Discoloration. Edge damage.
Perkins_8_15_A_B,"Cambridge, MA",Plan of Land in Cambridge belonging to the Bay State Brick Co. [Plan 2926],1896-08-05,,Bay State Brick Company,,Alpine Street; Bay State Road; Birch Street; Chilton Street; Concord Avenue; Copley Street; Dale Street [Corporate Burns Road]; Fern Street; Fayerweather Street; Field Street; Garden Street; Hazel Street; Ivy Street; Walden Street,"Subdivision plan showing multiple blocks of lots lettered A through L with each lot numbered and showing dimensions and sf.  Decorative titling.  Two copies, one on linen and the other on bond, with extensive annotations in pencil and ink.","Per urban atlases, Bay State Brick Company had their brickyard at this site until the 1890s.  Mason Surveyors was hired in 1911 to produce a subdivision plan for ""University Park."" See https://www.cambridgema.gov/-/media/Files/historicalcommission/pdf/chcmeetingfiles/UnivParkNCD_memo.pdf",,"Mason, W.A. & Co.",,,2926,1 in = 120 ft,42.38623682,-71.13655055,2,,1,20.5 x 8.5,Survey Plan,Ink on bond (one with linen backing),Discoloration. Edge damage. Folds.
Perkins_8_16,"Roxbury (Boston, MA)","Plan of Land in Boston, (Roxbury) Mass belonging to Sisters of the Blessed Sacrament for Indians & Colored People [Plan 19303]",1934-02-12,,Sisters of the Blessed Sacrament for Indians & Colored People,"Decizia, Rosa; Fiander, J.T.; Frank, Fannie; Ginsburg, C.; Gustafson, Nellie H.; Hartnett, J. & A.; Keilty, J. & H.; Lerner, Charles; Magee, B.H.",Roxbury Court [Defunct]; Roxbury Street [Malcolm X Boulevard]; Vernon Street,Lot plan showing 2 lots with dimensions and sf and abutting building structures (some with brick hatching). Select references to deeds and City of Boston plans noted.,The Sisters established a mission at this location in the 1920s.,,"Mason, W.A. & Co.",,,19303,1 in = 20 ft,42.332052,-71.089664,1,,1,24 x 18.5,Survey Plan,Ink on vellum,Discoloration.
Perkins_8_17,"Cambridge, MA; Somerville, MA",Plan of Land in North Cambridge and Somerville owned by Ammi C. Freed. [Plan 19505],1857-04-01,,"Teel, Ammi","Learned, Benjamin",Broadway; North Avenue [Massachusetts Avenue],"Lot plan showing lot with dimensions and field measurements.  Includes road to ""Cambridge City Farm."" Appears preliminary sketch.",Teel was listed in Cambridge Directory of 1848 as farmer.  This section of Cambridge was still primarily farmland in the  mid-19th century.,,"Mason, W.A. & Co.",,,19500,1 in = 80 ft,42.39910639,-71.13194835,1,,1,28 x 20,Survey Plan,Ink on bond,Discoloration. Edge damage.
Perkins_9_1,,"Compliments of Dana F. Perkins & Sons, Inc. Civil Engineers & Surveyors, successor to W.A. Mason & Son Co.",Not dated,,,,,"Promotional sheet announcing that Perkins & Sons is the successor to W.A. Mason & Sons.  Lists office locations in Cambridge and Reading, Mass; and names of engineering/surveying firms for which the firm holds records.  Indicates archive of 200,000 plans and 500 notebooks presenting 500 years of Civil Engineering and Surveying.  Illustrated by a table of rods and links in decimal feet.","Lists firms included in the BPL survey collections, including Fuller-Whitney, W.A. Mason, and Dana Perkins.",,"Dana F. Perkins & Sons, Inc.",,,,,,,1,,1,8.5 x 13,Brochure,Ink or printing on bond,
Perkins_9_2,,"W.A. Mason & Son, Land Surveyors, Established 1839",Not dated,,,,,Promotional flyer on shield shaped piece of paper. Typeface is art nouveau style.,,,"Mason, W.A. & Co.",,,,,,,1,,1,9.5 x 5,Brochure,Blueprint,
Perkins_9_3,"Watertown, MA",Plan of Land in Watertown,1922-08-04,,,"Cleveland, L. Sydney; Whitney, Edward L.; Wyman, Caroline S.",Main Street; Mount Auburn Street; Spring Street,Lot plan showing dimensions and footprints of multiple buildings with outlines hatched. Shows acceptance in Land Registration office 9/13/1922 as part of Plan 8968A.  Verso displays misc. calculations.,,Middlesex South Land Court Case Plan 18593A (Bk/Pg 93/405; doc#51007540),"Mason, W.A. & Co.",,,,1 in = 20 ft,42.36540085,-71.18437207,1,,1,10 x 15.5,Survey Plan,Blueprint,Stored in plastic sleeve.
Perkins_9_4,"Cambridge, MA","Plan of Premises in Cambridge, Mass. Subdivided for F.X. Massé",1931-05-11,,"Massé, F.X.",,Sherman Street; 253 Walden Street,"Subdivision plan showing 4 lots labelled A, B, C, D, with dimensions and sf.  Lots are overlaid onto footprints of several buildings, including garages, office, and sheltered gas and oil service and right of way.","Per urban atlases, the Masses owned land on all 4 corners of this street intersection. ",,"Mason, W.A. & Co.",,,,1 in = 20 ft,42.38625728,-71.13125915,1,,1,14 x 10,Survey Plan,Blueprint,Stored in plastic sleeve.
Perkins_9_5,"Allston (Boston, MA)","Plan of Valuable House Lots for sale in Allston, Mass belonging to D. H. McKay. Money advanced to build.",1891-06-24,,"McKay, D.H.",,,"Plan title sheet for sale of lots in Ward 25, Boston. Is tombstone shaped with multiple decorative handwritten typefaces. Border features six taped-on green half-star stickers. Announcement indicates that plans were scaled 1 inch to 40 feet. D.H. McKay shown as being at 28 School Street, Boston.",,,"Mason, W.A. & Co.",,,,,,,1,,1,9.5 x 12,Auctioneer Plan,Ink on vellum,Discoloration.
Perkins_9_6,"Cambridge, MA",Plan of Lands in Cambridgeport belonging wholly or in part to Frederick L. Ames; abutting and neighboring estates.,1883-10-01,,"Ames, Frederick L.",,,Cover sheet for plan. Indicates plans are drawn at scale of 1 inch = 80 ft. Decorative lettering and ornate borders. Duplicate of item Perkins 1_2.,"Ames was a prominent railroad executive who owned property in the Cambridgeport ""flats"" area.",,"Bowker, Edwin F.; Mason, W. A., & Son.",,,,Not applicable,,,1,,1,13 x 11,Auctioneer Plan,Ink on vellum,Discoloration. Edge damage. Tears.
Perkins_9_7,"Wayland, MA",Plan of Land in Wayland surveyed for Estate of Jacob Reeves,1937-05-28,,"Reeves, Jacob, estate","Mainstone Farm Trust; Wayland, Town of",Old Connecticut Path,"Plan showing three lots numbered 1, 2, and 3 with dimensions and square acreage. Including building footprints and pipe locations.",Geospatial location is unclear. The family of Jacob Reeves owned the first tavern in the town.,,"Mason, W.A. & Co.",,,,1 in = 200 ft,42.34978158,-71.353355,1,,1,10.5 x 14.5,Survey Plan,Ink on vellum,Discoloration.
Perkins_9_8,"Cambridge, MA","Plan of Land on Strawberry Hill, Watertown owned by John Lowder",1860-12-04,,"Lowder, John","Watertown Branch, Fitchburg R.R.",Kirkland Street [Holworthy Street],Plan showing 3 lots with dimensions and sf. Lots outlined in red shading. Verso contains calculations and preliminary sketch of an 8-lot division on Cushing Street.,See Parkins_13_18 for variant. The Strawberry Hill area of West Cambridge was originally part of Watertown and Kirkland Street was renamed Holworthy in the 1880s. The railroad provided connections to the Fresh Pond Ice industry.,,"Mason, W.A. & Co.",,,,1 in = 20 ft,42.37604304,-71.14981141,1,,1,15 x 13.5,Survey Plan,Ink on vellum,Discoloration. Edge damage. Taped.
Perkins_9_9,"Cambridge, MA","Plan of Premises in Cambridge. Belonging to Mary E. Young, Lucy W. Spaulding, and Helen M. Niles.",1901-05-01,,"Niles, Helen M.; Spaulding, Lucy W.; Young, Mary E.",Randolph Trust,Linden Street; Plympton Street,"Lot plan showing one lot with dimensions, sf, and detailed building footprint and abutting 15'-wide passageway. Note indicates 100+ ft to Massachusetts Avenue. Decorative title block and arrow. Verso contains stamp of William H. Whitney, engineer, and Whitney inventory number C-2674-P.","Per urban atlases, Niles owned most of this block fronting Massachusetts Avenue, co-owned adjacent buildings with Spaulding.",,"Mason, W.A. & Co.",,,,1 in = 20 ft,42.37226375,-71.11700319,1,,1,13 x 17.5,Survey Plan,Ink on vellum,Discoloration.
Perkins_9_10,"Braintree, MA; Weymouth, MA",Plan of Desirable House Sites for Sale on Norfolk Hills in East Braintree and Weymouth at Washington Street.,1898-04-10,,"Hews, Albert H.; Mason, Charles A.","Hill, R. Estate; Union Religious Society; White, F.; public library; stores",Alden Road [Defunct]; Bellevue Road; Brookside Road; Cliff Street [Defunct]; Commercial Street; Eliot Street; Front Street; Hewmason Road; Peregrine Road [Defunct]; Quincy Avenue; Shaw Street; Smelt Brook; Stetson Street; Washington Street,"Subdivision plan showing 10 blocks labelled A through J, five containing approximately 60 numbered lots, the others a brook and proposed park (Watson Park).  Lots display dimensions and sf. Indicates ""plan subject to change"" and highlights proximity to ""steam & electric cars 2 minutes"" and stores. Decorative title block and arrow.",,,"Mason, W.A. & Co.",Heliotype Printing Company,,,1 in = 200 ft,42.21930278,-70.97144008,1,,1,19 x 15.5,Auctioneer Plan,Lithograph,Discoloration. Edge damage. Seam. Tears.
Perkins_9_11,,[Untitled - Lot Plan],1932-12-07,,,,,"Draft lot plan showing building footprint and drive with dimensions and grading information for basement, first floor, and garage as well as reference lines for driveway.  Abutted by 8' right of way and by ""proposed line of brook"" and retaining wall.  Lacks metadata on owner or location.",,,"Mason, W.A. & Co.",,,,1 in = 8 ft,,,1,,1,21 x 18.3,Survey Plan,Pencil on vellum,Edge damage. Missing pieces. Tears.
Perkins_9_12,"Cambridge, MA",Plan showing proposed change in Kirkland St. - near Mt. Auburn at Estates of Safford and Hogan,1868-06-01,,"Hogan, estate of; Hogan's Nursuries; Safford, estate of","Hittinger; Watertown Branch, Fitchburg R.R.",Cushing Street; Kirkland Street [Holworthy Street],Plan and vertical section of two lots divided by a gulley running between Kirkland [Holworthy] and Cushing Streets.  Plan shows proposed new street line on Kirkland. Section shows profile of gulley and a drain with a location stake.  ,,,"Mason, W.A. & Co.",,,,Horiz: 1 in = 30 ft; Vert: 1 in = 10 ft,42.37604304,-71.14981141,1,,1,31 x 23,Survey Plan,Pen or pencil on bond,Discoloration. Edge damage. Tears.
Perkins_9_13,"Watertown, MA","Plan of Land in Watertown, Mass.",1927-05-27,,,"Boston & Maine Railroad; Watertown Branch, Fitchburg R.R.",Arsenal Street; Birch Road; Franklin Street; Walnut Street,Subdivision plan showing two blocks comprising 16 numbered lots with dimensions and sf. Lots abut larger property with proposed 15 foot sewer and drainage easement.  Contains blank form for city engineer to sign off on. Easement lines display red ink annotations.,,,"Mason, W.A. & Co.",,,,1 in = 40 ft,42.36703842,-71.17219765,1,,1,36 x 23,Survey Plan,Ink on vellum,Discoloration. Edge damage.
Perkins_9_14,"Lowell, MA; Tewksbury, MA","Plan of Land in Tewksbury, MA belonging to the heirs of Oliver M. Whipple",1872-11-01,,"Whipple, Oliver M., heirs",Lowell Railroad,Billerica Street,"Subdivision plan showing 11 numbered lots with dimensions and sf (given in acres and rods) and reference ordinates alongside railroad tracks and river.  Most of title block is torn off. Plan is accompanied by 8 x 12 inch ruled sheet of yellow paper containing plan title and date in block handwriting. Plan consists of 2 sheets glued together plus additional small sheet with triangular flap.  One side of plan contains plan title information and drawn map along with penciled-in empty table and draft set of calculations. Verso features three plans of lots with calculations, no location identification information.",Oliver Whipple was major industrialist (gunpowder) and landowner in Lowell. See alternative plan Perkins_7_12. Plans are referenced in Whipple estate's probate packet filed in North Middlesex.,Middlesex North Plan Book 3,"Osgood, William F.","Bufford, J. B. & Co., lithographer",,,1 in = 5 rods (82.5),42.62567761,-71.29518848,2,,2,40 x 22.5,Survey Plan,Ink on bond,Discoloration. Edge damage. Seam separation.
Perkins_10_1,"Stoneham, MA","For Sale: Building Lots in Cedar Park, Stoneham. Property of The Felspa Spring Water Co. T.E. Clark, Agent.",1910-09-06,,Felspa Spring Water Co.,,Alden Avenue [Cedarway]; Cross Street; East Street; Elwood Avenue [Whipple Avenue];98 Spring Street; Whipple Avenue,"Auctioneer's pamphlet for sale of lots. Contains scaled down lot plan showing 3 blocks of lots numbered 1 through 32. Includes description of the site and lots, amenities, option to purchase stock in seller's company, information obout the springs and water analysis, and notice of intent to build a health resort hotel. Trifold format. Contains mutliple incidents of the number 3309 in red letters (probably survey inventory number).","Realtor T.E. Clark is shown as having offices at 262 Washington Street, Boston",,"Bancroft, James A.",,"Clark, T.E.",,Not applicable,42.48262148,-71.08220534,1,,1,11.5 x 7,Auctioneer Plan,Lithograph,Discoloration. Folds.
Perkins_10_2,"Middlesex County; Reading, MA; Stoneham, MA; Wakefield, MA",Map showing The Wakefield and Stoneham Street Railroad and other Roads.,Not dated,,,,,"Railroad map showing location of built and proposed railroads in Lowell, Reading, Stoneham, Wakefield and other towns, from Arlington to Lynn, in the eastern section of Middlesex County. town displays population. Town boundaries and outlines of major ponds or beachs are outlined. Contains legend of line types for six railroad lines.  Verso contains stamp of Frost & Adams Blue Prints Co. ","Based on the street railroads listed and population figures, the map probably was compiled in the 1890s. James Ames Bancroft (1834-1923) was an American civil engineer and surveyor whose work focused on Lynnfield,  Reading, Stoneham, Wakefield, and Wilmington, MA. Frost & Adams was a Boston-based retailer of artists' materials c. 1900.",,"Bancroft, James A.",,,,1 in = 1 mile,42.50362247,-71.07064588,1,,1,14.5 x 11.5,Map,Blueprint,Stored in plastic sleeve.
Perkins_10_3,"Reading, MA","Plan of Pinevale Road, and Land of Llewellyn W. Jordan",1921-01-01,,"Felker, John C.; Jordan, Llewellyn W.; Knapp, A.C.; La Londe; Lane, John; Nichols, Elva C.; Thorne, Jesse",,Main Street; Pinevale Road,"Lot plan showing two lots with dimensions, sf, and locations of iron pipe and face walls. One property line notes ""Agreement 12 of Jan. 1907""",,,"Bancroft, James A.",,,,1 in = 60 ft,42.51473437,-71.10380366,1,,1,11.5 x 18,Survey Plan,Blueprint,Punched hole. Stored in plastic sleeve.
Perkins_10_4,"Lynnfield, MA","Plan of Lakefield Park, Lynnfield Centre, Mass. Property of Frank J.D. Barnjum.",1890-01-23,,"Barnjum, Frank J.D.",,Crescent Avenue; Highland Avenue [Defunct]; Lakeview Avenue; Pleasant Street [Defunct]; Prospect Avenue; Summer Street; Walnut Street; Wave Avenue [Defunct]; Pillings Pond,"Subdivison plan showing 176 numbered lots spread over 8 blocks with dimensions and sf. Shows direction to ""depot"" and to Lynn. Abutting pond displays hatched edges. Plan is heavily taped on both sides.","South Essex Registry holds multiple deeds and plans related to the subdivision. Frank John Dixie Barnjum (1858 – 1933) was a lumber merchant, forester, and political figure in Nova Scotia with connections in the Boston area.",South Essex Bk/Pg 6/27,"Bancroft, James A.",,,,1 in = 80 ft,42.52951653,-71.03525346,1,,1,23 x 19.5,Survey Plan,Lithograph,Edge damage. Missing pieces. Extensive taping.
Perkins_10_5,"Malden, MA",Plan of Land in Malden surveyed for Harriett S. Dyer,1906-10-31,,"Dyer, Harriet Soule; Lovejoy, H.W.; Prescott, G.G.; Turner, R.M.; Watson, D.","Chadwick, J.W.",Fellsmere Park; Pleasant Street,Lot plan showing 4 lots with dimensions and sf.  One lot  features hatched building footprint.  Each lot lists previous owner and date transferred to or from Dyer. Shows path of electric railway along Pleasant Street and footprint of front wall.,,,"Bancroft, James A.",,,,1 in = 30 ft,42.42595704,-71.08485583,1,,1,12.5 x 16.5,Survey Plan,Ink on vellum,Discoloration.
Perkins_10_6,"Reading, MA",Plan of House Lots in Reading surveyed for W. H. Stevens.,1895-05-17,,"Stevens, W.H.",,Berkley Street; Fremont Street; King Street; West Street,Subdivision plan showing 12 numbered lots on two blocks. Lots feature dimensions and sf.,,,"Bancroft, James A.",,,,1 in = 30 ft,42.52117323,-71.12101332,1,,1,19.5 x 24.5,Survey Plan,Ink on vellum,Discoloration. Edge damage.
Perkins_10_7,"Wakefield, MA","Plan of Land situated in Wakefield, Mass. Belonging to L.B. Evans Son Co.",1912-04-26,,"Evans, L.B.","Atkinson, Ira; Boston & Maine Railroad, South Reading branch; Verge, A.C.; Wakefield Armory",Main Street; Richardson Street; Water Street; Smith's Pond River [Crystal Lake],Plan showing multiple lots with dimensions and sf and building footprints with hatched edges.  Border of river is hatched. One lot abuts passageway.,,,"Bancroft, James A.",,,,1 in = 30 ft,42.50155766,-71.06875412,1,,1,17 x 33,Survey Plan,Ink on vellum,Discoloration. Edge damage.
Perkins_10_8,"Saugus, MA","Plan of House Lots in Saugus, Mass. Surveyed for George F. Wilson",1890-09-23,,"Wilson, George F.",Snow,Denver Street; Dow Street; Stephen Street [Defunct]; Wilson Street [Maple Road],"Subdivision plan showing 44 numbered lots and 2 additional lots, each with dimensions and sf.  Two lots show building footprints.  One lot shows total acreage and location of highest point.",,,"Bancroft, James A.",,,,1 in = 40 ft,42.45978138,-71.01449864,1,,1,23 x 31,Survey Plan,Ink on vellum,Discoloration. Edge damage.
Perkins_11_1,"Reading, MA",Plan of 46 House Lots in the Village of Reading. Being a part of the estate of the late Edmund Parker Esq. Situated within 60 Rods of the Depot and 30 minutes by Rail road from Haymarket Square in Boston. To be sold by Public auction on Thursday June 24th at 3 1/2 o'clock P.M. on the premises.,1847-06-01,,"Parker, Edmund, estate of","Damon; Boston & Maine Railroad; Parker, L.; Sweetser, T.","Main Street [Route 28]; Parker Street [Bolton Street]; ""Road to South Reading"" [Ash Street]; ""Turnpike Road to Boston"" [Main Street]; Union Street; Washington Street",Auctioneer's subdivision plan showing 46 numbered lots with dimensions and sf. Shows footprint of train depot and indicates abuts Reading Village.,Newell A. Thompson (1808-1874) was a Boston-based auctioneer,,"Bancroft, James A.","E.W. Bouve, lithographer",N.A. Thompson & Co.,,1 in = 100 ft,42.52069649,-71.10313625,1,,1,27 x 20.5,Auctioneer Plan,Lithograph on backing,Buckling. Discoloration. Edge damage. Taped edges. 
Perkins_11_2,"Reading, MA",Plan of a Number of House Lots within 50 Rods of the Village of Reading and within 350 feet of the DEPOT. The land is elevated some 40 or 50 Feet above the Rail Road and is within 30 minutes by Rail Road from Haymarket Square in Boston.,1849-10-27,,,Boston & Maine Railroad,Bethesda Street [Defunct]; Chute Street; Haven Street; High Street; [Mt. Vernon Street]; Sanborn Street; Woburn Street,Auctioneer's subdivision plan showing 42 numbered lots with dimensions and sf. Shows footprint of train depot as well as miniature sketches of church and 4 other building and indicates abuts Reading Village. Decorative title block.,,,"Bancroft, James A.","Bufford, J. B. & Co., lithographer",,,1 in = 100 ft,42.52437126,-71.10841012,1,,1,24.5 x 19.5,Auctioneer Plan,Lithograph on backing,Buckling. Discoloration. Edge damage. Taped center and edges. 
Perkins_12_1_A_B,"Stoneham, MA","A Plan of Cedar Park, Stoneham, Mass. Owned by the Felspa Spring Water Co.",1915-05-05,,Felspa Spring Water Co.,"Felspa Spring Water Co.; Green, Daniel; King, W.B.; Porter, L.B.; Sturtevant; Sweetser, Sarah",Brookbridge Road; Cedarway; Cross Street; East Street; Elwood Avenue [Whipple Avenue]; Spring Street; Whipple Avenue,"2 copies of auctioneer's pamphlet for sale of lots. One side contains scaled down lot plan showing 5 blocks of lots numbered 1 through 131. Verso contains list of amenities and promotional text regarding benefits of Stoneham and the location as well buyer terms and auctioneer contact information.  Copy 12_A is badly damaged, with written annotations; copy 12_B is intact save for one taped tear.",See other plans in the collection for Cedar Park.,,"Carter, Clarence E.",,"Clark, T.E.",,1 in = 100 ft,42.48262148,-71.08220534,2,,2,10.5 x 11.5,Auctioneer Plan,Lithograph,Discoloration. Folds. Taped seams.
Perkins_12_2,"Wakefield, MA","Plan of Lots situated in Wakefield, Mass. Owned and Developed by H. Seymour Kelsey. {Park Estates, Wakefield, MA}",1916-06-01,,"Kelsey, H. Seymour","Blaikie, E.K.; Cowdry, George; Doane, N.J.; Greenough, E.M.; Greenough, Julia; Greenough, W.; Hosmer; Locke, A.T.; Nyman, R.F.; Stimpson, G.H.; Tyler, G.",Eustis Avenue; Morrison Road; Prospect Street; Sheffield Road; Strathmore Road,"Auctioneer's pamphlet containing subdivision plan with six blocks showing 67 numbered lots with dimensions and sf. Some lots list names of purchasers. Plan is encased in advertisement for Park estates with description of amenities, rationale for purchasing lots, and seller's contact information.  Verso is an advertisement for ""Building Lots at a Sacrifice"" in Wakefield, indicating that owner (Mr. Kelsey) is proprietor of Kelsey City, in Palm Beach Co., FL, who wishes to sell remaining unsold lots, via sales staff George w. Fryhofer and A.R. Birchard.","Land originally owned by George Cowdry, then by James Eustis and William Greenough.  Harry Seymour Kelsey (1879–1957) was a wealth Boston entrepreneur who participated in the Florida land boom, primarily in the Palm Beach area. He hired Olmsted Brothers to design Kelsey City, now Lake Park, FL.",,"Carter, Clarence E.",,"Kelsey, H. Seymour",,Not applicable,42.50232254,-71.08944922,1,,2,11 x 14,Auctioneer Plan,Lithograph,Discoloration. Edge damage. Folds. Taped seams.
Perkins_12_3,"Reading, MA","Revised Plan of Wedgemere Park, Reading, Mass. Belonging to Henry R. Johnson.",1911-10-01,,"Johnson, Henry R.",Bay State Street Railway,High Street; Vale Road; Vine Street; Woodard Avenue,Subdivision plan showing 45 numbered lots with dimensions and sf.  Note indicates that alterations to lots 37 to 45 inclusive were made in November 1914.,,,"Revised by Carter, Clarence E. (revision of plan by Herrick, C.R., C.E.)",,,,1 in = 40 ft,42.52778667,-71.11526263,1,,1,29 x 19.5,Survey Plan,Ink on vellum,Buckling. Discoloration. Edge damage.
Perkins_13_1,"Cambridge, MA; Somerville, MA",Plan of an Estate in Cambridge belonging to Capt Gilman Sargent,1845-03-01,,"Sargent, Gilman",Porters Hotel; train depot [Porter Square T Station],Beech Street; Elm Street; Orchard Street; Russell Street,"Subdivision plan showing 4 blocks comprising lots numbered 1 thru 62.  Lots display dimensions and sf. Adjacent lots shows footprint of schoolhouse, porters' hotel, and train depot. Penciled in note next to title indicates site is also in Somerville.","Captain Gilman Sargent acquired the Philomen Russell estate and subdivided it, creating Russell and Orchard Streets. See Perkins Survey 2_13.  https://historycambridge.org/articles/old-north-cambridge/",,"Low, John",,,105,1 in = 100 ft,42.39286296,-71.12222529,1,,1,28 x 20,Survey Plan,Ink on bond,Discoloration. Edge damage.
Perkins_13_2,"Cambridge, MA; Somerville, MA","Copied from a plan in the City Engineer's Office, Cambridge",1842-07-19,,,"Frost, George; Goodnow, Asa; Heath, Dana; Presby, James; Russell; Swain, George F.; Woodward, James;",Orchard Street; Russell Street; Tenney Court [Tenney Street],"Street layout showing two blocks of lots with dimensions and lot occupants. Dashed line indicates Cambridge/Somerville border. Penciled notes indicate see plan 105, August 1903 and ""plan completed for Conner[?} show subdivision of this land dated Aug. 18, 1903.",,,,,,113,1 in = 40 ft,42.39286296,-71.12222529,1,,1,28 x 20,Survey Plan,Ink on bond,Discoloration. Edge damage.
Perkins_13_3,"Medford, MA",Copy of Plan in Possession of Peter Tufts,(Copied 1873-11-17),,,"Miller; Minot; Myrick; Rands, Thomas; Stearns",High Street,"Subdivision plan showing multiple lots along 50 ft wide street.  Lots display dimensions and acreage (expressed in acres, rods, and poles. Some lots show occupants and building footprints. Lines indicate along river with dashed lines for ledge at bank. Penciled notes indicate this is a copy.","Location is approximate, based on historic maps of Medford.",,"Tufts, Peter, Jr. [Copied]",,,157,1 in = 10 rods (165 ft),42.41914085,-71.13528007,1,,1,28 x 20,Survey Plan,Ink on bond,Discoloration.
Perkins_13_4,"Cambridge, MA",Plan of House Lots in Cambridge - M.M. Rice - 1843,1843-08-01 (Copied 1859-12-26; 1874-03-14),,"Rice, Moses Maynard","Baldwin, J.F.; Haskins; Haven; Livermore & Hovey; Norton, Professor",48 Kirkland Street; Trowbridge Street,Subdivision plan showing 15 numbered lots spread over two blocks with dimensions and sf. Lots feature penciled notes.  Plan is affixed to mortgage deed pertaining to Willard H. Woodbury.,See Plan Perkins 8_13 for more detailed version.  Appears to be a copy of a copy.,,"Mason, W.A. & Co. (Copied by C.D.E.)",,Bouvé Sharp Lithographers,246,1 in = 40 ft,42.37764293,-71.10941334,1,,1,28 x 20,Survey Plan,Ink on bond,Discoloration. Edge damage. Tears.
Perkins_13_5,"Somerville, MA",Survey for Mr. Clarkson in Somerville.,(Copied 1874-04-09),,Clarkson,,Milk Street [Somerville Avenue],"Subdivision plan showing 2 lots with dimensions and sf.  One lot shows building footprint. Building footprint shown on adjacent lot. Note says: See C.D.E.'s Note Book 30 p. 58, also Mr. Mason's former plan, 35-37.  Lot locations expressed in polar coordinates.",Location is approximate.  ,,"Elliot, Charles Darwin (Copied)",,,275,1 in = 10 ft,42.37918522,-71.09402538,1,,1,20 x 14,Survey Plan,Ink on bond,Discoloration.
Perkins_13_6,"Somerville, MA",Plan of Land in Somerville surveyed for Theophilus Griffin.,1874-04-11,,"Griffin, Theophilus","Vinal, heirs; ",Summer Street,"Lot plan showing dimensions and sf (13,568 sf).  Note states ""These stakes not on other plans. Displays miscellaneous calculations in pencil.",,,"Elliot, Charles Darwin",,,276,1 in = 20 ft,42.3820008,-71.09784728,1,,1,20 x 14,Survey Plan,Ink on bond,Discoloration.
Perkins_13_7,"Somerville, MA",Lots in Somerville belonging to Thomas Elston.,1874-04-20,,"Elston, Thomas","Ireland, George W.",Cedar Street; Elm Street,"Subdivision plan showing 6 numbered lots with dimensions and sf. Penciled note says ""being part of (CDE's) plan No. 752.""  Contains outlines of lots 15 and 16.",,,"Elliot, Charles Darwin",,,277,1 in = 30 ft,42.38941766,-71.11425569,1,,1,20 x 14,Survey Plan,Ink on bond,Discoloration.
Perkins_13_8,"Somerville, MA",Plan of Land in Somerville made for Jonas Parker,1874-04-29,,"Parker, Jonas",,Appleton Street; Clifton Street; Morrison Street [Morrison Avenue]; Newberne Street,Subdivision plan comprising one block of 14 numbered lots showing dimensions and sf.,,,"Elliot, Charles Darwin",,,278,1 in = 20 ft,42.3964324,-71.11696141,1,,1,20 x 14,Survey Plan,Ink on bond,Discoloration.
Perkins_13_9,"Somerville, MA",Copy of Plan of Land in Somerville belonging to James Hanley,1874-01-01 (Copied),,"Hanley, James","Dwyer, Matthew; Fitchburg Railroad; Hanley, Michael",Milk Street [McGrath Highway; Somerville Avenue],Plan showing five lots with dimensions and sf and nearby railroad tracks. Notes refer to James Hanby.  See Perkins Plan#13_12.,Plan appears to be based on other plans dating between 1874 and 1901.,,Stearns & Stevenson Surveyors,,,279,1 in = 20 ft,42.37501964,-71.08414109,1,,1,20 x 14,Survey Plan,Ink on bond,Discoloration. Edge damage.
Perkins_13_10,"Somerville, MA",[Untitled - Site near Milk and Bow Streets],Not dated,,,"Hill, Ira",Bow Street; Milk Street [Somerville Avenue]; Union Square,"Barely legible plan that shows 445 sf lots; various street names, calculations, and note to use Hills Plan.","Per urban atlases, site probably is the Hill Building on Union Square, Somerville; the original building was constructed in 1874 by local developer Ira Hill.",,Not provided,,,280,Not provided,42.38040607,-71.09710369,1,,1,20 x 14,Survey Plan,Pencil on bond,Discoloration.
Perkins_13_11,"Somerville, MA",Plan of Land in Somerville Surveyed for D.J. Linwood.,1874-04-25,,"Inwood, D.J.",,Bonair Street,Subdivision plan showing 5 numbered lots with dimensions.  Contains references to other plans and notebooks and miscellaneous penciled measurements and calculations.,,,Not provided,,,281,1 in = 20 ft,42.38929044,-71.09146027,1,,1,20 x 14,Survey Plan,Ink and pencil on bond,Discoloration.
Perkins_13_12,"Somerville, MA",Copy of Plan of Land in Somerville belonging to James Hanley,1874-01-01 (Copied),,"Hanley, James","Dwyer, Matthew; Fitchburg Railroad; Hanley, James; Hanley, Michael; McDonald, ",Milk Street [McGrath Highway; Somerville Avenue],Plan showing five lots with dimensions and sf and nearby railroad tracks. Notes refer to other plans involving James Hanley.,Plan appears to be based on other plans dating between 1874 and 1901. See plan #Perkins_13_9.,,Stearns & Stevenson Surveyors,,,283,1 in = 20 ft,42.37501964,-71.08414109,1,,1,20 x 14,Survey Plan,Ink on bond,Discoloration. Edge damage.
Perkins_13_13,,Plan of Cutting done on ? And Hobart's Land by J.R. Hopkins.,Not dated,,Hobart,,,Barely legible plan showing matrix of lines labelled A through E/ 4 through 6; each module is 10' apart. No location metadata provided.,See Drawing Perkins_13_19 for variant.,,"Hopkins, J.R. (Copied)",,,284,1 in = 10 ft,,,1,,1,20 x 14,Survey Plan,Ink on bond,Discoloration.
Perkins_13_14,"Somerville, MA",[Untitled - Site on Milk],1874-08-26,,,,Milk Street [Somerville Avenue],Lot plan showing 1 lot with dimensions and sf.  Shows various reference lines and comparison of new and old lines on Milk Street after area taking.,,,,,,285,1 in = 10 ft,,,1,,1,20 x 14,Survey Plan,Ink on bond,Discoloration.
Perkins_13_15,"Somerville, MA",Plan of Land in Somerville surveyed for ________ Coffin,Not dated,,,,Lambert Street?,Lot plan showing one lot with dimensions.  Abutting land is labelled but unclear whether three of them refer to street names or property owners.,,,"Elliot, Charles Darwin",,,286,1 in = 10 ft,,,1,,1,20 x 14,Survey Plan,Ink on bond,Discoloration.
Perkins_13_16,"Somerville, MA","Land in Somerville surveyed for Walker, Bean & Wilbur.",1874-09-07 (Copied 1874-12-09),,"Walker, Bean & Wilbur; Walker, Samuel",Fitchburg Railroad,Fitchberg Street; [McGrath Highway],"Lot plan showing one lot with dimensions and sf. Contains two overlaid sets of lines and dimensions - one in red ink, the other in black - representing Elloit's and Bowkers' surveys.","Per urban atlases, Sam Walker owned oil storage sites at this location.",,"Elliot, Charles Darwin",,,287,1 in = 50 ft,42.37535412,-71.08503289,1,,1,20 x 14,Survey Plan,Ink on bond,Discoloration.
Perkins_13_17,"Somerville, MA",Land in Somerville belonging to John Birmingham.,1874-11-01,,"Birmingham, John","Fitzpatrick, John; Hawkins, estate of; Swett, Mrs.",Dane Court [Dane Avenue],Lot plan showing two lots with dimensions and sf (one lot belongs to abutter).  Lists references to other plans and surveying notebooks.,"Dane Court is listed in 19th century directories as being east of Dane Street, now is part of Dane Avenue that connects to Leland Avenue.",,"Elliot, Charles Darwin",,,288,1 in = 10 ft,42.38013094,-71.10254981,1,,1,20 x 14,Survey Plan,Ink on bond,Discoloration. Edge damage.
Perkins_13_18,"Cambridge, MA","Plan of Land on Strawberry Hill, Watertown owned by John Lowder",1860-12-04 (Copied 1874-12-14),,"Lowder, John","Watertown Branch, Fitchburg R.R.",Kirkland Street [Holworthy Street],Plan showing 3 lots with dimensions and sf. Lots outlined in red shading. Contains small table of calculations.,Is a variant of Plan No. Perkins_98_8.The Strawberry Hill area of West Cambridge was originally part of Watertown and Kirkland Street was renamed Holworthy in the 1880s. The railroad provided connections to the Fresh Pond Ice industry.,,"Mason, W.A. & Co. & W.S. Barbour",,,289,1 in = 20 ft,42.37604304,-71.14981141,1,,1,20 x 14,Survey Plan,Ink on bond,Discoloration. Edge damage. Taped.
Perkins_13_19,,Plan of Cutting done by Hopkins on Hobart's Land,Not dated,,Hobart,,,Barely legible plan showing matrix of lines labelled A through E/ 4 through 6; each module is 10' apart. Features multiple columns of calculations. No location metadata provided.,See Drawing Perkins_13_13 for variant.,,"Hopkins, J.R. (Copied)",,,290,1 in = 10 ft,,,1,,1,20 x 14.5,Survey Plan,Ink on bond,Discoloration.
Perkins_13_20,"Cambridge, MA; Somerville, MA",Copy of Peter Tufts' Plan of Millers River with Additions from Recent Surveys.,(1874-10-20),,,Fitchburg Railroad; Grand Junction Railroad,Cambridge Street; Medford Street [McGrath Highway]; Miller's River; Milk Street [Somerville Avenue],Plan showing multiple lots or property divisions along Milk Street with dimensions and field calculations.,,,"Tufts, Peter, Jr. (Copied by Elliot, Charles Darwin)",,,291,1 in = 200 ft,42.37188598,-71.07686973,1,,1,20 x 14.5,Survey Plan,Ink and pencil on bond,Discoloration. Edge damage.
Perkins_13_21,"Cambridge, MA; Somerville, MA",Plot showing the Center of the North track of Fitchburg R. R. at its intersection with Grand Junction R.R. as compared with old Milk Street Line.,Not dated,,,Fitchburg Railroad; Grand Junction Railroad,Milk Street [Somerville Avenue],Barely legible plan showing intersection of railroad lines with Milk Street {Somerville Avenue] and 1874 sidewalk line.  Includes field calculations.,,,Not provided,,,292,Not provided,42.3755251,-71.08338914,1,,1,20 x 14,Survey Plan,Pencil on bond,Discoloration. Edge damage.
Perkins_13_22,"Somerville, MA","Levels on Land belonging to John W. Vinal, Summer Street",1875-01-14,,"Vinal, John W.",,Summer Street,"Plan showing lot with dimensions and grid of red lines referencing levels. Indicates ""Bases not referred to Mean Low Water.""","Location is approximate. Vinal owned lots in this area, including on and near Vinal Street.",,Not provided,,,293,1 in = 10 ft,42.38160886,-71.1004777,1,,1,14 x 20,Survey Plan,Ink on bond,Discoloration.
Perkins_13_23,"Newton, MA; Watertown, MA",Plan of Land in Watertown surveyed for George Mayers,1875-01-01,,"Myers, George",,Boyd Street; Galen Street,Subdivision plan showing 8 lots with dimensions and sf. Ink based drawing has been overlaid with additional penciled measurements and  references to other plans.,,,"Elliot, Charles Darwin",,,294,1 in = 20 ft,42.36001026,-71.18550284,1,,1,20 x 14,Survey Plan,Ink and pencil on bond,Discoloration.
Perkins_13_24_A_B,"Somerville, MA",Land in Somerville belonging to John Mullay.,1874-10-27,,"Mullay, John",,Cross Street; 48-50 Oliver Street,"2 copies of lot plan showing 10,243 sf lot with dimensions and locations of stakes and fences.  Notations indicate abutting lots ""By Wadsworth"" and that the plan is an office copy. Plan shows two outlines of lot borders, one in black in, the other in red.  Includes misc. table of calculations.","Based on notations and references in Middlesex Registry of Deeds, the plan may be a copy of one done by Alex Wadsworth.",,Not provided,,,295,1 in = 20 ft,42.38382854,-71.08801062,2,,1,20 x 14,Survey Plan,Ink on bond,Discoloration.
Perkins_13_25,"Somerville, MA",Survey of Lots on William Avenue ,1874-10-11,,"Vinal, John W.",,Appleton Street; Morrison Street; Willow Avenue,Subdivision plan showing five lots straddling two blocks with dimensions and sf and partial outline of abutter's house.,The Vinals were major landowners in 19th-century Somerville; see other plans in the collection.,,"Elliot, Charles Darwin",,,296,1 in = 20 ft,42.39575426,-71.11584837,1,,1,20 x 14.5,Survey Plan,Ink on bond,Discoloration.
Perkins_13_26,"Somerville, MA",Plan of Land in Somerville,1866-05-01,,,Anderson; Underhill; Wheeler; Woodcock; Wyman,Cambridge Street [Washington Street]; Mount Vernon Street; Pearl Street; Pinckney Street,Subdivision plan showing 27 numbered lots straddling two blocks with sf and dimensions.,,,"Wadsworth, Alexander",,,298,1 in = 60 ft,42.38297009,-71.08128197,1,,1,20 x 14,Survey Plan,Ink on bond,Discoloration.
Perkins_13_27,"Somerville, MA",Survey for A. Frank Carpenter,1874-08-07,,"Carpenter, Frank",,Milk Street [Somerville Avenue]; Park Street,Barely legible plan showing corner lot with dimensions and sf. Refers envelope for A. Frank Carpenter dtd. April 1904.,,,Not provided,,,300,1 in = 10 ft,42.38310482,-71.10660065,1,,1,14 x 20,Survey Plan,Ink on bond,Discoloration.
Perkins_13_28,"Somerville, MA",Survey in Somerville for Richard H. Sturtevant,1873-11-03,,"Sturtevant, Richard H.","Greldowski; Hill, Ira; Munroe, Mrs. N.T.; Sanborn, Robert",Columbus Avenue [Highland Street]; Walnut Street,"Lot plan showing 22,251 sf lot with dimensions and stake locations.  Dashed lines indicated proposed continuation of Columbus Avenue through to Walnut Street; the Avenue is noted as being ""Highland Street on City Map""0.",Abutter Ira Hill was major 19th-century Somerville realtor and influential in the development of Union Square.,,"Elliot, Charles Darwin",,,302,1 in = 20 ft,42.38510072,-71.09445455,1,,1,20 x 14,Survey Plan,Ink on bond,Discoloration. Edge damage.
Perkins_13_29,"Somerville, MA",Estate in Somerville belonging to G.A. & A.L. Sanborn,1873-09-23,,"Sanborn, Anne Sarah","Davis; Dodge, Seward; Ryder, G.W.; Vinal, Mary E.",Union Square,"Lot plan showing 7,135 sf lot with dimensions and footprint of building on abutting lot.",The Sanborn family was a leading builder in 19th-century Somerville.,,"Elliot, Charles Darwin",,,303,1 in = 8 ft,42.37957803,-71.09571653,1,,1,20 x 14,Survey Plan,Ink on bond,Discoloration. Edge damage.
Perkins_13_30,"Somerville, MA",Land in Somerville owned by John Runey,1873-08-11,,"Runey, John",,Cross Street,"Lot plan showing 2,442 sf lot with dimensions.","John Runey owned an earthenware pottery manufacturing facility at this site. Per Middlesex Registry, Charles D. Elliott did a 1882 survey for Runey's heirs of Cross Street lot.",,Not provided,,,304,1 in = 5 ft,42.38458953,-71.08898539,1,,1,20 x 14,Survey Plan,Ink on bond,Buckling. Discoloration. Edge damage.
Perkins_13_31,"Somerville, MA","Subdivision of Lot 27, Quincy St., Somerville belonging to J.D. Hills.  See plan of lots belonging to ""the"" heirs of Robert Vinal.",1873-01-01,,"Vinal, Robert Aldersey",,Quincy Street,"Plan showing two lots with dimensions and sf as well as notations referencing various notebooks. Note states to ""send Mr. Hills a copy on tracing cloth.""",The Vinal family owned various lots on this street.,,"Elliot, Charles Darwin",,,305,1 in = 10 ft,42.38325661,-71.10043558,1,,1,14 x 20,Survey Plan,Ink on bond,Discoloration.
Perkins_13_32,"Somerville, MA",Land in Somerville surveyed for Rice,1873-04-19,,Rice,,Concord Avenue; 67 - 69 Springfield Street,"Plan showing two lots with dimensions and sf. Drawing base is in ink, additional sf and dimensions in pencil. Penciled note indicates duplicate.",,,"Elliot, Charles Darwin",,,307,1 in = 8 ft,42.37642574,-71.09938849,1,,1,10 x 14,Survey Plan,Ink and pencil on trace,"Discoloration. Edge damage. Missing pieces, Tears."
Perkins_13_33,"Somerville, MA",Land in Somerville surveyed for Rice,1873-04-19,,Rice,,Concord Avenue; 67 - 69 Springfield Street,"Plan showing two lots with dimensions and sf. Drawing base is in ink, additional sf and dimensions in pencil. Is variant on Plan #Perkins_13_33, contains tables of calculations and revised sf.",,,"Elliot, Charles Darwin",,,307,1 in = 8 ft,42.37642574,-71.09938849,1,,1,10 x 14,Survey Plan,Ink and pencil on bond,Discoloration. Edge damage.
Perkins_13_34,"Somerville, MA",R. Vinal's Land,(Copied 1873-08-18),,"Vinal, Robert Aldersey",Fitchburg Railroad,Court Street [Kingman Street; Kingman Road]; Washington Street; Webster Avenue,Plan showing one block comprising 13 lots with dimensions. Is copy of Plan #Perkins_13_35.,,,"Mason, W.A. & Co. (Copied by Schubarth, Albert)",,,306,1 in = 40 ft,42.37942461,-71.09657642,1,,1,20 x 14,Survey Plan,Ink on bond,Discoloration.
Perkins_13_35,"Somerville, MA",R. Vinal's Land,Not dated,,"Vinal, Robert Aldersey",Fitchburg Railroad,Court Street [Kingman Street; Kingman Road]; Washington Street; Webster Avenue,Plan showing one block comprising 13 lots with dimensions.,,,"Mason, W.A. & Co.",,,308,1 in = 40 ft,42.37942461,-71.09657642,1,,1,20 x 14,Survey Plan,Ink on bond,Discoloration.
Perkins_13_36,"Somerville, MA",Plan of Land in Somerville surveyed for R.A. Vinal,1870-09-29,,"Vinal, Robert Aldersey",,Milk Street [Somerville Avenue]; Union Square; Washington Street,"Plan showing two lots.  One is outlined with dashes with note indicating ""sold to the town"" with sf indicated by deed. The other shows dimensions, sf, and footprint of house.",,,"Mason, W.A. & Co.",,,309,1 in = 10 ft,42.37977997,-71.09649216,1,,1,20 x 14,Survey Plan,Ink on bond,Discoloration.
Perkins_13_37,"Somerville, MA",Plan of Land in Somerville belonging to R. Vinal of Somerville,(Copied 1873-08-19),,"Vinal, Robert Aldersey",Fitchburg Railroad,Medford Street,"Plan showing four lots with dimensions and sf. One lot has corner crossed by Fitchburg Railroad. Street name is listed as ""Medford Street or Webster Avenue.""",Location is approximate.  Vinal owned property on Webster near the railroad lines.,,"Mason, W.A. & Co.",,,310,1 in = 20 ft,42.37819311,-71.0958189,1,,1,20 x 14,Survey Plan,Ink on bond,Discoloration.
Perkins_13_38,"Somerville, MA",[Untitled - Heirs of G.C. Hawkins to D.A. Sanborn],1846-12-11 (Copied 1873-08-14),,"Hawkins, G.C.; Sanborn, David Augustus",Fitchburg Railroad,Brickyard Lane [Newton Street]; Prospect Street,"Plan showing three lots with sf and footprints of a ""double house"" and a carpentry building. Note indicates ""blue line accord with deed.""",See Plan Perkins 13-50 for related plan.,,(Copied),,,311,1 in = 20 ft,42.37834601,-71.09481537,1,,1,20 x 14,Survey Plan,Ink on bond,Discoloration. Edge damage.
Perkins_13_39,"Somerville, MA",Plan of the late John Runey's Land in Somerville,1848-01-01 (Copied 1873-08-12),,"Runey, John","Adams, Charles and Eliza; Boston and Lowell Railroad; Gilman, C.E.; Mann, Emmeline and Jarius; Monroe, Benjamin B. and Hannah; Runey, Horace; Tufts, Charles",Cross Street; [Gilman Street],Plan showing 6 numbered lots with dimensions and sf (shown in rods and links). Lots show names of other parties involved in land conveyances. Base plan in ink with additional notes and measurements.,,,"Sparrell, John",,,312,1 in = 66 ft,42.38458953,-71.08898539,1,,1,20 x 14,Survey Plan,Ink on bond,Discoloration.
Perkins_13_40,"Somerville, MA",Plan of Land belonging to Joseph Clark of Somerville,(Copied 1873-08-18),,"Clark, Joseph",Fitchburg Railroad,Milk Street [Somerville Avenue],"Subdivision plan showing 6 lots with dimensions and sf. Verso displays in decorative typescript the names of Adams, J.B.; Atkins, Elisha; Endicott, Alex",,,(Copied),,,314,1 in = 40 ft,42.38439741,-71.11190303,1,,1,20 x 14,Survey Plan,Ink on bond,Discoloration.
Perkins_13_41,"Somerville, MA",[Untitled - Surveyed for George Brastow],1843-01-01,,"Brastow, George O.",,Highland Avenue; Range Way [Madison Street]; School Street,Subdivision plan showing 18 numbered lots with dimensions and sf. Penciled notes contain miscellaneous field calculations and note that Range Way was formerly Barbery Lane (1878) now enclosed with lots.,Brastow was Somerville's first mayor and developer of the Spring Hill section of the city. Surveyors Felton & Parker were major surveyors in Somerville and Charleston in the 1840s.,,"Parker, G.A., Felton and Parker",,,315,1 in = 40 ft,42.38686759,-71.09877239,1,,1,20.5 x 14,Survey Plan,Ink and pencil on bond,Discoloration.
Perkins_13_42,"Somerville, MA",Plan of Estate in Somerville belonging to Charles E. Lincoln. No. 232.,1861-10-12,,"Lincoln, Charles E.","Dodge, Seward; Sanborn, G.A. and A.L.; Vinal, R;",Webster Avenue,"Plan showing two lots with sf and dimensions. One lot displays building footprint with walls dimensions and fence, brick wall, and creek are notated.",,,"Elliot, Charles Darwin",,,316,1 in = 10 ft,42.37918091,-71.0961368,1,,1,20 x 14,Survey Plan,Ink on bond,Discoloration.
Perkins_13_43,"Somerville, MA",Land in Somerville belonging to the house of Joshua Littlefield.,1854-12-1,,"Littlefield, Joshua",Belmont; Hadley; Oliver,Franklin Street,"Plan showing two non-contiguous lots with dimensions, sf, and footprint of house and barn.",,,"Whitney, J?",,,319,1 in = 25 ft,42.38158189,-71.08643965,1,,1,20 x 14,Survey Plan,Ink on bond,Discoloration.
Perkins_13_44,"Somerville, MA",Lot surveyed for J. Clark,1872-07-03,,"Clark, Joseph",Fitchburg Railroad,Clark Street,"Lot plan showing 5,517 sf lot with dimensions and front and rear property lines highlighted in red pen; center line of adjacent railroad track in dashed red line.",,,Not provided,,,318,1 in =10  ft,42.37784961,-71.096817,1,,1,20 x 14,Survey Plan,Ink on bond,Discoloration. Edge damage. Taped tear.
Perkins_13_45,"Somerville, MA",Land in Somerville belonging to Edson & Wheeler.,1871-09-12,,Edson & Wheeler,,,Plan showing two lots with sf and dimensions. Also shows triangulation lines. ,Location inferred from 19th century directories and other sources; see plan #Perkins 13-74. Edson & Wheeler were merchants with a building at Somerville Avenue and Spring Street.,,Not provided,,,319,1 in = 20 ft,42.38389926,-71.10950372,1,,1,14 x 20,Survey Plan,Ink on bond,Discoloration.
Perkins_13_46,"Somerville, MA",(Copy) Plan of Land in Somerville owned by D Bryant,1857-07-01 (Copied 1860-07-13),,"Bryant, D","Dimick; Griffin, Walter; Merrill;",Beacon Street; Taggard Court [Beacon Place],Subdivision plan showing 8 numbered lots with dimensions and sf. Indicates is a copy and references a J.A. Bent plan of August 1900. Displays miscellaneous field calculations.,,,"Mason, W.A. & Co. (Copied by Elliot, Charles D.)",,,320,1 in = 20 ft,42.37751795,-71.10523926,1,,1,20 X 14,Survey Plan,Ink on bond,Discoloration. Edge damage.
Perkins_13_47,"Somerville, MA",[Untitled - Lots at Milk Street between Quincy and School Streets],1873-11-29,,,,Milk Street [411 thru 433 Somerville Avenue]; Quincy Street; School Street,Subdivision plan showing 9 numbered lots with dimensions and sf. Additional calculations and measurements. No owner listed.,,,"Elliot, Charles Darwin",,,321,1 in = 20 ft,42.38196931,-71.10165644,1,,1,20 x 14,Survey Plan,Ink and pencil on bond,Discoloration.
Perkins_13_48,"Somerville, MA","Redivision of Lots 53 & 54 (O'Brien's land, Somerville, for Aaron Chase, Jr.).",1873-06-03 (Revised 1873-06-17),,"Chase, Arron; O'Brien",,Houghton Street; Springfield Street,Subdivision plan showing two lots with sf and dimensions. Contains both black and red lines with note indicating that property lines were changed according to O'Brien's directions. Features miscellanous penciled corrections and calculations.,,,"Elliot, Charles Darwin",,,322,1 in 8 ft,42.3752229,-71.09998639,1,,1,14 x 20.5,Survey Plan,Ink and pencil on bond,Discoloration.
Perkins_13_49,"Somerville, MA",Plan of Land in Somerville belonging to John Runey,1848-01-01 (Copied 1873-08-11),,"Runey, John","Gilman, C.E.; Tufts, Charles",Cross Street,Lot plan showing 3 lots with dimensions and sf (shown in rods and links). Center of ditch is referenced.,See related plans for John Runey.,,"Sparrell, John",,,323,1 in = 66 ft,42.38458953,-71.08898539,1,,1,14 x 19.5,Survey Plan,Ink on bond,Discoloration.
Perkins_13_50,"Somerville, MA","[Untitled - Lot between Prospect Street and ""Brick Yard Lane.""}",1873-08-13 (1873-09-16),,"Hawkins, G.C.; Sanborn, David Augustus",Fitchburg Railroad,Brickyard Lane [Newton Street]; Prospect Street,"Plan showing 19,081 lot with dimensions. Note indicates ""line by deed from Hawkins heirs to Sanborn 1846.""",See Plan Perkins 13-38 for related plan.,,"Elliot, Charles Darwin (Copied)",,,325,1 in = 20 ft,42.37834601,-71.09481537,1,,1,20 x 14,Survey Plan,Ink on bond,Discoloration. Edge damage.
Perkins_13_51,"Somerville, MA",Plan of Estate in Somerville belonging to Freedom Adams showing change to in grade of lot caused by lowering Highland Avenue.,1873-12-06,,Freeborn Adams,,119 Highland Avenue,"Drawing showing lot plan and two elevations of property along Highland Avenue. Plan shows footprint of house, piazza, and sidewalk; elevations show line of driveway, sidewalk, and street and location of ""old surface"" of street.  Elevation base taken off of ""low tide.""  Some notations are in red ink.",,,"Elliot, Charles Darwin",,,328,Horiz: 1 in = 20 ft; Vert: 1 in = 5 ft,42.38747326,-71.10033488,1,,1,20 x 14,Survey Plan,Ink on bond,Discoloration.
Perkins_13_52,"Somerville, MA",Plan of a Estate in Somerville owned by Amos Haynes,1872-07-01,,"Haynes, Amos",,Mount Vernon Street; 91 Perkins Street,"Lot plan showing 13,211 sf lot with dimensions. Lot is shown as abutting Union Square and plan contains additional penciled notes.",Perkins was a prominent 19th-century vinegar dealer.,,"Elliot, Charles Darwin",,,329,1 in = 20 ft,42.38487405,-71.08011417,1,,1,20 x 14,Survey Plan,Ink on bond,Discoloration.
Perkins_13_53,"Somerville, MA","Andrew J. Evans Estate, Somerville",1873-10-01,,"Evans, Andrew J.","McCarren, M.J.; Sullivan, James",Linwood Street,"Lot plan showing 6,625 sf lot with dimensions, partial footprint of dwelling, and other markers. Contains multiple sets of annotations in either pencil or red ink as well as references to deeds and a plan furnished by Judge Wentworth for Mrs. Randall.",,,"Elliot, Charles Darwin",,,331,1 in = 10 ft,42.37838652,-71.08804181,1,,1,20 x 14,Survey Plan,Ink on bond,Discoloration.
Perkins_13_54,"Somerville, MA",Land in Somerville belonging to Mrs. Hayden,1873-12-26,,"Hayden, Priscilla","Dugan, John; Hollander, Jacob; Osgood, H.D.",Boston Street,"Lot plan showing 10,515 sf lot with dimensions and footprint of a house.  Contains two sets of dimensions, in different colored inks.",,,"Elliot, Charles Darwin",,,332,1 in = 10 ft,42.38097973,-71.09082038,1,,1,14 x 20,Survey Plan,Ink on bond,Discoloration.
Perkins_13_55,"Somerville, MA",Plan of Land in Somerville,Not dated,,"Clark, Joseph",Hawkins,Clark Street,"Lot plan showing 4,001 sf triangular lot with dimensions and degrees. Lacks metadata regarding date and surveyor; probably done in conjunction with Plan #Perkins 13-56.",,,Not provided,,,333,1 in = 20 ft,42.37784961,-71.096817,1,,1,20 x 14,Survey Plan,Ink on bond,Discoloration.
Perkins_13_56,"Somerville, MA",Land in Somerville surveyed for ________,1875-12-27,,,"Clark, Joseph",Clark Street,Lot plan showing two lots comprising triangular shape with dimensions and sf and footprint of building straddling both lots. Data provided in both red and black inks. Probably done in conjunction with Perkins Plan #13-55.  Space in title block for owner/client is blank.,,,"Elliot, Charles Darwin",,,334,1 in = 8 ft,42.37784961,-71.096817,1,,1,20 x 13.5,Survey Plan,Ink on bond,Discoloration.
Perkins_13_57,"Somerville, MA","Estate of John N. White, Somerville",1872-10-02,,"White, John N. , estate of","Dodge, Edward ",Milk Street [Somerville Avenue]; Prospect Street,"Plan showing two lots, one of which is part of larger lot, with sf and dimensions. Note indicates larger portion is leased to Dodge.  Additional notes refer to plans dated 1901 and 1903.",,,"Elliot, Charles Darwin",,,335,1 in = 8 ft,42.37933274,-71.09423441,1,,1,14 x 20,Survey Plan,Ink on bond,Discoloration. Edge damage. Tear.
Perkins_13_58,"Somerville, MA","Curve on E. Thayer's Land, Broadway and Holland Street.",Not dated,,"Thayer, Edward F.",,Broadway; Holland Street,Sketch showing outline of triangular space outlined by curve and tangent lines with dimensions.  Includes extensive sets of tabular calculations.,,,Not provided,,,336,1 in = 10 ft,42.40290763,-71.12681857,1,,1,20 x 14,Survey Plan,Ink and pencil on bond,Discoloration. Edge damage. Tears.
Perkins_13_59,"Arlington, MA",Plan of Land in Arlington owned by Nathan L. Stone,Not dated,,"Stone, Nathan L.",,Arlington Avenue [Massachusetts Avenue]; Highland Street,"Lot plan showing 34,296 sf lot with dimensions. Note indicates owner also owned abutting lot.",Arlington Avenue was renamed Massachusetts Avenue in the early 1890s.,,Not provided,,,337,1 in = 20 ft,42.41769576,-71.16501535,1,,1,20 x 14,Survey Plan,Ink on bond,Discoloration. Edge damage.
Perkins_13_60,"Somerville, MA",Plan of R. A. Vinal's Land,Not dated,,"Vinal, Robert Aldersey",Fitchburg Railroad,Kingman Road; Washington Street; Webster Avenue,Plan showing subdivision with 16 lots with dimensions and sf. Shows boundary of what became Kingman Court [later Kingman Road],See other plans in the collection done for the Vinal family.  The Middlesex Registry of Deeds indicates that Mason did a survey in 1852 for St. Joseph's school; one of the lots on the plan is the site of St. Joseph Catholic Church.,,"Mason, W.A. & Co.",,,338,1 in = 40 ft,42.37942461,-71.09657642,1,,1,20 x 14,Survey Plan,Ink on bond,Discoloration.
Perkins_13_61,"Somerville, MA",Plan of Ira Hill's Land,1872-04-01,,"Hill, Ira",,Highland Avenue; Thorp Place [Thorp Street]; Walnut Street,"Plan showing subdivision with 11 lots with dimensions. Small table of dimensions in pencil. Note says ""See E. Chat. Drauet [sp?] env. Aug. 4, 1903.""",The Middlesex Registry of Deeds indicates that Mason did a survey of lots in 1870 for Ira Hill and others.,,Not provided,,,339,1 in = 20 ft,42.38488671,-71.0938967,1,,1,20 x 14,Survey Plan,Ink on bond,Discoloration.
Perkins_13_62,"Cambridge, MA; Watertown, MA",Lot 409 - Cambridge Cemetery - for Mr. Peters,1870-12-23,,Greenleaf; Peters,Mount Auburn Cemetery,Indian Ridge Path,"Plan, elevations and details of what appears to be an stepped entry to a burial area.  ",Cemetery appears to be mislabeled; the location probably is Lot 409 on Indian Ridge Path in Mount Auburn Cemetery; the lot is owned by the Greenleaf family and Mary Wiggin Greenleaf died a year before the sketch was drawn.,,Not provided,,,340,Not provided,42.3726428,-71.14195221,1,,1,20.5 x 14,Architectural Drawing,Pencil on manila,Discoloration. Edge damage.
Perkins_13_63,"Somerville, MA",Profile of Houghton Street for John O'Brien,Not dated,,"O'Brien, John",,Bolton Street; Houghton Street; Oak Street; Springfield Street,"Preliminary sketch showing elevations and layout of a section of Houghton Street. One note questions whether elevations are readings or ""actual heights""; the other note indicate where grade is established.",,,Not provided,,,341,Horiz: 1 in = 30 ft; Vert: 1 in = 3 ft,42.3752229,-71.09998639,1,,1,20 x 14,Survey Plan,Ink and pencil on bond,Discoloration.
Perkins_13_64,"Somerville, MA","Plan of Robert Sanborn's Land on Walnut Street, Somerville",Not dated,,"Sanborn, Robert",,Bow Street; Walnut Street,"Preliminary sketch showing what appears to be a subdivision plan with dimensions and sf. Contains penciled notes of additional information to be found, references to notebooks and other documents, and calculation tables.",,,Not provided,,,342,Not provided,42.38132843,-71.09711536,1,,1,20 x 14,Survey Plan,Pencil on bond,Discoloration. Edge damage.
Perkins_13_65,"Somerville, MA",Plan of Land belonging to G.W. Ireland,1873-10-28,,"Ireland, George W.",,Prescott Street; Summer Street,"Preliminary sketch showing 12,413 sf lot. Contains miscellaneous notes and calculations.","Ireland owned a large estate at School and Summer Streets, which began to be divided in the 1870s.",,"Elliot, Charles Darwin",,,343,1 in = 40 ft,42.38389865,-71.09978764,1,,1,20 x 14,Survey Plan,Pencil on bond,Discoloration. Edge damage.
Perkins_13_66,"Somerville, MA",Estate in Somerville for Robert Sanborn,1873-07-01,,"Sanborn, Robert","Monroe, Mrs.",Bow Street; Highland Street [Columbus Avenue]; Walnut Street; Warren Avenue,"Preliminary sketch showing 155,760 sf (3.57 acre) lot with dimensions and which abuts smaller adjacent lots. References field notebooks.",,,"Elliot, Charles Darwin",,,344,1 in = 50 ft,42.38132843,-71.09711536,1,,1,20 x 14,Survey Plan,Pencil on bond,Discoloration. Edge damage.
Perkins_13_67,"Somerville, MA",Lots surveyed for Col. Meacham,1871-01-01,,"Meacham, George A.",,Cherry Street; Summer Street,"Preliminary sketch of 3 lots at street intersection with dimensions and sf.  Contains misc notes, references, and calculations.",Meacham was a prominent real estate agent in 19th-century Somerville and owned lots of land around Elm Street.,,,,,345,1 in = 30 ft,42.39140947,-71.11502932,1,,1,14 x 20,Survey Plan,Pencil on bond,Discoloration. Edge damage.
Perkins_13_68,"Arlington, MA","Sections of Mill Street, Arlington",Not dated,,,,Mill Street,Preliminary street layout showing sides of streets with various cross lines.,,,"Elliot, Charles Darwin; Grant, M.G.",,,346,Not provided,42.41763199,-71.15773203,1,,1,14 x 20,Survey Plan,Pencil on bond,Discoloration.
Perkins_13_69,"Somerville, MA",Sewer in Mt. Benedict Street,1871-07-01,,,,Benedict Street,Preliminary sketch showing path of sewer line along street with adjacent property lot lines shown.,"Per Somerville Annual reports, sewer line was laid c. 1878,",,Not provided,,,347,Not provided,42.3873098,-71.07980647,1,,1,14 x 20,Survey Plan,Pencil on bond,Discoloration.
Perkins_13_70,"Somerville, MA","Plan of part of Teele Estate, Somerville",Not dated,,"Teele, estate of",,Broadway; Curtis,"Preliminary sketch showing 133,620 sf lot with dimensions. Note says ""Ink in figures.""","The Teele family owned a large farm at what is now Teele Square.  In the 1860s, the family sold part of the property to Tufts University.",,Not provided,,,34?,1 in = 50 ft,42.4031729,-71.12707089,1,,1,20 x 14,Survey Plan,Pencil on bond,Discoloration.
Perkins_13_71,"Somerville, MA",Plan of Land owned by Town of Somerville,1861-01-01,,"Somerville, Town of",,Medford Street,Preliminary Lot plan showing outline of lot. No other information provided.,Location approximate. ,,Elliot & Ames,,,351,1 in = 10 ft,42.39729533,-71.10432477,1,,1,20 x 14,Survey Plan,Ink on bond,Discoloration. Edge damage.
Perkins_13_72,"Somerville, MA","Plan of eligible building lots in Somerville belonging to the heirs of S.C. Bradshaw to be sold at auction on Tuesday, Oct. 22, 1867 at 10 A.M. by Sam'l A. Walker, Auctioneer",1867-10-08 (Copied 1868-06-24),1867-10-22,"Bradshaw, S.C., estate",Boston & Lowell Railroad,Joy Street; Milk Row [Washington Street],Copy of auctioneer's subdivision plan showing two blocks of approximately 40 lots with dimensions and sf.  Seven lots showing building footprints and blocks are crossed by a drain from Milk Street.  Abuts railroad and Somerville Station.,Additional note states that Washington Street was formerly Milk Row.,,"Elliot, Charles Darwin (Copied by Scranton, W.C.)",,,373,1 in = 50 ft,42.38057992,-71.08854056,1,,1,20 x 14,Auctioneer Plan,Ink on bond,Discoloration.
Perkins_13_73,"Somerville, MA","Plan showing alteration in the lines of lots Nos. 60, 61, 62 & 63 shown on a ""Plan of lots in Somerville surveyed for John O'Briend & C. May 8 1872""",1872-05-08 (Copied 1873-11-07),,"O'Brien, John",,Springfield Street,Subdivision plan showing lots #60 thru 63 with dimensions and sf.,,,"Elliot, Charles Darwin",,,675,1 in = 20 ft,42.3742123,-71.10051748,1,,1,17 x 12,Survey Plan,Ink on vellum,Discoloration. Edge damage.
Perkins_13_74,"Somerville, MA",Land in Somerville belonging to Edson & Wheeler,1871-05-29,,Edson & Wheeler,,Lowell Street; Summer Street,"Lot plan showing one 156,551 sf lot with dimensions and various location markers.  Lot outlined in red. Note says blue dotted lines indicate outline of Spring estate.",Edson & Wheeler were merchants with a building at Somerville Avenue and Spring Street.,,"Elliot, Charles Darwin; Mason, W.A. & Co.",,,677,1 in = 50 ft,42.38807099,-71.10969358,1,,1,18.5 x 13,Survey Plan,Ink on bond with linen backing,Discoloration. Edge damage.
Perkins_13_75,"Somerville, MA",Land in Somerville belonging to A. L. Sanborn,1875-11-15,,"Sanborn, Albert L.","Orjales, Hannah; Somerville Police Station; Terry, Patrick",Somerville Avenue,"Plan showing 4 numbered lots with dimensions and sf. 3 lots show building outlines. Some text and boundary lines and hatching done in red pencil. Contains penciled notes, table of figures, and references to other sources; one note indicates corrected plan done in 1877, also refers to plans done in 1906.","Per Somerville Directories and urban atlases, Albert Sanborn ran a livery and stabling service at this block.",,"Elliot, Charles Darwin",,,883,1 in = 20 ft,42.38086644,-71.09832276,1,,1,20 x 13.5,Survey Plan,Ink and pencil on bond,Discoloration. Edge damage. Torn edge.
Perkins_13_76,"Somerville, MA",Land in Somerville surveyed for W.A. Whitney,1875-06-13,,"Whitney, William A.",Fitchburg Railroad,Beacon Street; Somerville Avenue,Subdivision plan showing 7 numbered lots with dimensions and sf and abutting railroad tracks. Includes pencilled notations.,"Whitney was a druggist and real estate developer known for building Italianate houses and developed houses on this block for commuters, on land purchased from the adjacent railroad.",,"Elliot, Charles Darwin",,,884,1 in = 20 ft,42.38651708,-71.11592196,1,,1,20 x 14,Survey Plan,Ink and pencil on bond,Discoloration. Edge damage.
Perkins_13_77,"Somerville, MA",Sketch of Land in Somerville showing proposed change of line between Clark Bennett & Chauncey Holt.,1875-12-10,,"Bennett, Clark; Berrill, Patrick; Holt, Chauncey",,257 Broadway; Chauncey Street [Fellsway West]; Wheatland Street,"Plan showing three lots with dimensions and sf. Red ink notations indicate ""with alterations Mar. 10 1876."" Inlcudes penciled calculation tables.",,,"Elliot, Charles Darwin",,,885,1 in = 40 ft,42.3910543,-71.09066833,1,,1,20 x 14,Survey Plan,Ink and pencil on bond,Discoloration. Edge damage.
Perkins_13_78,"Somerville, MA",Plan of Land in Somerville belonging to the Heirs of Ebenezer F. Cutter,1860-03-16 (Copied 1875-09-29),,"Cutter, Ebenezer F.","Cutter, Fitch; Tufts, Nathan, Jr.",Broadway; Lincoln Street,Subdivision plan showing 9 lots with dimensions and sf. The largest lot shows building footprint. Subtitled indicates copied from plan at So. Middlesex Registry.,,,"Runey, George L. (Copied by A.J.)",,,886,1 in = 20 ft,42.3867147,-71.08108946,1,,1,20 x 14,Survey Plan,Ink on bond,Discoloration.
Perkins_13_79,"Somerville, MA",Plan of Land in Somerville belonging to Edward Cutter,1849-07-24 (Copied 1875-09-29),,"Cutter, Edward","Hollis, Charles",Cutter Street; Franklin Street; Glen Street; Lime Street [Webster Street]; Winter Street [Broadway],Subdivision plan showing two blocks comprising 51 numbered lots with dimensions and sf.  Note refers to Mrs. J.M. Kimball's 1902 surveys.,,,"Wadsworth, Alexander (Copied)",,,887,1 in = 50 ft,42.38636147,-71.08412062,1,,1,20 x 14,Survey Plan,Ink on bond,Discoloration. Edge damage.
Perkins_13_80,"Somerville, MA","Plan of Land in Somerville belonging to the heirs of the late Edward Cutter, deceased, to be sold by Public Auction, on Thursday, June 16th, 1870 at 5 o'clock P.M. on the premises.",1870-06-06,1870-06-16,"Cutter, Edward, heirs; Edgerly; Hadley; Littlefield",,Broadway; Cross Street,Auctioneer's subdivision plan showing 6 numbered lots with dimensions and sf. 5 lots contained penciled-in names.,,,David Granger & Sons.,,N.A. Thompson & Co.,955,1 in = 50 ft,42.38859613,-71.08633076,1,,1,23 x 15.5,Auctioneer Plan,Ink on vellum,Discoloration. Edge damage. Torn edge.
Perkins_13_81,"Somerville, MA",Plan of House Lots in Somerville belonging to William Jacques.,1871-01-01,,"Jaques, William","Jaques, A.E.",Derby Street; Grant Street; Mystic Avenue; Sewell Street; Temple Street; Walnut Street [Wheatland Street],Subdivision or auctioneer's plan showing six blocks comprising 114 numbered lots with dimensions and sf. Most lot numbers are drawn in red ink. Contains notes and calculations in ink and pencil.,The Jaques family owned Ten Hills Farm and a brick and clay business.,,"Horne, L.R.",,,995,1 in = 100 ft,42.39343366,-71.08937711,1,,1,16 x 12,Survey Plan,Ink on vellum,Discoloration.
Perkins_13_82,"Somerville, MA",Plan of Allen Street,1875-01-01 (Copied 1876-01-29),,"Allen, Benjimin F.; Brooks, Stephen P.; Cassidy, Patrick; Devine, Michael; Doherty, Honora; Farrell, Patrick; French, George P.  Kerrigen, James; Mahoney, Mary; Maloy, John; McDermott, Michael; McKenna, John; McLaughlin, Owen; McVey, James P.; MecKeon, Darby; Sweeny, John; Thomsen, Frederick; Wellington & Hunnewell",Fitchburg Railroad,Allen Street; Somerville Avenue,"Street layout showing two blocks of lots with dimensions, sf, lot occupants, and survey reference points. Contains list of related plans and notebooks. One side is bordered by Miller's River.",,,"Elliot, Charles Darwin (Copied)",,,997,1 in = 40 ft,42.37864773,-71.09312877,1,,1,20.5 x 16,Survey Plan,Ink on vellum,Discoloration. Edge damage. Torn edge.
Perkins_13_83,"Somerville, MA","Plan of Levels taken Dec. 11, 1875 & May 15, 1876 showing amount of fillings done by John P. Pritchard on a lot near East of Walnut Street on South side of Broadway.",1876-06-01,,,Waltham Bank,Broadway; Walnut Street,"Plan showing grid of filling levels done on two different dates; one set is in black ink, the other in red. Contains references to notebook. Note on verso states  ""____ Well House A.W.N.""",Pritchard served as Somerville's commissioner of city streets.,,"Elliot, Charles Darwin",,,1004,1 in = 10 ft,42.39057299,-71.09074029,1,,1,20 x 14,Engineering Drawing,Ink on bond,Crease. Discoloration. 
Perkins_13_84,"Cambridge, MA",Plan of Lots in Cambridgeport owned by Henry Vandine.,1876-06-09,,"Vandine, Henry",,Seckel Street; Webster Avenue,"Subdivision plan showing 8 lots with dimensions, surveying references, and sf. Each lot shows footprint of half of a double-house with front steps and bow-front facades.  Contains references to other plans and notebooks.",,,"Elliot, Charles Darwin",,,1005,1 in = 10 ft,42.36973305,-71.09346238,1,,1,14 x 20,Survey Plan,Ink on bond,Discoloration.
Perkins_13_85,"Somerville, MA",Plan of Estate in Somerville belonging to Lambert M. Maynard,1876-06-19,,"Maynard, Lambert M.","Long, James",Highland Avenue,"Lot plan showing 5,466 sf lot with dimensions and various boundary and fence lines in both black and red ink.  Lines reference Doane's Plan of '78 and ""Richardson's survey 1860-61.""",,,"Elliot, Charles Darwin",,,1006,1 in = 10 ft,42.38667233,-71.09869282,1,,1,20 x 14,Survey Plan,Ink on bond,Discoloration. Edge damage.
Perkins_13_86,"Somerville, MA",Estate in Somerville belonging to E.D. Conant.,1876-07-01,,"Conant, Ezra D.",,Florence Street; 46 Pearl Street,Plan showing 3 lots with sf and dimensions with two building footprints.  One lot shows area taken from Conant for Florence Street.,,,"Elliot, Charles Darwin",,,1007,1 in = 20 ft,42.38404427,-71.0826218,1,,1,23 x 15.5,Survey Plan,Ink on bond,Discoloration. Edge damage.
Perkins_13_87,"Somerville, MA","Plan of Lots in Somerville made for William R. Clark, jr.",1876-12-12,,"Clark, William R., Jr.","Foy, J.; Lake, Alice E.; Purcell, J.",Hawkins Court [Hawkins Street],"Plan showing two lots with dimensions and sf and abutting 6-foot-wide strip of land reserved for passageway. Lists references to other plans, including that of ""Hawkins' estate."" Verso contains draft street layout that has been ""x""ed out with instruction to ""see other side.""",,,"Elliot, Charles Darwin",,,1011,1 in = 8 ft,42.38003746,-71.09816356,1,,1,14 x 20,Survey Plan,Ink on bond,Discoloration.
Perkins_13_88,"Watertown, MA",Plan of Lots in Watertown surveyed for Geo. Myers,1877-01-19,,"Myers, George",,Boyd Street; Galen Street,"Subdivision plan showing 6 lots numbered 5 through 10 with dimensions and sf. States that the plan is ""unfinished brick block of 6 tenements.""  References other plans and notebooks.  Contains separate layers of penned and penciled measurements, including calculation tables.",,,"Elliot, Charles Darwin",,,1013,1 in = 10 ft,42.36001026,-71.18550284,1,,1,19 x 14,Survey Plan,Ink on bond,Discoloration.
Perkins_13_89,"Somerville, MA",Estates in Somerville surveyed for C.E. Randall,1877-02-16,,"Randall, Charles E.","Higgins; Tufts, Charles, estate",Shawmut Street; Shawmut Place (Alston Street); Washington Street,Plan showing 4 lots with dimensions and sf plus footprint of the houses of Mrs. Randall and Mrs. Tufts and of stables.,Abutter Charles Tufts was founder of Tufts University.,,"Elliot, Charles Darwin",,,1015,1 in = 20 ft,42.38082769,-71.0893292,1,,1,20 x 14,Survey Plan,Ink on bond,Discoloration. Edge damage.
Perkins_13_90,"Somerville, MA","Land in Somerville surveyed for Benj. R. Rand being the middle third part of lots nos. 25 & 26 shown on ""plan of lots"" in ""belonging to G.W. Coleman"" by W.A. Mason & C. Darwin, Jan. 24, 1872.""",1876-11-17,,"Rand, Benjamin R.",,Summer Street,"Lot plan showing 3,720 sf lot with dimensions and hatched edge of brick wall of a house.  Lot is labelled as being part of lot 25 & 26, both of which abut. Includes misc. notes in pencil.",Location approximate. ,,"Elliot, Charles Darwin",,,1058,1 in = 10 ft,42.38399781,-71.09989472,1,,1,14 x 15,Survey Plan,Ink on bond,Discoloration.
Perkins_13_91,"Somerville, MA",Plan of Levels taken in a Pit near the R.R. Paint Shop for Levi L. Tower.,1876-03-08,,"Tower, Levi L.",Fitchburg Railroad,Bennett Street (Bennett Court),Plan showing grid of levels done in red ink. Includes misc. penciled notes and references.,,,"Elliot, Charles Darwin",,,1059,1 in = 10 ft,42.37747975,-71.09382219,1,,1,16.5 x 14.5,Engineering Drawing,Ink on vellum,Discoloration. Edge damage.
Perkins_13_92,"Somerville, MA",Estate in Somerville owned by Dr. Emory L. White,1879-11-06,,"White, Emory L.","Lambert, Elizabeth D.; Sanborn, Albert L.",Bow Street,"Lot plan showing 5,442 sf lot with dimensions and footprint of Dr. White's house, including brick and window underpinnings, and of a ""shop or shed."" Displays references to notebooks and later plans.","In the 19th century, this section of Bow Street was known as ""doctor's row,"" reflecting the many doctors who lived here.",,"Elliot, Charles Darwin",,,1079,1 in = 10 ft,42.3812016,-71.09741589,1,,1,16.5 x 10,Survey Plan,Ink on bond,Discoloration.
Perkins_14_1,"Arlington, MA","Overlook Park, Arlington Heights, Mass. Owned by J.W. Wilbur.",1911-03-25,,"Wilbur, Jacob Wesley",,Cedar Avenue; Charlotte Street; Florence Avenue; George Street; Hillside Avenue; Oakland Street; Prospect Avenue; Renfrew Street; Rhinecliff Street; Wachusett Avenue; Waverly Street,Subdivision plan showing 26 blocks comprising 385 lots with dimensions and sf.  Includes paragraph describing restrictions related to terms of conveyance.,Wilbur was a prominent real estate broker and developer with offices throughout the country,,"Elliot, Charles Joseph",,,,1 in = 160 ft,42.41565489,-71.18571301,1,,1,23 x 15.5,Survey Plan,Ink on bond,Discoloration.
Perkins_14_2,"Arlington, MA",Plan of Land in Arlington Mass.,1924-07-19,,"Arlington, town of","Boston & Maine Railroad [Minuteman Bike Path]; Coleman, Philip F.",Massachusetts Avenue; Swan Place,"Plan showing one 12,810 sf lot with dimensions and hatched footprints of two structures composed of brick and wood.  Shows a Town of Arlington sewer easement.",,,"Elliot, Charles Joseph",,,,1 in = 16 ft,42.41496529,-71.15224053,1,,1,24 x 17.5,Survey Plan,Ink on vellum,Discoloration.
Perkins_14_3,"East Boston (Boston, MA)",Plan showing boundary line between land of the Heirs of Antonia Vitale and land of Rosalmina DeStefana in East Boston as determined by the Superior Court.,1919-05-09,,"DeStefano, Rosalmina; Vitale, Antonia","DeVito, Philomena; Tirrell, Frederick N.",Cottage Street; 18 - 20 Everett Street; Summer Street; Webster Street,"Preliminary plan showing lots with building footprints, and reference points. Highlights property line related to ""Superior Court"" Decision.  Titles and other text are shown with text baselines and some lines are drawn in red.",,,"Elliot, Charles Joseph",,,,1 in = 8 ft,42.36853252,-71.03540497,1,,1,23 x 15.5,Survey Plan,Ink and pencil on bond,Discoloration. Edge damage.
Perkins_14_4,"Somerville, MA",Plan of Land in Somerville owned by Sarah M. Ham,1911-05-06,,"Ham, Sarah M.",Bell; Dow; Hillson; Simonds; Whitney,Somerville Avenue,"Plan showing one 5,195 sf lot with dimensions and footprint of house and garage.  Shows field notations or corrections in red ink. Note indicates copy mailed to R. Sanborn 5/8/1911.",,,"Elliot, Charles Joseph",,,,1 in = 8 ft,42.3804104,-71.09720352,1,,1,21 x 16,Survey Plan,Ink and pencil on bond,Discoloration.
Perkins_14_5,"Somerville, MA",Plan of Land Somerville owned by the Estate of Joseph A. White. Being the greater part of Lot 13 on plan recorded of Mdx. So. Dist Registry Pl.Bk. 3.Pl. 75 and the greater part of Lot 12 on plan recorded at said Registry Pl.Bk. 40 Pl. 43.,1910-01-22,,"White, Joseph A., estate","Blaikie, Thomas B.; Park, Charles E., trustee; Somerville, City of; Stearns, William, Jr.; Wilson, Joseph F.",Highland Avenue; 150 Hudson Street,"Plan showing one 14,675 sf lot with dimensions and references to lines of fence. Part of lot is divided into lots 12 and 13. Some notations in red ink.",,,"Elliot, Charles Joseph",,,,1 in = 20 ft,42.39202625,-71.11043283,1,,1,23 x 15.5,Survey Plan,Ink on bond,Discoloration. Edge damage.
Perkins_14_6,"Newton, MA",Plan and Profile of parts of Holly Road - Newton - Mass. on land owned by the Estate of William C. Strong.,1922-05-15,,"Strong, William C., estate of",,Dorset Road; Holly Road,"Plan and profile of road section with plan view with dimensions, locations of man whole and  catch basin.  Profile shows elevations based on 120 ft above Newton City baseline and, in  red ink, shows finish grade of center side lines and location of surface drain pipes.  Also shows typical half-section of road bed and details of catch basin and manhole.",William Chamberlain Strong was instrumental in the development of Waban in the 19th century.,,"Elliot, Charles Joseph",,,,Horiz: 1 in = 40 ft; Vert: 1 in = 4 ft,42.33019371,-71.23960023,1,,1,24 x 19,Survey Plan / Engineering Drawing,Ink on vellum,Discoloration. Edge damage.
Perkins_14_7,"Somerville, MA",[Copy] A Plan of the Powder House Farm belonging to Peter Tufts Lying in Charlestown.,1804-03-20 (Copied 1896-12-14),,"Tufts, Peter","Frost, Deacon Gideon, heirs; Goddard, Benjamin; Rufsells, James; Rufsells, Walter; Water; Tufts, Timothy","""Great Road from Charlestown to Menotomy""; ""Road from Medford to Cambridge""","Plan showing two separate lots along ""Road from Medford to Cambridge.""  Lots show dimensions and acreage in acre/rods and footprint of courtyard and of ""36 square yards that belong to the Powder House.""  Note indicates that ""Joel Tufts Farm"" is listed on verso side.  Contains table of lots' acreage with grand total.",,,"Tufts, Peter, Jr. (Copied by Elliot, Charles Darwin)",,,,1 in = 10 rods (165 ft),42.40079227,-71.11636849,1,,1,17 x 21.5,Survey Plan,Ink on vellum,Buckling. Discoloration. 
Perkins_14_8,"Somerville, MA","Plan of Land in Somerville, Mass.",1925-10-24,,"Clark, George Appleton; Richardson, Lillian Clark","Willwerth, Ellen",Brastow Avenue; Crown Street; Porter Street,"Preliminary plan of 11,752 sf lot with dimensions, building footprints, stake locations, and other reference points. Note says ""Comprising Lots 1 and ""on plan recorded with Middlesex Registry of Deeds Plan Book 20, page 13. Titles and other text is shown with text baselines.",,,"Elliot, Charles Joseph",,,,1 in = 6 ft,42.38973088,-71.11117381,1,,1,23 x 17,Survey Plan,Pencil on bond,Edge damage.
Perkins_14_9,"Somerville, MA","Plan of Land in Somerville, Mass. Owned by Michele Capodilupo.",1925-06-20,,"Capodilupo, Michele","Clark; Martinson, Martha E.; McKenna, John F. and Mary A.; Nason, Molly; Plumer, William E.; Scanlon, Mary A.",Washington Street; Washington Terrace,Subdivision plan showing 4 lettered Lots A through D and 11 numbered lots with sf and dimensions.  Six lots have hatched building footprints and one has rights of way on either side.,,,"Elliot, Charles Joseph",,,,1 in = 20 ft,42.38010872,-71.09213399,1,,1,24 x 20,Survey Plan,Ink on vellum,Discoloration. Edge damage. Tear.
Perkins_15_1,"Dorchester (Boston, MA)",[Untitled - Hartford and Sargent Streets],1882-05-05 (Additions 1882-07-29),,,"Clifford, A.P.; Getchell; Mallon; West Boston Savings Bank",Hartford Street; Sargent Street,"Plan showing Lots No. 1, 2, and 43 with dimensions and building footprints.  One lot is outlined in red, the other in blue.  Also shows fence and curbstones, presented in dashed lines, along street. Lot No. 1 displays text: J.F. Fuller's Plan dated May 13, 1869. Note says: The portion colored in yellow shows the part not yet released from an old mortgage given by Sarah J. Shepard and since assigned to A.P. Clifford.",Other plans for this neighborhood in BPL collection: https://archives.bpl.org/repositories/2/archival_objects/66218,,Fuller & Whitney,,,761,1 in = 10 ft,42.31496924,-71.07315672,1,,1,17.5 x 23.5,Survey Plan,Ink on vellum,Discoloration. Edge damage.
Perkins_15_2,"Boston, MA","Plan showing Subdivision of Lots 677, 47 & Others. With additions showing owners & names to date.",1887-04-01,,,"Allen, R.H.; Balch, Huldah J.; Boston Water Power Co.; Driske, D.H.; Eldridge, L.P.; Eliot, M.P.; Estabrook, Rufus; Foster, D.W.; Gibson, George A.; Hughes, David; Porter, A.S.; Taylor, Abby J.; Ward, M.; Wellington, H.W.; West Boston Savings Bank",Back Bay Park [Back Bay Fens]; Bryant Street [Forsythe Way]; Courtland Street [Fencourt Street]; Fenway; Huntington Avenue; Huntington Entrance [Forsythe Way]; Parker Street [Hemenway Street]; Rogers Avenue [Forsyth Street],Subdivision plan showing four blocks of lots. Three blocks display dimensions and sf; one of these blocks show owners and street numbers; other lots are numbered 1 thru 12.,Plan references a lot coding scheme used by the firm for its Back Bay Improvements design.,,Fuller & Whitney,,,868,1 in = 60 ft,42.34007191,-71.09125359,1,,1,26 x 14.5,Survey Plan,Ink on vellum,Discoloration. Tear.
Perkins_15_3,"Boston, MA","Plan showing proposed improvement of Lots Nos. 49, 50, and 55. Plan of Back Bay Lands by Fuller and Whitney with transfers of titles recorded at the Registry to date.",1887-04-01,,,"Abbott, Hollis E.; Boynton, Wiliam; Brett, G.W.; Cape Ann Savings Bank; Carron, Thomas J.; Dyer, B.F.; Easton, Jasper H.; Healey & Greeley; Hillis, John; Jackson, C.E.; Jackson, W.E.; Metcalf, Albert; Parsons, P.E.; Potter, James B. Saunders, Orren S.; Walworth, Joseph",Huntington Avenue; Huntington Parkway [Forsythe Way]; Parker Street [Hemenway Street],Subdivision plan showing two blocks (labelled 49 and 55) of lots with dimensions and sf and occupants' names. Some notations are in red ink or pencil,Plan references a lot coding scheme used by the firm for its Back Bay Improvements design.,,"Whitney, William H.",,,904,1 in = 50 ft,42.33926989,-71.09221703,1,,1,16 x 11,Survey Plan,Ink on vellum,Discoloration.
Perkins_15_4,"Boston, MA",Plan showing Subdivision of Lot 610 according to a plan of Richards & Richards Architects Recorded Suffolk Deeds Lib. 1541 Fol. 180 with additions showing owners names to date.,Not dated,,,"Boston & Providence Railroad; Adams, Susan T.; Bacon, Amanda A.; Bowker, C.C.; Brown, Martha C.; Chishom, Harriet W.; Conant, Herbert I.; Gibson, Mary E.; Gooding, E.Q.; Goodwin, Clara P.; Henton, Stephen; Howe, A.M. & al, Trustees; Larrabee, Abbie J.; Lesgourgues, Auguste; Lootz, Gjert; Lucas, Julia D.; Martin, Jennie A.; Miller, William T.; Parmenter, William H.; Randidge, George L.; Rhoades, William W.; Richards, Ellis G.; Riley, Agnes A.; Sawyer, Charles A.; Smith, George A.; Sprague, Lucus K.; Sweeney, Emma H.; Wheller, Jas. H. ",Durham Street; St. Botolph Street; West Newton Street,"Subdivision plan showing two blocks of lots numbered 1 thru 27 with dimensions and sf and occupants' names (some of which are in red ink) and street numbers.  A line, possibly for scale or plan date, has been cut out.",Plan references a lot coding scheme used by the firm for its Back Bay Improvements design.,Suffolk Unindexed Plan Bk/Pg 1541/180,"Whitney, William H.",,,905,Not provided,42.344254,-71.08077738,1,,1,14 x 16,Survey Plan,Ink on vellum,Discoloration. Edge damage. Tear. Missing area.
Perkins_15_5,"Riverside, FL","Map of Riverside, State of Florida",1882-06-01,,Florida Central Railroad; Tallahassee & Jackson Railroad,,Kings Road; Plank Road; St. John's River; Waycross Station,"Subdivision plan showing over 91 groups of multiple lots with Park; areas named Avilla, Brooklyn, and Jacksonville; street layout .  Black ink outlines used on verso to convey shoreline.","Riverside is a neighborhood of Jacksonville, FL.  Per Wikipedia, first platted in 1868 and developed by Bostonian John Murray Forbes, who developed nearby Brooklyn neighborhood and married into the Boston family, the Perkins.  The neighborhood is now listed in the National Register of Historic Places. Duval County Registry shows other plans by other surveyors for this development.","Duval County, FL Plat #188824; #188825",Fuller & Whitney,,,921.2,Not provided,30.31456386,-81.6921479,1,,1,17.5 x 15.5,Survey Plan,Ink on vellum,Discoloration. Edge damage.
Perkins_15_6,"Boston, MA","[Plans of region near Back Bay Park, with 6 proposed schemes]",1882-08-15,,,Boston & Albany Railroad,Back Bay Park [Back Bay Fens]; Boylston Street; [Ipswich Street]; Parker Street [Hemenway Street]; West Chester Park [Massachusetts Avenue],"Set of 6 plans showing different schemes for the layout of a neighborhood adjacent to Back Bay Fens.  Plans show division of blocks into lots with basic dimensions and location and widths of proposed streets or passageways.  Each plan contains a table comparing the sf of ""contents"" and ""passages"" as ""per cent of the whole."" Schemes vary in terms of number of blocks and lots, circulation, sf calculations.",Focuses on section near the Fens that now house Fenway Studios. See Fuller & Whitney folder (https://archives.bpl.org/repositories/2/archival_objects/66218) for blueprint versions.,,Fuller & Whitney,,,"923.0-923.4, 924.2, 924.3",1 in = 80 ft,42.34701129,-71.08930758,6,,1,17.5 x 15.5,Survey Plan,Ink on vellum,Discoloration. Edge damage.
Perkins_15_7,"Jamaica Plain (Boston, MA)","[Untitled - Set of Plans - Bickford, Heath, New Parker, and Old Heath Streets]",1872-08-09 (Additions 1881-06-14),,,"Alley; Nichols; Mansfield; Patch, Daniel A.",Bickford Street; Heath Street; New Parker Street; Old Heath Street;,Subdivision plan showing 2 blocks comprising 18 numbered lots with dimensions and sf and outline of rear passageways.  Sf calculations include allocation for common passageways. Also shows 3 lots with building footprints and details of property owner transfers.,,,Fuller & Whitney,,,925,1 in = 20 ft,42.32632495,-71.10072816,1,,1,28.5 x 21,Survey Plan,Ink on vellum,Discoloration. Edge damage.
Perkins_15_8,"Boston, MA",[Untitled - Set of Plans -Dalton Street; Falmouth Street [St. Stephen]; West Newton Street; Huntington Avenue],1882-09-02,,,"Boston & Albany Railroad; Boston Water Power Co.; Mass. Charitable Mechanics Exhibition Building {Mechanics Hall]; Gray, William; Moore, Ann, heirs of.",Dalton Street; Falmouth Street [Defunct]; West Newton Street [Belvedere Street]; Huntington Avenue.,"Set of 3 plans showing different schemes for the layout of a neighborhood adjacent to Back Bay.  Plans show division of blocks into lots with basic dimensions and location and widths of proposed streets (including what is now Belvedere Street) or passageways as well as location of proposed station along abutting railroad tracks.  Each plan contains table comparing the sf of ""contents"" and ""passages"" as ""per cent of the whole."" Schemes vary in terms of number of blocks and lots, circulation, sf calculations.",,,Fuller & Whitney,,,"927.1-2, 928,",1 in = 40 ft,42.34624449,-71.08379073,3,,1,17 x 14.5,Survey Plan,Ink on vellum,Discoloration. Edge damage.
Perkins_15_9,"Boston, MA",[Untitled - Beacon Street; Commonwealth Avenue; West Chester Park],1881-11-19,,Beacon Street Land Trust; Boston Water Power Company,,Beacon Street; Commonwealth Avenue; [Marlborough Street]; West Chester Park [Massachusetts Avenue],"Plan showing three blocks of lots with dimensions and grading information. Blocks are separated by unnamed street [Marlborough Street] or passage. Note in red ink states: ""Street and passageways to be filled for Boston Water Power Company and Trustees of Beacon Street Lands. Side slopes one and one half to one.""",,Suffolk Unindexed Plan Bk/Pg 1495/535,Fuller & Whitney,,,929.2,1 in = 60 ft,42.3501902,-71.0894266,1,,1,16 x 13.5,Survey Plan,Ink on vellum,Discoloration.
Perkins_15_10,"Boston, MA",[Untitled - Set of Plans -Beacon Street; Commonwealth Avenue; West Chester Park],1881-04-07,,Beacon Street Land Trust; Boston Water Power Company,,Beacon Street; Commonwealth Avenue; [Marlborough Street]; West Chester Park [Massachusetts Avenue],Set of 2 plans showing different schemes for the layout of a neighborhood adjacent to Back Bay.  Plans show division of blocks into lots with overall sf and dimensions and location and widths of proposed streets (including what is now Marlborough Street) or passageways.  Differences in lot layouts and sizes on the plans result from placement of passageways.,,,Fuller & Whitney,,,"929.1, 929.4",1 in = 60 ft,42.3501902,-71.0894266,1,,1,16 x 14,Survey Plan,Ink on vellum,Discoloration.
Perkins_15_11_A,"Boston, MA","Reduced Copy of Part of Plan Recorded July 29, 1845, Suffolk",1845-07-29,,"Allen, Stephen; Haven, Franklin.",,Lenox Street; Sawyer Street [Defunct]; Shawmut Avenue; Suffolk Street [Defunct],"First of two variants of plan on same sheet showing subdivision of land covered in deed of Stephen M. Allen to Franklin Haven.  Deed indicates transactions also involved Charles B. Sawyer. Plan redrawn by Fuller & Whitney, 7/20/1882. Shows lots no. 153 - 196. Indicates original deed recorded 07/30/1847",,,"Fuller, Stephen P.",,,929.3,1 in = 60 ft,42.33645341,-71.08169236,1,,1,15 x 17.5,Survey Plan,Ink on vellum,Discoloration.
Perkins_15_11-B,"Boston, MA","Plan showing location of deed Allen to Haven July 29, 1847 with some of the old buildings and fences existing at present time.",1882-07-20,,"Allen, Stephen; Haven, Franklin.","Braslow; ""Land of grantor""; factory, laundry.",Lenox Street; Sawyer Street [Defunct]; Shawmut Avenue; Suffolk Street [Defunct],"Second of two variants of plan on same sheet showing subdivision of land covered in deed Allen to Haven.   Shows lots no. 153 - 196 with some designated as sold or unsold in 1847. References Deed. Lib. 548 Fol. 169. Note indicates that length of line of land from Brastow to lot 186 is an ""unanswerable error.""",,,Fuller & Whitney,,,929.3,1 in = 60 ft,42.33645341,-71.08169236,,,1,15 x 17.5,Survey Plan,Ink on vellum,Frayed edges.
Perkins_15_12,"Boston, MA",Plan showing subdivision of lots 27 to 74 and 606 to 609 with additions showing owners' names to date.,1889-02-01,,"Allen Gymnasium; Baker, S.R.; Beard, FA.H.; Boston Medical Library Association; Cambell, L.J.; Dillaway, W.E.I.; Drake, J.B.; Everett, Thomas B.; Feldman, J.; Fitch, Henry H., trustees; Hamlen, N.P., trustees; Haven, Franklin, Rice & Chandler Trustees; Hutchinson, A.H.; Kendall, J.B.; King, G.P.; Knowlton, Albion; Mass. College of Pharmacy; Mass. Institute of Technology; Nason, G.W.; Nason, Helen M.; Pearl, O.; Potter, Flora E.; Robbins, Royal E.; Roberts, H.A.; Sherman, Cordelia; Taylor, George W.; Thomas, Nellie E.; Treworgy, W.H.; Vandervoort, J.F.",Boston & Providence Railroad; Mass. Charitable Mechanics Exhibition Building [Mechanics Hall],Dartmouth Street; Follen Street; Garrison Street; Huntington Avenue; Irvington Street [Defunct]; St. Botolph Street,"Subdivision plan showing multiple blocks, some of which detail dimensions, sf (""areas are approximate""), and owners. Displays building footprints. Block numbers 72, 73, 74, 607, and 608 are marked in reverse on verso.",Block numbers refer to numbering systems used by Fuller & Whitney's Back Bay Improvements plans.,,"Whitney, William H.",,,931,1 in = 80 ft,42.34615624,-71.0799615,1,,1,14 x 16.5,Survey Plan,Ink on vellum,Discoloration.
Perkins_15_13,"Boston, MA",Plan showing subdivision of lot 57 with additions showing owners' names to date.,Not dated,,"Abott, J.C.; Adams, A.A.; Amory, F.; Boyd, J.T.; Brigham, Elizabeth F.; Brooks, A.T.; Cabot, J.H.; Children’s Hospital; Curtis, J.; Curtis, R.E.; Dexter, Franklin; Farr, H.G.; Faunce, Edward P.; Faunce, William F.; Faxon, Georgiana; French, E.; Goodwin, J.F.; Hathaway, A.F.; Hildreth, Marion E.; Holmes, William; Kilham, Albert D.; Lord, E.C.; Mackintosh, H.B.; Moore, Ira L. & Tirrell, Jesse; Murdock, A.L.; Nason, Jesse L.; Plummer, E.A.; Pope, A.C.; Porteus, J.; Richards, F.C.; Savage, C.D.; Stubbs, Samuel; Tirrell, Jesse; Turner, R.W.; Wade, A., Tr.; Warren, E.F.; Whitney, Henry M.; Whitney, L.C.",Boston Storage Warehouse Company; Boston Water Power Company,Astor Street [Burbank]; Batavia Street [Symphony Road]; Falmouth Street [St. Stephen]; Gainsborough Street; Huntington Avenue; West Chester Park [Massachusetts Avenue]; Westland Avenue,"Subdivision plan showing multiple blocks, some of which detail dimensions, sf (""areas are approximate""), and owners. Displays building footprints. Block numbers 57, 58, 595, and 596 are marked in reverse on verso; lot numbers 56, 59, 68, 586, and 106 are shown on front side. Date has been cut out of the sheet.",Block numbers refer to numbering systems used by Fuller & Whitney's Back Bay Improvements plans.,,"Whitney, William H.",,,938,1 in = 80 ft,42.3433734,-71.08580315,1,,1,14 x 16,Survey Plan,Ink on vellum,Discoloration. Edge damage. Missing piece.
Perkins_15_14,"Cambridge, MA",[Untitled - Broadway and Highland Avenue],1884-10-11,,Emerson,,Broadway; Highland Avenue,"Plan and specifications for grading of one lot.  Plan shows grid of stake markers overlaid on land with outline of house and driveway.  Features detailed note about regrading process. Center of house footprint states ""Loam and clay to be moved once estimated at 890 yards.""",See Fuller & Whitney folder (https://archives.bpl.org/repositories/2/archival_objects/66218) for another drawing done for this client.,,Fuller & Whitney,,,949,1 in = 10 ft,42.37184263,-71.10689165,1,,1,21 x 23,Engineering Drawing,Ink on vellum,Discoloration. Edge damage.
Perkins_15_15_A_B,"Boston, MA",[Untitled - Beacon Street and Commonwealth Avenue],1882-11-20,,,,Bay State Road; Beacon Street; Beacon Entrance to Back Bay Park [Charlesgate West]; Commonwealth Avenue; Marlborough Street; West Newberry Street,Set of 2 copies of subdivision plan showing 17 numbered lots with dimensions and sf. Sidewalks are displayed with dashed lines. The copies differ in that 15_15_A has darker labelling and the marshlands in Back Bay Park are hatched whereas the marshlands in 15-15_B are outlined in yellow ink done on the verso side.,See Fuller & Whitney folder (https://archives.bpl.org/repositories/2/archival_objects/66218) for other drawings done for this block (number 38 on the Back Bay Improvement Plans).,,Fuller & Whitney,,,"961.1, 961.2",1 in = 80 ft,42.34928553,-71.09468783,2,,1,16 x 14,Survey Plan,Ink on vellum,
Perkins_15_16,"Boston, MA","Plan No. 9 of Back Bay Lands showing Assessors's Valuation of Vaccated Land with names of owners, areas and Location of Estates",1887-04-01,,"Ames, J. B.; Ames, Mary H.; Ames, Oliver; Binney, Wm. G & John F. Brinton; Boston Water Power Co.; Bowditch, J. Ingersoll; Brown, H.T.; Brown, Rufus H.; Browne, E.I., trustees; Chander, J.W.; Clark, Susan N.; Clifford, J. W.; Edwards, Jacob; Estabrook, Rufus; Floyd, Nichol, Jr.; Foster, Jas. & J.H.; Foy, Lavina; Francis Estate, Trustees of; Harmon, M.; Harvard College; Hathaway, Asa P.; Haven, Franklin; Hoyt, Eliz. G.; Lawrence, Amos. A.; Lawrence, W.R.; Lincoln, W.H.L.; Pelton, F.W.; Pomeroy, R.M.; Read, E.M.; Sandford, Oliver S.; Sears, David; Sears, Emily; Sears, F.W. & K.W. Sears; Shaw, Edward P.; Shimmin, John P.; Taylor, J.; Thayer, Frank N.; Union Mutual Life Insurance Co.; Vila, Luke; Weld, Samuel; Whitney, D.; Wigglesworth, Thomas ",Brookline Branch Railroad,Bernier Square [Defunct]; Bernier Street [Defunct]; Brookline Avenue; Carlton Street; Hawes Street; Longwood Avenue; Longwood Entrance [Fenway; Lost Emerald Necklace]; Maple Avenue [Defunct]; Miner Street; Plymouth Street [Nessel Way]; Woodstock Street [Defunct],"Assessor's plan showing land, owner's names, areas, sf, selected building footprints, and values (most under $1.00). Includes statement: ""Areas and names marked with a star are taken from A.H. French's plan dated Sept. 1, 1882.  Other areas are approximate."" Verso shows marshland outlined in yellow and block designation 635 (related to Fuller and Whitney's Back Bay Improvements plan).","See Fuller & Whitney folder (https://archives.bpl.org/repositories/2/archival_objects/66218) for other, later versions drawings done for this block. Aspects of the plan are based on a work by A.H. French, who was a Boston-area civil engineer.",,"Whitney, William H.",,,972,1 in = 200 ft,42.33945561,-71.10437758,1,,1,14 X 16,Survey Plan,Ink on vellum,Discoloration.
Perkins_15_17,"Boston, MA",Plan of House Lots showing Subdivision of Lot 609 according to plan recorded Lib. 1589 Fol. 210 with additions showing Owners Names to date.,1887-04-01,,"Adams, Mary C.; Conant, George M.; Conant, Mary F.; Dexter, F. Gordon; Easton, Fergus A.; Hadley, L.M.C.; McCandlish, Elizabeth; Ranney, Lizzie A.; Robinson, D.C.; Sawyer, Charles A.; Thomson, F.A.; White, Ralph H.; Winslow, Eva ",Boston & Providence Railroad,Berwick Park [Braddock]; Carlton Street; Follen Street; St. Botolph Street; West Newton Street,"Subdivision plan showing 27 numbered lots with sf and dimensions and a 12 ft wide passway. Lots 1 thru 12 are shown with building footprints. Center of block contains note indicating ""Reserved Space.""  Displays outline of 10 lots on adjacent block (No. 610).",See Fuller & Whitney folder (https://archives.bpl.org/repositories/2/archival_objects/66218) for other plans done for this block.  Block numbers refer to numbering systems used by Fuller & Whitney's Back Bay Improvements plans.,Suffolk Unindexed Plan Bk/Pg 1589/210,"Whitney, William H.",,,975,1 in = 30 ft,42.34457911,-71.07988154,1,,1,14 x 16.5,Survey Plan,Ink on vellum,Discoloration. Edge damage.
Perkins_15_18_A_E,"Boston, MA",Statement of McMillan and Moore's title to lots on Baldwin and Water Streets [Sheet 1 of 5],1883-03-22,,"Crafts & Hathway; Francis, E.; McGillen; Sears, David; Treadwell, D.",,Francis Street [Discontinued]; Parker Street [Discontinued]; Massachusetts Avenue,Multipage document featuring 5 sheets of two-column handwritten text. The right column of Sheet A shows a subdivision plan of 90 numbered lots divided by 50-foot wide street (the plan is based on a 1833 survey by Alex Wadsworth of land at Gravelly Point in Roxbury). Left side contains handwritten narrative related to land transactions between 1822 and 1870s.,"Gravelly Point is at the intersection of Commonwealth and Massachusetts Avenue.  The document may relate to surveyors' work on the landfill of Boston Back Bay, which involved negotiations between Francis, Sears, Mill Dam Foundry, and other parties. Does not reflect current layout of street names.  The document summarizes land transactions related to land originally owned by Mill Dam Proprietors; references multiple deeds in both the Norfolk and Suffolk registries.",Norfolk Plan Bk/Pg D0100-146,Fuller & Whitney,,,"981,982, 983, 984, 985",1 in = 200 ft,42.33207,-71.09743,5,,1,15 x 17.5,Survey Plan / Statement,Ink on vellum,
Perkins_15_19,"Boston, MA",[Untitled - St. Botolph Street and West Chester Park],Not dated,,,Boston & Providence Railroad,Albemarle Street; Blackwood Street; Camden Street; Columbus Avenue; Northampton Street; St. Botolph Street; Wellington Street; West Chester Park [Massachusetts Avenue],Preliminary subdivision plan showing multiple blocks of lots in schematic fashion.,"See Fuller & Whitney folder (https://archives.bpl.org/repositories/2/archival_objects/66218) for more developed versions of this location, which were part of the Fuller & Whitney Huntington Avenue Plans package.",,(Fuller & Whitney),,,991,Not provided,42.34224114,-71.08400725,1,,1,15 x 17.5,Survey Plan,Ink on vellum,
Perkins_15_20,"Boston, MA",[Untitled - Massachusetts Avenue and Boylston Street},1896-10-21 (1896-11-06),,,"Boston & Albany Railroad; Dexter, Franklin",Boylston Street; Massachusetts Avenue,Plan showing one block containing two lots with dimensions and sf as well two abutting passageways with centerlines drawn.  Blocks are outlined with red. Survey dates are contained in engineering stamp.,"See Fuller & Whitney folder (https://archives.bpl.org/repositories/2/archival_objects/66218) for more developed versions of this location, which was labelled as lot 64 on the Back Bay Improvements plans. The easternmost section of the site housed The Windemere, a retail and apartment building.",,"Whitney, William H.",,,1900,1 in = 50 ft,42.34739041,-71.08792613,1,,1,15 x 14.5,Survey Plan,Ink on vellum,
Perkins_15_21,"Boston, MA",[Untitled - Dalton Street between Belvidere and Norway Streets],1897-09-27,,"Multiple; includes Bangs, E.A.; Bowker, S. H.; Brooks, S.; Campbell; Green, J.; Mathews, Nathan; Saltonstall, R. M.; Stevens, T. W.; White, T. R.",,Belvidere Street; Dalton Street; Dundee Street; Falmouth Street; Massachusetts Avenue; Norway Street [Clear Way Street]; Saint Germain Street,"Subdivision plans showing owners' names, lot s/f, and dimensions. Indicates name of buyers of sold plots.",See Fuller & Whitney folder (https://archives.bpl.org/repositories/2/archival_objects/66218) for other versions of the plan.,,"Whitney, William H.",,,1975,1 in = 60 ft,42.3468423,-71.0852412,1,,1,16 x 20,Survey Plan,Ink on vellum,
Perkins_15_22_A_B,"Boston, MA",[Untitled - Statement on Park boundary at Audubon Road],1899-07-15,,,,Audubon Road [Park Drive]; Boylston Street; Jersey Street; Peterborough Street; Queensberry Street,"4-page (on 2 two-page spreads) report document fixing the Back Bay Park boundary line from a point on Boylston Street to the edge of the Boston Water Power land.  Includes street layout plan with locations of 17 stakes lettered A thru Q alongside detials of each stake's location relative to Audubon or Boylston Roads. Includes description of staking process and background of establishing road boundary as part of Back Bay Park improvements; focuses on boundary stake markings laid out by Thomas Doane, Parks superintendent, in 1877-1878, as well as work Whitney did in 1882.",,,"Whitney, William H.",,,2057,1 in = 200 ft,42.34369515,-71.09742115,2,,1,18 x 14.5,Survey Plan / Statement,Ink on vellum,
Perkins_15_23,"Boston, MA",Plan No. 7 showing a portion of the land and flats belonging to the Boston Water Power Co. situated within the limits of a Proposed Public Park on the Back Bay.,1878-05-23 (Copied 1898-08-05),,Boston Water Power Company,"Aspinwall, William",Park Drive,"Plan showing 100,928 sf lot alongside boundary of Back Bay Park and ""creek.""  Plan is labelled ""supplement"" and indicates that it is a ""true copy"" of plan filed with City of Boston showing 11 parcels of land and sum paid. Appears to be based on 1878 plan but document is certified on 1898-08-05.","References section of land owned by Boston Water Power at what is now Park Drive, formerly boundary of ""Back Bay Park.""",,Fuller & Whitney,,,1990.2,1 in = 100 ft,42.34358989,-71.09454468,1,,1,12.5 x 15.5,Survey Plan,Ink on vellum,Edge damage.
Perkins_15_24,"Boston, MA",[Untitled - 15 Beacon Street and Freeman Place],1898-05-19,,,"Eldridge, Elizabeth T.; Freeman Place Chapel",13-15 Beacon Street; Freeman Place [Defunct],"Plot plan showing outline, hatched in red pencil, of four-story brick dwelling backed by two-story brick ell and yard, gate,  and right of way to Freeman Place Chapel. Displays sf and dimensions midline of wall with adjacent building. Dotted line shows bridge across Freeman Place. Notation says: Restricted - see deed Rec. Suff. 574-73.  Also that Chapel is ""now a book store.""",See Fuller & Whitney folder (https://archives.bpl.org/repositories/2/archival_objects/66218) for other version of the plan.,,"Whitney, William H.",,,1994,1 in = 10 ft,42.35827191,-71.06197245,1,,1,10 x 17,Survey Plan,Ink on vellum,Crimping.
Perkins_15_25,"Boston, MA",[Untitled - Fellows Street; Harrison Avenue; Hunneman Street; Webber Street,1898-04-11,,,,Fellows Street [Defunct]; Harrison Avenue; Hunneman Street [Malnea Cass Boulevard]; Webber Street [Defunct],Preliminary plan showing one blank block with draft placeholder are for a Scheme Number entry.,,,"Whitney, William H.",,,2008 - 2012,1 in = 30 ft,42.33161825,-71.07936475,1,,1,17.5 x 18.5,Survey Plan,Ink on vellum,
Perkins_15_26,"Boston, MA","Plan of Oak Hall Estate, compiled Aug. 5, 1898 by W.H. Whitney from a plan marked as follows.",1880-12-08 (Copied 1898-08-05),,"Simmons, George W.","Bay State Real Estate Association; Spring, J.P.; Tirrell, heirs of; ",Creek Square; 32 North Street; Scott Alley,"Plot plan of single 6,635 sf lot with boundaries outlined in red and showing sf and dimensions as well as common passageway.  Plan subtitled indicates Whitney added additional information to original Wadsworth survey. Note says ""4 negatives.""  Decorative title and border.","Oak Hall was a well-known men's clothing factory, owned by George W. Simmons, and often listed as the oldest clothing business in the city.",,"Wadsworth, Alexander (Copied by Whitney, William H.)",,,2014,1 in = 20 ft,42.36069408,-71.05614245,1,,1,8.5 x 13,Survey Plan,Ink on vellum,
Perkins_15_27,"Boston, MA","[Untitled - Fenway, Hemenway Street, Huntington Entrance]",1895-08-20 (Copied 1898-09-26),,Fenway Land Company,,Fenway; Hemenway Street; Huntington Entrance [Forsythe Way],"Plot plan of single 8,445 sf lot with dimensions and sf.  References line shown on plan dated 1893-02-14.",,Suffolk Unindexed Plan Bk/Pg 2112/263,"Whitney, William H.",,,2016,1 in = 40 ft,42.34014008,-71.09301321,1,,1,11.5 x 15,Survey Plan,Ink on vellum,
Perkins_15_28,"Roxbury (Boston, MA)",Plan of Cox Buildings,1870-10-25 (Copied 1898-10-13),,"Cox, George D.","Pierce, G.W.",Bartlett Street; Dudley Street; [John Eliot Square],Plan showing 6 lots with dimensions and sf abutting a 4 ft wide passageway. 5 lots are grouped into 2 sets outlined by pink borders.  Subtitle indicates is a copy done by W.H. Whitney of a plan recorded in the Suffolk registry.,The Cox Building is a historic landmark that originally housed retail and offices.,Suffolk Unindexed Deed Bk/Pg 1027/3; Plan #1027/3,"Moses, H.H. (Copied by Whitney, William H.)",,,2017,1 in = 10 ft,42.32949674,-71.08998943,1,,1,18.5 x 13,Survey Plan,Ink on vellum,
Perkins_15_29,"Boston, MA",[Untitled - Washington Street near Bumstead Court and Haymarket],1898-10-17,,,"Brown, John L.; Gibbons; Rupp, Francis, heirs",Bumstead Court; Gibbon Court [Defunct]; Haymarket Place [Defunct]; 601 - 632 Washington Street,"Plan showing 3,996 sf lot with dimensions and outline of five story brick building.  Lot is outlined in red and centerlines of connecting walls detailed.  Also shows outlines and features of adjacent buildings.",,,"Whitney, William H.",,,2018,1 in = 20 ft,42.35264455,-71.06260703,1,,1,14 x 17.5,Survey Plan,Ink on vellum,
Perkins_15_30,"Boston, MA",Copy of Plan of Land in Boston belonging to the Newburyport Five Center Savings Bank,1887-04-01 (Copied 1898-10-28),,Newburyport Five Cent Savings Bank,"Boston, City of",Conant Street [Horadon Way]; Huntington Avenue; Longwood Avenue; Wigglesworth Street; Worthington Street,"Subdivision plan showing 30 numbered lots spread over 5 blocks. Displays dimensions and sf.  One lot has been labelled ""Sold to City of Boston."" Another indicates that the lot numbers correspond with those on a plan by David Granger & Son, as recorded with Suffolk Deeds and that lots marked with an asterisk are for sale. Decorative border and title.",,Suffolk Unindexed Plan Bk/Pg 1601/999,"Briggs, Luther (Copied by Whitney, William H.)","Meisel Brothers, lithographer",,2020,1 in = 50 ft,42.33531506,-71.10225053,1,,1,22 x 16,Auctioneer Plan,Ink on vellum,
Perkins_15_31,"Boston, MA","[Untitled - Beacon Street, Medfield Street, St Mary Street]",1899-03-31 (Copied 1899-08-14),,,,"Beacon Street, Medfield Street, St Mary Street","Subdivision plan showing 11 numbered lots with dimenions, sf, and building footprints.",,,"Whitney, William H.",,,2030,1 in = 30 ft,42.34593949,-71.10650103,2,,1,12 x 16.5,Survey Plan,Ink on vellum,
Perkins_15_32_A_F,"Boston, MA",[Untitled - Plans for Back Bay Park/Fens/Longwood Park Area],1901-11-26; 1901-12-09,,Boston Water Power Company,"Aspinwall Land Company; Brown, Rufus H.; Binney, W.G.; Equitable Land Company; Francis, Ebenezer, estate of; Harvard College, president and fellows of; Rice, Nehemiah; Tappen, William A.; Warren, Winslow, trustee; Weld Estate, trustees; ",Audubon Road [Park Drive]; Jersey Street; Kilmarnock Street; Queensberry Street; Worthington Street,6-sheet set of block subdivision layouts for land. Lots are numbered and display dimensions and sf.  New proposed streets are numbered Sheets and blocks reflect a letter-based designation system.,"Appears to be plans for street layouts at the intersection of the former ""Longwood Entrance"" and Fens area, now Park Drive and Lost Emerald Necklace.  The sheet and block references relate to a 1901 plan titled: Block Index Plan Showing land of B.W.P. Co. Trustees (the Boston Water Power Co. was selling off its last remaining lots at this time); https://search.worldcat.org/title/1370015835. Per urban atlases, proposed streets were considered but never built as shown on these plans.",,"Whitney, William H.",,,2192,1 in = 60 ft; 1 in = 80 ft,42.34049715,-71.1000593,6,,1,12.5 x 8.5,Survey Plan,Ink on vellum,Discoloration.
Perkins_15_33,,[Untitled - Plan and sections of sub-basement - Drawing 55],Not dated,,,,,"Blueprint of drawing showing floor plan, elevations, and sections of a basement floor.  Notes such as are legible indicate site is existing and work involves refacing of existing walls and iron columns. Includes note in red pencil. Print is folded in half and sides are taped together. Verso is marked: A #1 - Original tracings. ",The blueprint was used as a storage container for the other drawings in this folder.,,,,,315-1030,,,,1,,1,30.5 x 43,Engineering Drawing,Blueprint,Discoloration. Edge damage. Folds. Stored in plastic sleeve.
Perkins_16_1,"Boston, MA",Plan of Estates affected by the Extension of Huntington Avenue [Drawing F],1883-01-01 (Corrected 1887-04-01),,"Boston, City of; Bowditch, Johnathan I.; Browne, Edward I.; Cotting, C.U.; Davenport; Davenport, J.H.; Donaldson, Mary E.; Ellis, Alice M.; Emory, Caleb S.; Folsom, Abraham; Francis, Ebenezer, estate of; Geiger, A.; Jones; Kilroy; Kimball, A.; Kittredge, F.W.; Kittredge, William; Lennard, Nancy; Mansur, Henry W.; McCormick, Matthew; Newburyport 5 cent Savings Bank; Pope, Graham; Reddish, T.; Roberts, H.O.; Roberts, John N.; Rogers, P.N.; Stickney, Samuel W.; Stockton, Howard; Stults, John V.N.; Thompson, Edward; Thompson, James D.; Ward, Francis J.; Whittemore, Benjamin F.; Woods, H.T.",,Bumstead Lane [St. Alphonse Street]; Conant Street [Defunct]; Francis Street; Huntington Avenue; Longwood Avenue; Tremont Entrance [Defunct; Evans Way]; Tremont Street; Vancouver Street; Ward Street; Whitney Street; Wigglesworth Street,"Plan showing multiple blocks of lots with owner names, selected dimensions and sf.  Building outlines are hatched.  Notations indicate that owners were updated between 1883 and 1887 and ""East of Longwood are correct to date.""",,,"Whitney, William H.",,,315,1 in = 100 ft,42.33531612,-71.1017969,1,2,1,28 x 8,Survey Plan,Ink on vellum,Split in half. Discoloration. Stored in Permalife file folder insert.
Perkins_16_2_A_E,"Boston, MA",[Untitled - Marlborough Street - 5 Overlays],1884-11-26,,,,Marlborough Street,"Overlays of schemes of extension of Marlborough Street from West Chester Park [Massachusetts Avenue] to Ipswich [Charlesgate East].  Plans are numbered 1, 2, 3, 5 (2 copies of plan 5).  Each overlay displays street and alley layouts, lot outlines, and typical dimensions.  Plan 5 shows dimensions and sf for all lots as well as abutters.  The overlays are intended to be used with Plan # Perkins_16_3.",Marlborough Street was extended between 1882 and 1885.  See https://archives.bpl.org/repositories/2/archival_objects/66218 for other plans related to this block.,,"Whitney, William H.",,,962,1 in = 100 ft,42.34879536,-71.09236528,5,,1,8 x 5.5,Survey Plan,Ink on vellum,Stored in Permalife folder insert.
Perkins_16_3,"Boston, MA",[Untitled - Marlborough Street - Beacon Entrance to Back Bay - Underlayment],1884-11-26,,,,Commonwealth Avenue; Charles River; Beacon Entrance to Back Bay Park [Charlesgate]; Ipswich Street [Charlesgate East]; Jersey Street [Charlesgate West]; Newbury Street; West Newbury Street,Street plan showing tentative location with dashed lines of Marlborough Street extension.  Bodies of water are outlined in red.,The plan is the base for the overlays in Perkins 16_2.  See  https://archives.bpl.org/repositories/2/archival_objects/66218  for other plans related to this block.,,"Whitney, William H.",,,962,1 in = 100 ft,42.34879536,-71.09236528,1,,1,16 x 14,Survey Plan,Ink on vellum,
Perkins_16_4_A_F,"Boston, MA",[Untitled - Dartmouth Street and Huntington Avenue -6 Overlays],1883-05-26,,,,,"Overlays of schemes of lot between Dartmouth Street and Huntington Avenue. Overlays are numbered 1 through 6.  Each overlay displays street and alley layouts, lot outlines, and typical dimensions as well as % calculations for waste in streets and passageways.  Plan 5 and 6 contain variants on note: ""Showing laying out of plan No. 1 [No. 2] modified by proposed exchange with B&A RR according to red line [blue line] shown on plan dated May 26, 1883."" The overlays are intended to be used with Plan # Perkins_16_5.",,,Fuller & Whitney,,,"965-968, 1017-1018",1 in = 100 ft,42.3464256,-71.07770309,6,,1,11 x 6,Survey Plan,Ink on vellum,Stored in Permalife folder insert.
Perkins_16_5,"Boston, MA",[Untitled - Dartmouth Street and Huntington Avenue - Underlayment],1883-05-26,,,Boston & Albany Railroad; Boston & Providence Railroad; Hotel Huntington; Hotel Oxford; Institute of Fine Arts; Massachusetts Charitable Mechanics Association; Title Company.,Buckingham Street; Copley Square; Dartmouth Street; Exeter Street; Harcourt Street; Harwich Street; Holyoke Street; Huntington Avenue; Leighton Park; St. Botolph Street; St. James Avenue; Truro Street; West Canton Street; Yarmouth Street [Yarmouth Square],"Street plan showing multiple blocks of lots and abutters. Includes penciled notations about sf and note that ""areas are apprpoximate."" Bridge at the intersection of railroad lines and Dartmouth Street conveyed by hatched lines. Abutters include stables, tennis court, and engine house.",The plan is the base for the overlays in Perkins 16_5.  See https://archives.bpl.org/repositories/2/archival_objects/66218 for other plans related to this area.,,Fuller & Whitney,,,965-968,1 in = 100 ft,42.3464256,-71.07770309,1,,1,17 x 15,Survey Plan,Ink on vellum,
Perkins_16_6,"Boston, MA",[Untitled - Subdivision Layout],Not dated,,,,,Barely legible brownline of street layout showing multiple blocks of lots.  Appears to be a reverse print.,,,,,,1018,1 in = 100 ft,,,1,,1,14.5 x 15,Survey Plan,Brownline on manilla,Discoloration. Edge damage.
Perkins_16_7_A_D,"Boston, MA",[Untitled - Dalton Street - Plan and Three Overlays],Not dated,,,"Boston, City of; Boston & Albany Railroad; Boston Water Power Co.; Brooks, B.F.; Gray, William; Speare, Alden",Boylston Street; Dalton Street; Falmouth Street [Defunct]; Gloucester Street; Hereford Street; Huntington Avenue; West Newton Street [Belvidere Street],Overlays of three schemes as well as underlying street plan for multiple blocks of lots.  Dashed line on plan shows proposed extension of what is now Belvidere Street. Title for Plan No. 2 has been separated from overly.,,,,,,"990, 992, 994",1 in = 100 ft,42.34615004,-71.08482555,4,,1,14 x 17,Survey Plan,Ink on vellum,Discoloration. Edge damage. Stored in Permalife folder insert.
Perkins_16_8_A_H,"Boston, MA","[Untitled - Parker Street, West Chester Park, and Westland Avenue - Plan and 7 Overlays]",Not dated,,,"Boston Water Power Company; Brooks, B.F.; Moore; Kilham, Albert D.; Lyman & Russell; McGillen; Mercantile Land Company; Park Enk. Lands; Snelling, S.G.; Stone, Moulton and Simpson; Storage Warehouse Company",Astor Street [Burbank Street]; Parker Street [Hemenway Street]; West Chester Park [Massachusetts Avenue]; Westland Avenue,Overlays of three schemes as well as underlying plan.  Two of the schemes each have two additional partial overlays.  Some abutters names are provided. Streets are drawn in dashed lines.  Also includes a very faded brownline or other reproduction of base plan.,,,,,,"990, 992, 994, 995",1 in = 100 ft,42.34531222,-71.08859262,9,,1,17.5 x 15.5,Survey Plan,Ink on vellum,Discoloration. Stored in Permalife folder insert.
Perkins_16_9_A_C,"Boston, MA","[Untitled - Huntington Avenue, Parker Street, and Rogers Street - Plan and 2 Overlays]",Not dated,,,"Boston Water Power Company; Cole, Malcolm B.; Drew,Hannah  H.; Easton, James A.; Edwards, James; Elliot Land Company; Jacobs, G.E.; Mercantile Land Company; Moore, Ira L.; New England Manufacturers and Mechanics Institute Building; Piper, J. Ellery; Sumner, Eben",Huntington Avenue; Parker Street [Hemenway Street]; Rogers Avenue [Forsythe Street],Overlays of two schemes as well as underlying plan.   Some abutters names are provided. Streets and property divisions on plan are drawn in dashed lines.,,,,,,"991, 993, 995",1 in = 100 ft,42.34059926,-71.09064475,3,,1,15 x 17.5,Survey Plan,Ink on vellum,Discoloration. Stored in Permalife folder insert.
Perkins_16_10_A_K,"Boston, MA",[Untitled - Beacon Street - 11 overlays],1883-12-22,,,,Beacon Street; Brighton Avenue; Brookline Avenue; Commonwealth Avenue; Kenmore Street; Jersey Street; Charles River,"Overlays of 11 schemes (see Perkins_16_11 for underlying plan) for street layout.  Each plan shows multiple lots with passages, rough dimensions and sf. Most plans show waste in streets and passageways expressed as a %, ranging from 25% to 28%.  Some plans show alternative layouts for selected blocks, location of possible sewer lines, or addition of abutting new streets.  Some plans show numbered lots.",The plan is the base for the overlays in Perkins 16_11.  See  https://archives.bpl.org/repositories/2/archival_objects/66218 for other versions of these plans.,,Fuller & Whitney,,,"996-1004, 1007-1008",1 in = 100 ft,42.35012945,-71.0976734,11,,1,15 x 17.5,Survey Plan,Ink on vellum,Stored in Permalife folder insert.
Perkins_16_11,"Boston, MA",[Untitled - Beacon Street and Bay State Road - Underlayment],1883-12-22,,,,Back Bay Park [Charlesgate Park]; [Bay State Road]; Beacon Street; Brighton Avenue [Commonwealth Avenue]; Brookline Avenue; Commonwealth Avenue; [Deerfield Road]  Jersey Street [Charlesgate West]; Kenmore Street; [Raleigh Street]; Charles River,Underlayment plan for schemes in Perkins_16_11.,"See  https://archives.bpl.org/repositories/2/archival_objects/66218 for other versions of these plans (in the Baystate / Deerfield Road group).  This section of the Kenmore Square area is now defined by Charlesgate Park, Bay State Road, and Deerfield Road.",,Fuller & Whitney,,,996,1 in = 100 ft,42.35012945,-71.0976734,1,,1,17.5 x 14.5,Survey Plan,Ink on vellum,Discoloration.
Perkins_16_12_A_F,"Boston, MA","[Untitled - Drisko, Parker, and Rogers Street - 6 overlays]",1883-05-11,,"Boston, City of",,Drisko Street; Huntington Avenue,"Overlays of 6 schemes.  Schemes show blocks of multiple lots with rough dimensions and layouts for new streets and passageways.  Some plans show % amount consumed by streets and passageways.  First scheme shows information on lot ""taken by City for Street, May 12, 1881"" and note referencing what the plans refer to and indicates that plans represent varying methods of laying out the streets.",See  https://archives.bpl.org/repositories/2/archival_objects/66218 for other versions of these plans (in the Parker Street / Rogers Street group). ,,Fuller & Whitney,,,1009 - 1014,1 in = 100 ft,42.33912204,-71.09084359,6,,1,6.5 x 7,Survey Plan,Ink on vellum,Stored in Permalife folder insert.
Perkins_16_13,"Boston, MA","[Untitled - Drisko, Parker, and Rogers Street - Underlayment]",1883-05-11,,,New England Manufacturers and Mechanics Institute Building,Back Bay Park; Courtland Place [Discontinued]; Drisko Street [Discontinued]; Greenleaf Street; Huntington Entrance [Forsythe Way]; Mechanic Street; Parker Street [Fenway]; Rogers Avenue [Forsythe Street]; Russell Street,"Underlayment plan for schemes in Perkins_16_12. Shows broad outlines of neighboring streets as well as 3 blocks of lots, two with building outlines displayed with hatching, and extension of Rogers Avenue.",See  https://archives.bpl.org/repositories/2/archival_objects/66218 for other versions of these plans (in the Parker Street / Rogers Street group). ,,Fuller & Whitney,,,1009,1 in = 100 ft,42.33912204,-71.09084359,1,,1,17 x 14.5,Survey Plan,Ink on vellum,
Perkins_16_14_A_H,"Boston, MA",[Untitled - Boylston Road and Ipswich Street - 8 overlays],1898-01-03,,,New York City and Hartford Railroad,Back Bay Fens [Lost Emerald Necklace]; Boylston Street; Ipswich Street; Massachusetts Avenue; Parker Street [Hemenway Street];,"Overlays of 8 schemes.  Schemes show blocks of multiple lots with rough dimensions and layouts for new streets and passageways.  Some plans show amount of waste in sf and as % of the whole.  Some plans show areas of lots designated as restricted.  Plan No. 8 indicates revised February 24, 1905 and shows layout for what is now the Fenway studios.",See  https://archives.bpl.org/repositories/2/archival_objects/66218 for other versions of these plans (in the Ipswich Street group). ,,"Whitney, William H.",,,1981 - 1987,1 in = 80 ft,42.34712081,-71.08998607,8,,1,13 x 6,Survey Plan,Ink on vellum,Stored in Permalife folder insert.
Perkins_16_15,"Boston, MA",[Untitled - Boylston Road and Ipswich Street - Underlayment],1898-01-03,,,Boston and Albany Railroad; Mass.  Historical Society; O'Reilly Statue,Back Bay Fens [Lost Emerald Necklace]; Boylston Street; Ipswich Street; Massachusetts Avenue; Parker Street [Hemenway Street];,Underlayment plan for schemes in Perkins_16_14. Shows broad outlines of neighboring streets and abutters. Fens riverways outlined in blue.,See  https://archives.bpl.org/repositories/2/archival_objects/66218 for other versions of these plans (in the Ipswich Street group). The O'Reilly Statue is the John Boyle O'Reilly Memorial by Daniel Chester French,,"Whitney, William H.",,,1981 - 1987,1 in = 80 ft,42.34712081,-71.08998607,1,,1,17 x 15,Survey Plan,Ink on vellum,Discoloration. Edge damage.
Perkins_16_16_A_B,"Boston, MA",[Untitled - Boylston Street - 2 overlays],1898-01-03,,"Peabody, Francis, Jr., heirs; Whitney, Susannah, heirs",,Boylston Street,"Overlay in two sections of single scheme showing five lots (three of which are numbered) with dimensions and sf.  Lots straddle property of both owners, reflected by property line.",,,"Whitney, William H.",,,1991,1 in = 40 ft,42.34382583,-71.09994388,2,,1,4.5 x 3.5,Survey Plan,Ink on vellum,Stored in folder insert.
Perkins_16_17,"Boston, MA",[Untitled - Boylston Street - Underlayment],Not dated,,"Peabody, Francis, Jr., heirs; Whitney, Susannah, heirs",,Boylston Street,"Underlayment plan for scheme in Perkins_16_16. Shows broad outlines of two lots with property line and ""line of street through monuments recently set."" ","See plans #1991-3149/1992-3150 in https://archives.bpl.org/repositories/2/archival_objects/66218 for other versions.  Based on ownership shown in urban atlases, plan probably was done in the late 1890s.",,"Whitney, William H.",,,1991,1 in = 40 ft,42.34382583,-71.09994388,1,,1,13.5 x 13.5,Survey Plan,Ink on vellum,
Perkins_16_18,"Boston, MA",[Untitled - Brookline Avenue and Longwood Terrace - 1 overlay],1898-09-13,,,,Brookline Avenue; Longwood Avenue; Longwood Terrace,"Overlay of single scheme showing three numbered lots with dimensions and sf. Two lots are abutted by ""strip added to [Longwood] Terrace.""",,,"Whitney, William H.",,,2021,1 in = 20 ft,42.33890709,-71.10749969,1,,1,12 x 7.5,Survey Plan,Ink on vellum,Stored in Permalife folder insert.
Perkins_16_19,"Boston, MA",[Untitled - Brookline Avenue and Longwood Terrace - Underlayment],1898-09-13 (Copied 1898-10-10),,,"Boston, City of; Forsaith, W.J.",Brookline Avenue; Longwood Avenue; Longwood Terrace,"Underlayment plan for scheme in Perkins_16_18. Shows broad outlines of one 17,430 sf lot with dimensions as well as 50 ft wide passageway and outline of City of Boston's buildings, which includes restricted area.",,,"Whitney, William H.",,,2021,1 in = 20 ft,42.33890709,-71.10749969,1,,1,15 x 15.5,Survey Plan,Ink on vellum,Discoloration.
Perkins_18_1,"Woburn, MA","Plan of the Estate in Woburn, Mass. belonging to Phillips Academy",1882-05-01,,Phillips Academy,"Collamore, Horace",Fowle Street; Mt. Pleasant Street; South Street,Subdivision plan showing five numbered lots with dimensions and sf.  Lot No. 1 contains footprint of house. Decorative border and lettering.  Penciled-in field notes and calculations.,,,"Hartshorne, George F.",,,,1 in = 20 ft,42.47381435,-71.14376576,1,,1,22 x 17.5,Survey Plan,Brownline on manilla,Buckling. Discoloration. Edge damage. Tears.
Perkins_18_2,"Woburn, MA","Plan of an Estate in Woburn, Mass. belonging to the A & M Association",1885-01-01,,A & M Association,"Bean, M.C.; Cooper, L.W.; Tufts College",Broad Street [Campbell Street],"Lot plan showing one 4,864 sf lot with dimensions and outline of 2 houses and one shed.  Contains ""original line.""  Decorative type for street name.",,,"Hartshorne, George F.",,,,1 in = 10 ft,42.48172502,-71.14819176,1,,1,19 x 13.5,Survey Plan,Ink on manilla,Discoloration.
Perkins_18_3,"Woburn, MA","Plan showing proposed location of Armory, City of Woburn",1892-01-01,,"Woburn, City of",,Montvale Avenue; Prospect Street,Lot plan showing dimensions and grid in red ink of elevations.,An armory was built in 1892 next to a Swedish church and was replaced by a new armory in 1916.,,"Hartshorne, George F.",,,,1 in = 20 ft,42.47915874,-71.14953592,1,,1,18.5 x 12.5,Survey Plan,Ink on manilla,Discoloration. Edge damage.
Perkins_19_1,"Woburn, MA","Plan of Land in Woburn, Mass. Belonging to Albert F. Converse, Tr.",1905-10-06,,"Converse, Albert F., trust","Anderson, Ann M.; Coakley, M.; Converse, Gilbert F.; Donovan, Jennie C.; Johnson, John G.",Wood Street,Lot plan showing 4-acre lot with dimensions.  Decorative title and north arrow.,,,"Jones, William Butler",,,,1 in = 40 ft,42.48342034,-71.13403161,1,,1,18 x 18,Survey Plan,Ink on vellum,Discoloration.
Perkins_19_2,"Stoneham, MA","Plan of Land in Stoneham, Mass. Belonging to the Stoneham Tanning Co.",1908-08-03,,Stoneham Tanning Co.,"Kittridge; Knapp; McNamara; Mullen, J.; Spencer; Sweetser; Tidd, J.; ",Hancock Street; Pine Street; Spencer Street,Plan showing two lots with dimensions and sf.  Shows hatched outlines of building complex. Decorative lettering and directional arrow.,"Previously the J.H. Furbash Co., Stoneham Tanning provided high-end leathers, bags, and luggage.",,"Jones, William Butler",,,,1 in = 40 ft,42.47653837,-71.09919718,1,,1,21.5 x 16.5,Survey Plan,Ink on vellum,Discoloration. Edge damage. Folds. Tears. Stored in plastic sleeve.
Perkins_19_3,"Stoneham, MA",Topographical Map. Armory Lot.,1912-05-14,,Stoneham Armory,Streetcar,Main Street; Montvale Avenue,"Plan showing dimensions and grid of elevation points and outline of two cellars. Note indicates ""For Boston Base, Add 100 ft"" and ""Highest Mark 51.98 Top of Hyd."" Decorative directional arrow and border.",,,"Jones, William Butler",,,,1 in = 20 ft,42.48232603,-71.09993898,1,,1,16 x 21.5,Survey Plan,Ink on vellum,Discoloration.
Perkins_19_4,"Woburn, MA","Plan of Land in Woburn, Mass. Belonging to John G. Johnson",1913-04-05,,"Johnson, John G.","Anderson, Ann M.; Donovan, Jennie C.; Gould, Mary G.",Montvale Avenue; Prospect Street,"Lot plan showing one 115,000 sf [2.64 acres] lot with dimensions and footprint of house which is hatched and shaded.  Decorative directional arrow and border.",,,"Jones, William Butler",,,,1 in = 40 ft,42.48124901,-71.13374933,1,,1,24 x 15.5,Survey Plan,Ink on vellum,Discoloration.
Perkins_20_1,"Westford, MA","Map of Forge Village, Westwood, Mass. Showing property of Abbot Worsted Company.",1941-05-01,,Abbot Worsted Company,"Abbott Street; Boston & Maine Railroad (Stony Brook division); De La Maye; Hanley, Edward T.; Hosmer, William E.; Lowell & Fitchburg Railroad; Palermo; Pine Street; Sudak; Sutko, George; Westford, Town of",Elm Street; Forge Pond; Orchard Street; Palermo Street; Pine Street; Pleasant Street; Prescott Street West; Prospect Street; Story Street,"Subdivision plan showing 12 blocks of lots, with dimensions and sf.  Some lots display building footprints, some of which contain numbers, and some are labelled ""Conveyed"" with a date. Shows proposed street. Decorative directional arrow and lettering.","In the early 20th century, Abbot Worsted was the largest manufacturer of worsted wool in the world.  It was the focal point of what is now the Forge Village Historic District and it closed in the 1950s. In the 1940s, the company began to relinquish control over various streets in the Village.",,"Monahan, J.C. and W.T.",,,,1 in = 100 ft,42.58114566,-71.48460483,1,,1,25.5 x 18,Survey Plan,Ink on coated bond,Buckling. Discoloration. Stains.
Perkins_20_2,"Lowell, MA","Plan of Land & Buildings in Lowell, Mass. Occupied by Megowen-Educator Food Company",1947-05-01,,Megowen-Educator Food Company,Bradley; Courier Citizen Company; Hamilton Company; Jackson Properties;,Central Street; Hamilton Canal; Jackson Street; Pawtucket Canal,"Lot plan showing 96,386 sf lot comprised of 4 story brick building with hatching and dimensions and location of loading platform and party walls.  Also details a separate 49,217 sf lot with abutting passageway and conduit. Note says Red line indicates property lines. Right edge contains three punch holes, one with tape surround.","The Megowen-Educator Food Company was a manufacturer of snack foods and a major manufacturer of girl scout cookies.  In the 20th century, the site was transformed into an apartment loft building.",,"Monahan, J.C. and W.T.",,,,1 in = 40 ft,42.64298462,-71.3095196,1,,1,38 x 20,Survey Plan,Ink on coated linen,Discoloration. Edge damage. Taping.
Perkins_21_1,"Medford, MA","Plan of Lot in Medford, Mass conveyed by the Heirs of John D. Small",1921-03-01,,"Small, John D., heirs",Page & Curtin,High Street; Mystic River,"Lot plan showing 3,739 lot with dimensions and brick walls of adjacent buildings outlined in red. Plan drawn on verso of survey's letterhead stationary.",,,"Perkins, Dana F.",,,2558,1 in = 20 ft,42.41836368,-71.11061968,1,,1,8.5 x 11,Survey Plan,Ink on bond,Discoloration.
Perkins_21_2,"Revere, MA",Plan of Land in Revere Mass.,1919-02-01,,,,Lincoln Street; Mountain Avenue; Proctor Avenue; Washburn Avenue [Burbank Street],Subdivision plan showing 5 blocks comprising 63 numbered lots.  Lots 29 thru 63 display dimensions and sf. Blocks outlined in orange. Decorative directional arrow.,"Per urban atlases, some of the lots may have been owned by the estate of Charles E. Randall.",Suffolk Unindexed Plan Bk/Pg 1225/999,"Perkins, Dana F.",,,2623,1 in = 80 ft,42.41600174,-71.02339953,1,,1,15 x 13,Survey Plan,Ink on vellum,Discoloration.
Perkins_21_3,"Medford, MA","Plan of Land in Medford belonging to Leavitt, Woodworth & Sweatt",1891-10-21,,"Leavitt, Woodworth & Sweatt",,Brookings Street; Burget Avenue; Chester Avenue; George Street; Hume Avenue;,"Subdivision plan showing 4 blocks comprising lots numbered 44 lots with dimensions and sf.  Street corner dimensions are detailed and one area at rear labelled as ""to be reserved.""",,,"Hodges, Gilbert (Copied by Perkins, Dana F.)",,,2625,1 in = 30 ft,42.41225379,-71.11684582,1,,1,26 x 21.5,Survey Plan,Ink on vellum,Buckling. Discoloration.
Perkins_21_4,"Andover, MA","Homestead Village in Andover, Mass. Owned by Wm. A. Bennett",1921-11-16,,"Bennett, William A.",,Homestead Road [Linda Road]; Main Street; Rocky Mill Road; Westview Road,"Subdivision plan showing 3 blocks comprising lots 1 thru 85 with dimensions and sf.  Lot #81 is oversized and features hatched building footprint. Two other footprints featured.  Subdivision boundary outlined in blue. Note says: Original Lot No. 1 divided into Lots No. 81, 82, 83, 84, 85. Original Lot No. 54 divided into Lots No. 86, 87. Hallisey and Levy, Eng'rs.",,Northern Essex Plan PL-593,"Perkins, Dana F.",,,2673,1 in = 80 ft,42.61522295,-71.12398697,1,,1,21 x 18,Survey Plan,Ink on vellum,Discoloration. Stains.
Perkins_21_5,"Harwichport, MA",Plan of Land in Harwichport belonging to M.S. Ayer,1917-03-01,,"Ayer, Marcellus S.",,[Ayer Lane]; Ocean View Road [Defunct]; Old Wharf Road [Defunct],Subdivision plan showing 3 blocks comprising lots 1 thru 25 with dimensions and sf.  Lower right-hand corner bears stamp: Geo. E.L. Lawrence - Boston.,Location is approximate; proposed subdivision was part of a larger proposed subdivision of land owned by M.S. Ayer.,,"Perkins, Dana F.",,,3203,1 in = 40 ft,41.66424103,-70.07852581,1,,1,8 x 10,Survey Plan,Ink on coated linen,Discoloration.
Perkins_21_6,"Andover, MA","Absolute Auction Sale: Homestead Village in Andover, Mass. Owned by Wm. A. Bennett",1924-06-14,,"Bennett, William A.",,Homestead Road [Linda Road]; Main Street; Rocky Mill Road; Westview Road,"Auctioneer's sales announcement of Survey No. Perkins_21_4.  Includes terms of sale, description of main house (8 rooms) and 73 ""choice building lots.""  Also lists proximity to State Highway and ponds where ""Bathing and Fishing can be enjoyed.""","Cleveland and Patten were auctioneers based in Stoneham.  A version of the flyer appeared in the June 6, 1924 version of the Andover Townsmen newspaper.",,"Perkins, Dana F.",,"Cleveland, E.M & Patten, C.E.",3236,Not applicable,42.61522295,-71.12398697,1,,1,12.5 x 9.5,Auctioneer Plan,Lithograph,Discoloration. Edge damage. Taped edges.
Perkins_21_7,"Tewksbury, MA",Zoning Map of Tewksbury for Planning Board,1949-10-01,,"Tewksbury, Town of",Boston and Maine Railroad,,"Zoning map of entire town of Tewksbury.  Displays major roads, water features, and railroads.  Legend details hatching styles for single and general residences; local businesses; and industry. Includes lines for listing planning board ""approvals"" - first line completed as of January 23, 1950. ",,,"Perkins, Dana F.",,,6569,Not provided,42.610556,-71.234722,1,,1,14 x 17.5,Zoning Map,Brownline on manilla,
Perkins_21_8,"Medford, MA","Plan of House Lots situate in Medford, Mass. For Sale by P. H. B Loan",1904-09-01,,"Loan, P.H.",Boston Elevated,Carney Street; Fells Parkway West; Grant Avenue; Salem Street; Spring Street,Auctioner's subdivision map showing 8 blocks comprising 132 lots with dimensions and sf.  Several lots display building footprints. Decorative titles. Is reduced version of scaled survey plan.,,,"Perkins, Dana F.",,,8395,1 in = 40 ft,42.41901864,-71.0921657,1,,1,15.5 x 11,Auctioneer Plan,Lithograph or brownline on manilla,Discoloration. Edge damage. Taped edges. Tears.
Perkins_21_9,"Harwichport, MA",Plan of Land in Harwichport belonging to M.S. Ayer,1917-03-01,,"Ayer, Marcellus S.",,[Ayer Lane]; Atlantic Ocean; Ocean View Road [Defunct]; [Sea Street],Subdivision plan showing 15 blocks comprising lots 1 thru 264 with dimensions and sf.,"Marcellus Ayer was a wholesale grocer in Harwichport. Per 1910 Urban Atlas, Ayer's property was between Pine Street and Sea Street. The names of the streets shown on the plan no longer exist. Plan shows multiple reference numbers, including 4405 and 10345.",Barnstable Plan Bk/Pg 18/91,"Perkins, Dana F.",,,11345,1 in = 100 ft,41.66424103,-70.07852581,1,,1,16 x 13.5,Survey Plan,Ink on coated linen,Crackling.
Perkins_21_10,"Tewksbury, MA","Site Plan - Land in Tewksbury, Mass.",1965-02-08,,,,Main Street (Route 38),Subdivision plan showing three sets of buildings for brick apartment house and office buildings plus private street and three parking lots.  Displays rendered trees and scale cars.  Features are shaded with colored pencil. Decorative directional arrow and small location map.,,,"Perkins, Dana F.",,,13037,1 in = 20 ft,42.600064,-71.222042,1,,1,24 x 18,Survey Plan,Ink and color pencil on manilla,Discoloration. Edge damage.
Perkins_21_11,"Tewksbury, MA","Land in Tewksbury, Mass.",1956-05-16,,,"Donegan, Benedetta J. & Carson J.; Holland, Herbert F. & Marie T.; Lacroix, Eleanor A. & Wilbur A.; Motherway, John P. & Patricia; North Shore Builders, Inc. Prebensen, Harold L. Catherine M.; Salemi, Ernest J. & Rosemary; Santos, Mary E. & Barbara; Soderlund, Herbert G. & Louise R.; Tambone, Antonia J.; Turpin, Ralph W.; Winter, Barbara & Roscoe H. & Mary S.",Lowe Street; Shawsheen Street,"Subdivision plan showing six blocks comprising 68 lots with dimensions, sf, and orientation degrees. Additional directional information in red ink. Contains surveyor's certification statement and stamp and table of dates of reviews by Tewksbury Planning Board.  Stamp indicates plan approved 09-15-1959. Notations indicate site abuts abandoned railroad county line and that ""approval of this plan is for Land Court purposes only.""",Plan displays names of streets that were never built.,Middlesex North Plan Bk/Pg 86/182,"Perkins, Dana F.",,,,1 in = 100 ft,42.607662,-71.18941,1,,1,24 x 18,Survey Plan,Ink on vellum,Taped edge.
Perkins_21_12,"Lynnfield, MA","Map of the Town of Lynnfield, Massachusetts",Not dated,,,"Boston & Maine Railroad, Boston & Lowell Branch and Newburyport Branch",Chestnut Street; Essex Street; Lynnfield Center; Main Street; Salem Street; Summer Street; Walnut Street; Hawkes Pond; Lake Sauntaug; Pillings Pond; Saugus River; Walden Pond; Willis Brook,"Town map showing roads, bodies of water, railroad lines, abutting towns.",,,"Perkins, Dana F.",,,17360,1 in = 1200 ft,42.538889,-71.048611,1,,1,20.5 x 12.5,Map,Pencil on vellum,Taped edge.
Perkins_21_13,"North Andover, MA","Plan of Tremont Valley Farm, West of Salem Turnpike, North Andover, MA",1933-02-16,,,"Bailey; Bencker, John A.; Boston & Maine Railroad, Lawrence & Salem Branch; Carleton, A.D.; Foster, Orrin; Fuller; Johnson, C.F.; Newhill, Charles",Farnum Street; Molltown Street; Summer Street,"Subdivision plan showing 44 numbered lots with dimensions and acreage. Most lots are named and reference pastures, meadows, swamps, and homesteads. Two lots display building footprints. Decorative title and north arrow.",Tremont Valley was a historic farm owned by the Carleton family.,,"Perkins, Dana F.",,,17806,1 in = 100 ft,42.65640344,-71.09262002,1,,1,33 x 19,Survey Plan,Pen on manila,Discoloration.
Perkins_21_14,"Medford, MA",Wellington on the Fellsway,1909-11-09,,"Wellington, James, estate of",Boston & Maine Railroad,Aspen Road [defunct]; Craddock Street; Elm Road [defunct]; Fellsway; Fifth Avenue; Linden Road [defunct]; Maple Road [defunct]; Revere Beach Parkway; Sixth Avenue; Seventh Avenue,Subdivision plan showing 189 numbered plans and 15 lots labelled A through N with dimensions and sf. Displays building footprints on adjacent plots and train depot.,"This section was owned by the Wellington family, for which the neighborhood and a subway station are named.",,"Perkins, Dana F.",,,913216,1 in = 150 ft,42.407007,-71.079211,1,,1,9 x 11.5,Survey Plan,Brownline on manilla,Discoloration. Edge damage. Taped seams. Folds.
Perkins_22_1,"Stoneham, MA",Land in Stoneham,1926-08-24,,,"Burns, Cornelius H.; Dyer, Harry I.; Gallagher, Ann. P.",11 High Rock Road; Main Street; Town Way [High Rock Road],"Lot plan showing one 10,622 sf lot with dimensions and building footprint alongside abutting lots. References ""Case #36184"" and contains surveyor's certification statement that survey made in accordance with Land Court Instructions.",,Middlesex South LC Plan #11850A,"Perkins, Dana F.",,,Y-1,1 in = 20 ft,42.470275,-71.098765,1,,1,24 x 18,Survey Plan,Ink or brownline on vellum,Buckling. Discoloration.
Perkins_22_2_A,"Somerville, MA","Plan of House Lots for the Union Associates of Somerville, Somerville, Mass",1911-02-09,,Union Associates of Somerville,"McCombie, John; Pratt, formerly",Benedict Street; Mystic Avenue; Union Street [Defunct],Subdivision plan showing 5 numbered lots with dimensions and sf.  Is preliminary draft with penciled notations and calculations. Upper right-hand corner stamped with number 9.,,,"Perkins, Dana F.",,,9,1 in = 20 ft,42.3873098,-71.07980647,1,,2,23 x 18,Survey Plan,Ink and pencil on manilla,Discoloration. Edge damage. Punched holes on binding edge.
Perkins_22_2_B,"Medford, MA","Plan of Estate for A.L. Knapp, Medford, Mass.",1910-12-14,,"Knapp, A.L.","Knapp, Marion L.; Lewis, John B.; Weathers, Mary W.",Lewis Street; Main Street,"Lot plan showing 9,543 sf lot with dimensions.  Is preliminary draft with pencilled notations and calculations. ",Is verso of plan Perkins_22_2_A,,"Perkins, Dana F.",,,Y-4,1 in = 20 ft,42.399916,-71.103164,,,,23 x 18,Survey Plan,Ink and pencil on manilla,Discoloration. Edge damage. Punched holes on binding edge.
Perkins_22_3_A,"Somerville, MA","Plan of Land for Maurice Buttimer, Somerville, Mass.",1911-07-10,,"Buttimer, Maurice; Ducey, Annie T.",,Fisk Avenue; Lowell Street,"Plan showing 2 lots with dimensions, sf, and house footprints.  Preliminary drawing. Note says compiled from Plan of Land in Somerville belonging to Annie T. Ducey, March 20, 1911, ___ Pearson, surveyor. Fisk Avenue is spelled Fiske.",,,"Perkins, Dana F.",,,12,1 in = 15 ft,42.39609,-71.104133,1,,2,23 x 18,Survey Plan,Pencil on manila,Discoloration. Edge damage. Punched holes on binding edge.
Perkins_22_3_B,Not provided,[Untitled - Floor plan],Not dated,,,,,"Preliminary drawing of floor layout, featuring entrance, stairway, and toilet stalls, and column and pipe locations. Lacks metadata regarding location, occupants, scale, etc.",,,"Perkins, Dana F.",,,Y-7,Not provided,,,,,,23 x 18,Architectural Drawing,,Discoloration. Edge damage. Punched holes on binding edge.
Perkins_22_4_A,"Somerville, MA","Plan of Land for Dudley F. Hunt, Somerville, Mass.",1901-02-28,,"Hunt, Dudley F.","Gayer, E.",Conwell Avenue; Grant Avenue [Defunct]; North Street; West Adams Street,"Preliminary subdivision plan showing 3 blocks of lots, with dimensions and sf. Two lots are numbered and one displays building outline.  Contains penciled notes and calculations.",,,"Perkins, Dana F.",,,Y-8,1 in = 40 ft,42.408891,-71.128306,1,,2,23 x 18,Survey Plan,Ink and pencil on manilla,Discoloration. Edge damage. Punched holes on binding edge.
Perkins_22_4_B,"Medford, MA",[Untitled - Lot at Boston Avenue and Winthrop Street],Not dated,,,Boston & Maine Railroad; Green; Sleeper,Boston Avenue; Winthrop Street,"Preliminary lot plan showing outline of 5,927 sf lot with dimensions and names of abutters. Contains penciled notes and calculations.",,,"Perkins, Dana F.",,,14,1 in = 20 ft,42.41155,-71.121674,,,,23 x 18,Survey Plan,Ink and pencil on manilla,Discoloration. Edge damage. Punched holes on binding edge.
Perkins_22_5_A,"Somerville, MA","Plan of Land for G.S. Eccles, Somerville, Mass.",1910-12-01,,"Eccles, G.S.","Hill, Clara A.; Stolar, Anthony",Essex Street; Medford Street,"Preliminary lot plan showing outline of 3,108 sf lot with dimensions and footprint of house.   Contains penciled notes and calculations.",First of two sketches on front side of sheet.,,"Perkins, Dana F.",,,17,1 in = 100 ft,42.389886,-71.098187,1,,2,23 x 18,Survey Plan,Ink and pencil on manilla,Discoloration. Edge damage. Punched holes on binding edge.
Perkins_22_5_B,"Medford, MA","Plan of Lots for George L. Downing, Medford, MA",1910-12-08,,"Downing, George L.","Atherton, Lily B. & L. Florence, trustees; Barr, Jennie; Carven, Mary K.; McMullen, John H.",Albion Street; Wiliam Street,"Preliminary subdivision plan showing 4 number lots with dimensions and sf.  Note indicates William St. ""public 1902.""  Contains penciled notes and calculations.",Second of two sketches on front side of sheet.,,"Perkins, Dana F.",,,17,1 in = 20 ft,42.39985022,-71.10673993,,,,23 x 18,Survey Plan,Ink and pencil on manilla,Discoloration. Edge damage. Punched holes on binding edge.
Perkins_22_5_C,"Medford, MA","Plan of Estate of the Heirs of Emeline A. Sparr, Medford, Mass.",1910-12-05,,"Sparr, Emeline A., heirs","Bentley, Alice L.; Bentley, John; City Five Cent Savings Bank of Haverhill; Pitman, Reuben M.; Tucker, Daniel, heirs; ",Magoun Street; Park Street; Pleasant Street,"Preliminary lot plan showing 15,602 sf lot with dimensions, sf, outline of house, and location of fence.",Single sketch on verso side of sheet.,,"Perkins, Dana F.",,,Y-11,1 in = 20 ft,42.415967,-71.100441,,,,23 x 18,Survey Plan,Ink and pencil on manilla,Discoloration. Edge damage. Punched holes on binding edge.
Perkins_22_6_A,"Somerville, MA","Plan of House Lots owned by John Costello, Somerville, Mass.",1910-10-26,,"Costello, John",,Medford Street; Tennyson Street,"Preliminary subdivision plan showing 2 numbered lots, one with building footprint. Contains penciled notes and calculations.",,,"Perkins, Dana F.",,,20,1 in = 10 ft,42.39185945,-71.1001516,1,,2,23 x 18,Survey Plan,Ink and pencil on manilla,Discoloration. Edge damage. Punched holes on binding edge.
Perkins_22_6_B,"Medford, MA",Plan and Profile of part of Fulton Spring Road for laying water pipe,1910-10-10,,,"Severance, Gertrude A.",Fulton Street; Fulton Spring Road,"Preliminary drawing showing plan view of lots along two streets with dimensions and building footprints.  Elevation view shows grading with base line 110 ft above city base; lines shown for grade of center line, and north and south lines, in varying colors and strokes.  Includes table of hydrant elevations.  Contains penciled notes and calculations.",,,"Perkins, Dana F.",,,Y-12,Horiz: 1 in = 40 ft; Vert: 1 in = 6 ft,42.429043,-71.098763,,,,23 x 18,Survey Plan,Ink and pencil on manilla,Discoloration. Edge damage. Punched holes on binding edge.
Perkins_22_7_A,"Medford, MA",Land in Medford,1922-03-10,,,,Ash Street; Fairmount Street; Fellsway West; Riverside Drive,"Preliminary subdivision plan showing 7 lots numbered 42 - 46 and 62 - 63, with dimensions and sf.  Contains penciled notes and calculations. Decorative north arrow and title.",Geographic location is unclear; plan does not reflect contemporary streets.,,"Perkins, Dana F.",,,Y-35,1 in = 20 ft,,,1,,2,18 x 16,Survey Plan,Ink and pencil on manilla,Discoloration. Edge damage. Punched holes on binding edge.
Perkins_22_7_B,"Medford, MA",[Untitled - Land in Medford at Fellsway West and Salem Street],Not dated,,,Hook,Fellsway West; Salem Street,"Preliminary plan showing 5 lots with dimensions, sf, and reference points.  Decorative north arrow. No metadata.",,,"Perkins, Dana F.",,,,1 in = 20 ft,42.424149,-71.089455,,,,18 x 16,Survey Plan,Ink and pencil on manilla,Discoloration. Edge damage. Punched holes on binding edge.
Perkins_22_8_A,"Stoneham, MA",Poplar St. Plan and Profile,1924-07-01,,,Boyd; Carbee; Emerson; Libbey; Peffers; Perkins; Richardson; Tidd,Cedar Avenue; Maple Street; Poplar Street,"Preliminary drawing showing plan view of street with east-west and north-center-south elevations and location of pipe.  Select lot dimensions.  Elevation heights and notes in multiple colors. Blank ""Approved"" block.",,,"Perkins, Dana F.",,,Y-36,Horiz: 1 in = 40 ft; Vert: 1 in = 4 ft,42.47912843,-71.1053048,1,,2,24 x 17,Survey Plan,Ink and pencil on manilla,Discoloration. Edge damage. Punched holes on binding edge.
Perkins_22_8_B,"Stoneham, MA","Stoneham, Mass.",1924-08-08,,,,Central Street; Pleasant Street,"Preliminary drawing of street intersection with curb corners, poles and hydrants, and trees indicated.",,,"Perkins, Dana F.",,,,1 in = 10 ft,42.482011,-71.098808,,,,24 x 17,Survey Plan,Ink and pencil on manilla,Discoloration. Edge damage. Punched holes on binding edge.
Perkins_22_9_A,"Stoneham, MA",[Untitled - Street layout in Stoneham at Main and William Streets and Montvale Avenue],Not dated,,,Boston & Maine Railroad,Central Street; Elm Street; Franklin Street; Gould Street; Hancock Street; Maple Street; Montvale Avenue; Pine Street; Pomeworth Street; Spencer Street; Washington Street; William Street; Wright Street,"Preliminary street layout showing section of Stoneham near the intersection of Main Street [Route 28], William Street, and railroad.  Various lines in pencil and red ink are overlaid to display elevation and other measurements. Note indicates baseline of 200.",,,"Perkins, Dana F.",,,,Not provided,42.484316,-71.100174,1,,2,18 x 17.5,Street Plan,Ink and pencil on manilla,Discoloration. Punched holes on binding edge.
Perkins_22_9_B,"Stoneham, MA; Woburn, MA",Land in Stoneham and Woburn.,1923-08-09,,,,Montvale Avenue,Preliminary lot plan showing outline of two non-contiguous lots with dimensions and sf.  Lots are labelled A and B. Displays penciled measurements and indicates town boundary.,,,"Perkins, Dana F.",,,Y-38,1 in = 60 ft,42.480206,-71.113497,,,,18 x 17.5,Survey Plan,Ink and pencil on manilla,Discoloration. Punched holes on binding edge.
Perkins_22_10,"Lynnfield, MA; Peabody, MA","Plan of Lynnfield Acres, Suntaug Lake & Island",1908-06-01 (Copied 4/1/1934),,,"Boston & Maine Railroad; Berry; Collins; Elder; Ives; Lawrence; Loring; Mansfield, John; Marsh; Newhall, Hiram L.; Pierce, John G.; Proctor; Ruddin; Silsbee, Sarah G.; Southwick, Walter A.; Taylor, Mary A.; Twiss; Peabody, City of",Lake Street; Locust Street; Newbury Street [Route 1]; Summer Street; Winona Street,Subdivision plan showing 5 numbered parcels subdivided into 34 numbered lots with dimensions. Parcel #4 is shown separately at enlarged scale. Plan displays property and town lines through Suntaug Lake and Humphries Island. Decorative north arrow.,See Plan # Perkins_23_4 for blueprint version. Perkins version does not show schedule of abutting owners that appears on original plan by Metcalf. Southern Essex Registry has other plans related to subdivision.,Essex South Bk/Pg 17/5,"Metcalf, Charles A. (Copied by Perkins, Dana F.)",,,,Not provided,42.522306,-71.004666,1,,1,27.5 x 17,Survey Plan,Ink on vellum,Buckling. Discoloration.
Perkins_22_11,"Reading, MA","Pinevale Ave. Extension. Reading, Mass.",1934-07-01,,,"Cummings, John R.; Gillely, Marion C.; Hall, Jane M.; Lindquist, Alfred; McMillon; Nelson, Dewey & Ruth C.; McAuley, William J.; Stockwell, C.P.; Sullivan, John N.; Thorn, Jesse",Knollwood Road; Main Street; Pinevale Avenue,"Preliminary street layout showing a block of lots with dimensions, sf, lot occupants, and building footprints.  Proposed extension of Pinevale Avenue shown with dashed red line and shading.",,,"Perkins, Dana F.",,,Y-47,1 in = 40 ft,42.51364911,-71.10572977,1,,1,25.5 x 24.5,Survey Plan,Ink on yellow trace vellum,Discoloration. Edge damage.
Perkins_23_1,"Stoneham, MA","Plan of Henry F. Andrews Estate in Stoneham, MA",1919-12-05,,"Andrews, Henry F., estate of","Brown; Massey; Patch, E.L.",Chestnut Road; Cowdrey Road [Grant Street]; Hancock Street; Ledge Street; Lincoln Street; Maple Street,Subdivision plan showing 4 blocks comprising 64 numbered lots with dimensions and sf.,,Middlesex South Deed Bk/Pg 4378/339,"Perkins, Dana F.",,,Y-3,1 in = 50 ft,42.477869,-71.104825,1,,1,22.5 x 18.5,Survey Plan,Blueprint,Discoloration.
Perkins_23_2,"Medford, MA","Plan of House Lots for Eugene G. Ayer, Medford, MA",Not dated,,"Ayer, Eugene G.",Boston Elevated; Cavanaugh Brothers; Hook,Columbus Avenue [Defunct]; Fells Parkway West; Lambert Street; Maynard Road [Defunct]; Salem Street; Sherwood Road [Spring Street Extension],"Subdivision plan showing 4 blocks comprising 43 numbered lots with dimensions and sf. 4 abutting lots display building footprints. Decorative titles and north arrow. Verso has sticker with text: Ayer, E.J.","Site was originally a store block owned by Ayer, a wholesale grocer.",,"Perkins, Dana F.",,,Y_37,1 in = 40 ft,42.423275,-71.091242,1,,1,21.5 x 19,Survey Plan,Blueprint,Discoloration. Edge damage. Punched holes on binding edge.
Perkins_23_3,"Medford, MA","Plan of Land belonging to John J. Dwyer situated in Medford, MA",1921-05-10,,"Dwyer, John J.","Anderson, Mary E.; Dwyer, Thomas; Fitzgerald, E.M.; Frazier, Mary; Joy, Ellen; O'Mara, Mary A.; Sullivan, Mary E.",48 - 54 Paris Street; 277 Park Street,"Lot plan showing 16,000 sf lot with dimensions and footprint of house and location of fence. Street addresses of abutters are provided. Post-print markings divide the lot into 3 sections marked A, B, C. Decorative titles.",,Middlesex South LC Plan #3823A (Cert. #3777),"Perkins, Dana F.",,,Y_39,1 in = 20 ft,42.423565,-71.098592,1,,1,15.5 x 18,Survey Plan,Blueprint,
Perkins_23_4,"Lynnfield, MA; Peabody, MA","Plan of Lynnfield Acres, Suntaug Lake & Island",1908-06-01 (Copied 4/1/1934),,,"Boston & Maine Railroad; Berry; Collins; Elder; Ives; Lawrence; Loring; Mansfield, John; Marsh; Newhall, Hiram L.; Pierce, John G.; Proctor; Ruddin; Silsbee, Sarah G.; Southwick, Walter A.; Taylor, Mary A.; Twiss; Peabody, City of",Lake Street; Locust Street; Newbury Street [Route 1]; Summer Street; Winona Street,Subdivision plan showing 5 numbered parcels subdivided into 34 numbered lots with dimensions. Parcel #4 is shown separately at enlarged scale. Plan displays property and town lines through Suntaug Lake and Humphries Island. Decorative north arrow.,See Plan # Perkins_22_10 for source version. Perkins version does not show schedule of abutting owners that appears on original plan by Metcalf. Southern Essex Registry has other plans related to subdivision.,Essex South Bk/Pg 17/5,"Metcalf, Charles A. (Copied by Perkins, Dana F.)",,,Y_42,Not provided,42.522306,-71.004666,1,,1,25 x 15.5,Survey Plan,Blueprint,Blurred sections. Edge damage.
Perkins_23_5,"Reading, MA","Plan and Profile of Pinevale Avenue, Reading, Mass. Owned and Developed by Start Realty Trust, Boston, Mass.",1927-09-22,,Star Realty Trust,"Lindquist, Lillie E.; Sawyer, William W.; Thorne, Jesse S.; Wright, George B.",Main Street; Pinevale Avenue; Star Road [Defunct],"Upper half of sheet shows street elevation drawn on engineering grid with present ground center, north, and south lines shown.  Bottom half of sheet shows subdivision with 3 blocks comprising 18 numbered lots with dimensions and se. Several lots display building footprints or location of trees.  Decorative titles. Contains box for signatures by Board of Public Works; note by Rand indicates ""Approved this 21 day of Oct. 1927.",John F. Rand was civil engineering based in Melrose; Star Realty Trust was based in Boston.,,"Rand, John F.",,,Y_47,Horiz: 1 in = 40 ft; Vert: 1 in = 4 ft,42.51473437,-71.10380366,1,,1,29.5 x 21,Engineering Drawing,Blueprint,Edge damage.
Perkins_23_6,"Reading, MA","Pinevale Avenue, Reading, MA.",1930-09-01,,,"Cleveland, Corrilla R.; Knapp, Arthur C.; Lindquist, Alfred; Lindquist, Lillie E.; Nichols, Elva M.; Sawyer, William W.; Thorn, Jesse S.; Wright, George B.",Pinevale Avenue; Star Road [Defunct],"Street layout showing revision of layout of Pinevale Avenue, with dimensions, reference measurements, and road features.  Shows revised frontage of Lots 9 through 12 shown on plan # Perkins 23-5.  Shows abutters names and selected building footprints.  Contains box for signatures by Board of Public Works and testament that plan was recorded by town clerk on 1931-02-12.",,,Davis & Abbott,,,Y_47,1 in = 40 ft,42.51473437,-71.10380366,1,,1,21 x 15.5,Engineering Drawing,Blueprint,Edge damage.
Perkins_23_7,"Reading, MA","[Untitled - Correspondence related to railroad lines near Lowell Street, Reading, Mass.",1925-02-18,,,,Lowell Street,"Typewritten business letter from E.W. Chapman, real estate engineer for Boston & Maine Railroad to Dana Perkins in response to telephone request re ""Railroad boundary on the east side of our right of way just beyond Lowell Street, Reading, Mass."" Letter refers to enclosed blueprint (Plan #Perkins-23-8) and indicates exchange is related to an issue of ""cutting wood.""  Letter is coded as ""File L-2-11-2.""",See #Perkins_23_8 for blueprint sketch referenced in letter.,,Boston & Maine Railroad,,,,Not applicable,,,1,,1,8 x 11,Misc,Bond paper,Discoloration.
Perkins_23_8,"Reading, MA","Plan showing Railroad Property Line, Reading, Mass",1925-02-01,,Boston & Maine Railroad,,Lowell Street,"Layout of railroad track at intersection with Lowell Street.  Highlights center line between tracks, proximity to railroad property line, and location of block signal D138 and Culvert #13A721+78.60",See #Perkins_23_7 for context.,,Boston & Maine Railroad,,,,1 in = 100 ft,42.53614068,-71.13037177,1,,1,21.5 x 8,Engineering Drawing,Blueprint,Folds.
Perkins_23_9,"Reading, MA","Railroad Land Lines in Reading, Mass. Val Sec. 2M, Map 11",1924-04-01,,Boston & Maine Railroad,,Lowell Street,"Layout of railroad track at intersection with Lowell Street. Highlights center line between tracks and location of takes, bolts, and ""wood road."" Contains statement: Based on plan S152-25 (1896) and H.B. Beare's N.B. 2442, p. 2-27. Additional notes by A.E. Hoxie, 1924. N.B. M149, p. 10,11.""",,,Boston & Maine Railroad,,,Y_56,1 in = 80 ft,42.53614068,-71.13037177,1,,1,27 x 8.5,Engineering Drawing,Blueprint,Discoloration. Folds.
Perkins_24_1,"Newton, MA",Plan of Land in West Newton,1895-04-08,,Burrell & Swett,"Brackett, C.M. & A.;Cox; Van Duzee, Jane S.",Prospect Street,Subdivision plan showing 12 numbered lots with dimensions and sf. Decorative north arrow and title.,Burrell & Swett were real estate developers and insurance agents with offices at 17 Milk Street and in Melrose.  Walter Stevens was a well-known surveyor in the Melrose area in the late 19th-century/early 20th century era.,,"Stevens, Walter C.",,,283/S-39,1 in = 30 ft,42.344696,-71.232313,1,,1,18 x 13,Survey Plan,Blueprint,Discoloration. Edge damage. Stored in plastic sleeve.
Perkins_24_2,"Melrose, MA",Plan of Land in Melrose belonging to George & Alice L. Snowden,1904-04-01,,"Snowden, George & Alice L.","Bennett; Brown, Fred W.; Burnett, Sarah E.; Casselly, Edmund & Mary; Higgins, Maria T.; Hunnewill, H.E.; Stillman, E.D.",Beech Avenue; Mount Hood Terrace,"Plan showing 14,565 square acre lot with smaller parcel as sold to E.D. Stillman.  Lot displays dimensions, building footprints, and unnamed roads.  Decorative north arrow and title.",,,"Stevens, Walter C.",,,A-24,1 in = 100 ft,42.45347697,-71.04410542,1,,1,15 x 14,Survey Plan,Blueprint,Discoloration. Edge damage. Stored in plastic sleeve.
Perkins_24_3,"Melrose, MA",Plan of Land in Melrose belonging to William Wooldridge,1905-08-01,,"Woolridge, William","Hill, Charles F.; Wells, William H.",847 Main Street; Short Street,"Lot plan showing 8,615 sf with dimensions and outlines of two buildings. Decorative north arrow and title.",,,"Stevens, Walter C.",,,A_41,1 in = 20 ft,42.463395,-71.061828,1,,1,14.5 x 10,Survey Plan,Blueprint,Faded print. Stored in plastic sleeve.
Perkins_24_4,"Melrose, MA; Stoneham, MA",Plan of Land in Melrose and Stoneham belonging to C.C. Worthen (heirs of Leeds and Vinton),1931-06-15,,"Worthen, C.C.","Cassell; Clark; Ferulla; Green, S.H.; Hatch; Jetts; Kittredge; McGlome; Morrey; Morse; Pease; Phillips; Vincent; Seaver; Smith; Taylor; Worthern, A.G.",Middlesex Fells Reservoir (Lynn Fells Parkway); Perkins Street; Warwick Road; Youle,Subdivision plan showing multiple lots with select dimensions and SF as well as current occupants' names. Highlights town line between Melrose and Stoneham.  Displays table of sf in both towns as well as additional notes and lines in red pencil.  Note states: This plan made from survey notes and plan by Walter C. Stevens. Oct. 1896.,,,"Stevens, Walter C. (Copied by Dyer, John)",,,Y_40,1 in = 60 ft,42.463233,-71.078479,1,,1,29.5 x 15.5,Survey Plan,Blueprint,Discoloration. Edge damage. Fading. Stored in plastic sleeve.
Perkins_24_5,"Watertown, MA",Plan in Watertown belonging to Geo. E. Quimby,1896-07-01,,"Quimby, George E.","Walker, George W.",Chestnut Park [Defunct]; Dexter Avenue; Melendy Avenue; Nichols Street [Nichols Avenue]; Quimby Street,Subdivision plan showing 3 blocks comprising 40 numbered lots with dimensions and sf.   Decorative north arrow and title.,,,"Stevens, Walter C.",,,2917,1 in = 40 ft,42.367143,-71.160434,1,,1,25 x 19,Survey Plan,Brownline on vellum,Discoloration. Edge damage.
Perkins_24_6,"Watertown, MA",Plan of Radcliff Terrace in Watertown belonging to Geo. E. Quimby & Co..,1897-06-01,,"Quimby, George E.","Adams, Alvin, estate of; Brown; Bundy; Campbell",Cypress Street; School Street; Spruce Street; Walnut Street,Subdivision plan showing 3 blocks comprising 99 numbered lots with dimensions and sf. Decorative north arrow and title.,,,"Stevens, Walter C.",,,0-10,1 in = 50 ft,42.365495,-71.167664,1,,1,35 x 21,Survey Plan,Ink on vellum,Discoloration. Edge damage.
,,,,,,,,,,,,,,,,,,29,,,,,,
,,,,,,,,,,,,,,,,,,29,,,,,,
